ID_Intervention,Date_Saisie,ID_Projet,ID_Geo,Filtre_Geo_1,Filtre_Geo_2,ID_Localite,Categorie,Type_Travaux,agent_id
2d473a19,2026-04-06,P2AE,,ATACORA,Natitingou,ATA_Nat_01,Travaux BT,Implantation,agent_01
da8f88c5,2026-04-06,P2AE,,ATACORA,Natitingou,ATA_Nat_02,Travaux BT,Implantation,agent_01
1b267324,2026-04-06,P2AE,,ATACORA,Natitingou,ATA_Nat_04,Travaux BT,Implantation,agent_01
7a28e6ce,2026-04-06,P2AE,,ATACORA,Natitingou,ATA_Nat_05,Travaux BT,Implantation,agent_01
083dfacd,2026-04-06,P2AE,,ATACORA,Natitingou,ATA_Nat_07,Travaux BT,Implantation,agent_01
50277a1e,2026-04-07,P2AE,,ATACORA,Natitingou,ATA_Nat_01,Travaux BT,Implantation,agent_01
3ebb20a6,2026-04-07,P2AE,,ATACORA,Natitingou,ATA_Nat_01,Travaux BT,Implantation,agent_01
14e49a73,2026-04-07,P2AE,,ATACORA,Natitingou,ATA_Nat_13,Travaux BT,Déroulage,agent_01
242b039f,2026-04-07,P2AE,,ATACORA,Natitingou,ATA_Nat_13,Travaux BT,Implantation,agent_01
775ffb39,2026-04-07,P2AE,,ATACORA,Natitingou,ATA_Nat_02,Travaux BT,Déroulage,agent_01
7f4df07d,2026-04-07,P2AE,,ATACORA,Natitingou,ATA_Nat_07,Travaux BT,Implantation,agent_01
e8f8e8a2,2026-04-07,P2AE,,ATACORA,Natitingou,ATA_Nat_03,Travaux BT,Implantation,agent_01
953b194a,2026-04-07,P2AE,,ATACORA,Natitingou,ATA_Nat_03,Travaux BT,Déroulage,agent_01
c90501d2,2026-04-07,P2AE,,ATACORA,Natitingou,ATA_Nat_09,Travaux BT,Implantation,agent_01
4425246e,2026-04-08,P2AE,,ATACORA,Natitingou,ATA_Nat_04,Travaux BT,Implantation,agent_01
1b68479e,2026-04-08,P2AE,,ATACORA,Natitingou,ATA_Nat_12,Travaux BT,Implantation,agent_01
cb85ea8c,2026-04-08,P2AE,,ATACORA,Natitingou,ATA_Nat_08,Travaux BT,Déroulage,agent_01
1d97ac4a,2026-04-08,P2AE,,ATACORA,Natitingou,ATA_Nat_05,Travaux BT,Implantation,agent_01
51d81399,2026-04-08,P2AE,,ATACORA,Natitingou,ATA_Nat_14,Travaux BT,Implantation,agent_01
aec376d5,2026-04-08,P2AE,,ATACORA,Natitingou,ATA_Nat_13,Travaux BT,Implantation,agent_01
07f76866,2026-04-08,P2AE,,ATACORA,Natitingou,ATA_Nat_11,Travaux BT,Implantation,agent_01
e45028df,2026-04-08,P2AE,,ATACORA,Natitingou,ATA_Nat_10,Travaux BT,Déroulage,agent_01
28ef0868,2026-04-08,P2AE,,ATACORA,Natitingou,ATA_Nat_01,Travaux HTA,Implantation,agent_01
17271c32,2026-04-08,P2AE,,ATACORA,Natitingou,ATA_Nat_02,Travaux HTA,Implantation,agent_01
c14c1416,2026-04-08,P2AE,,ATACORA,Natitingou,ATA_Nat_03,Travaux HTA,Implantation,agent_01
db22a638,2026-04-08,P2AE,,ATACORA,Natitingou,ATA_Nat_04,Travaux HTA,Implantation,agent_01
105eac9b,2026-04-08,P2AE,,ATACORA,Natitingou,ATA_Nat_05,Travaux HTA,Implantation,agent_01
b5c365a4,2026-04-08,P2AE,,ATACORA,Natitingou,ATA_Nat_06,Travaux HTA,Implantation,agent_01
6f1a1318,2026-04-08,P2AE,,ATACORA,Natitingou,ATA_Nat_08,Travaux HTA,Implantation,agent_01
f524774b,2026-04-08,P2AE,,ATACORA,Natitingou,ATA_Nat_09,Travaux HTA,Implantation,agent_01
3f51c904,2026-04-08,P2AE,,ATACORA,Natitingou,ATA_Nat_11,Travaux HTA,Implantation,agent_01
3d4ec229,2026-04-08,P2AE,,ATACORA,Natitingou,ATA_Nat_12,Travaux HTA,Implantation,agent_01
caf753a8,2026-04-08,P2AE,,ATACORA,Natitingou,ATA_Nat_14,Travaux HTA,Implantation,agent_01
9815f39b,2026-04-01,P2AE,,BORGOU,N'Dali,BOR_Dal_02,Travaux BT,Implantation,agent_01
2f18444e,2026-04-08,P2AE,,BORGOU,Tchaourou,BOR_Tcha_04,Travaux BT,Implantation,agent_01
cdabe161,2026-04-08,P2AE,,BORGOU,Tchaourou,BOR_Tcha_03,Travaux BT,Implantation,agent_01
687c2d86,2026-04-08,P2AE,,BORGOU,Tchaourou,BOR_Tcha_02,Travaux BT,Implantation,agent_01
feb01a9b,2026-04-08,P2AE,,BORGOU,Tchaourou,BOR_Tcha_01,Travaux BT,Implantation,agent_01
2a92ad9f,2026-04-08,P2AE,,BORGOU,N'Dali,BOR_Dal_02,Travaux BT,Implantation,agent_01
fe944eeb,2026-04-08,P2AE,,BORGOU,N'Dali,BOR_Dal_03,Travaux BT,Implantation,agent_01
3a168a49,2026-04-08,P2AE,,ALIBORI,Kandi,ALI_Kan_01,Travaux BT,Implantation,agent_01
cf577693,2026-04-08,P2AE,,ALIBORI,Kandi,ALI_Kan_02,Travaux BT,Implantation,agent_01
e41b29ca,2026-04-08,P2AE,,ALIBORI,Kandi,ALI_Kan_03,Travaux BT,Implantation,agent_01
058ca1cb,2026-04-08,P2AE,,ALIBORI,Kandi,ALI_Kan_04,Travaux BT,Implantation,agent_01
8c5e34ff,2026-04-08,P2AE,,ALIBORI,Kandi,ALI_Kan_05,Travaux BT,Implantation,agent_01
8e01ecce,2026-04-08,P2AE,,ALIBORI,Kandi,ALI_Kan_06,Travaux BT,Implantation,agent_01
1a63970a,2026-04-08,P2AE,,DONGA,Bassila,DON_Bas_02,Travaux BT,Implantation,agent_01
95032c6e,2026-04-08,P2AE,,DONGA,Djougou,DON_Djo_01,Travaux BT,Implantation,agent_01
6c759c1c,2026-04-08,P2AE,,DONGA,Djougou,DON_Djo_02,Travaux BT,Implantation,agent_01
17d8dea5,2026-04-08,P2AE,,DONGA,Djougou,DON_Djo_03,Travaux BT,Implantation,agent_01
bcf02e5a,2026-04-08,P2AE,,DONGA,Djougou,DON_Djo_04,Travaux BT,Implantation,agent_01
3724a603,2026-04-08,P2AE,,DONGA,Djougou,DON_Djo_05,Travaux BT,Implantation,agent_01
bd76fb09,2026-04-08,P2AE,,DONGA,Djougou,DON_Djo_02,Travaux BT,Implantation,agent_01
e6ffb4a5,2026-04-08,P2AE,,DONGA,Djougou,DON_Djo_01,Travaux BT,Implantation,agent_01
a15ae173,2026-04-08,P2AE,,DONGA,Djougou,DON_Djo_05,Travaux HTA,Implantation,agent_01
1bd6cff0,2026-04-08,P2AE,,DONGA,Djougou,DON_Djo_01,Travaux HTA,Implantation,agent_01
58a3e068,2026-04-08,P2AE,,DONGA,Djougou,DON_Djo_05,Travaux HTA,Implantation,agent_01
f3c52746,2026-04-08,P2AE,,ALIBORI,Gogounou,ALI_Gog_01,Travaux BT,Implantation,agent_01
ca3faaf0,2026-04-08,P2AE,,ALIBORI,Gogounou,ALI_Gog_01,Travaux HTA,Implantation,agent_01
7b94f81b,2026-04-08,P2AE,,ALIBORI,Gogounou,ALI_Gog_02,Travaux BT,Implantation,agent_01
4f150bbc,2026-04-08,P2AE,,ALIBORI,Gogounou,ALI_Gog_03,Travaux HTA,Implantation,agent_01
3022ddc6,2026-04-09,P2AE,,ALIBORI,Gogounou,ALI_Gog_04,Travaux BT,Implantation,agent_01
7a7ae8b3,2026-04-09,P2AE,,ALIBORI,Gogounou,ALI_Gog_04,Travaux HTA,Implantation,agent_01
19fef45c,2026-04-09,P2AE,,ALIBORI,Gogounou,ALI_Gog_05,Travaux HTA,Implantation,agent_01
372daeb2,2026-04-09,P2AE,,BORGOU,Parakou,BOR_Par_02,Travaux BT,Implantation,agent_01
3ae3c70c,2026-04-09,P2AE,,BORGOU,Parakou,BOR_Par_03,Travaux BT,Implantation,agent_01
760ae870,2026-04-09,P2AE,,BORGOU,Parakou,BOR_Par_05,Travaux BT,Implantation,agent_01
93020a6f,2026-04-09,P2AE,,BORGOU,Parakou,BOR_Par_08,Travaux BT,Implantation,agent_01
b3bf192f,2026-04-09,P2AE,,BORGOU,Parakou,BOR_Par_09,Travaux BT,Implantation,agent_01
64af8cbe,2026-04-12,P2AE,,ATACORA,Natitingou,ATA_Nat_02,Travaux BT,Implantation,agent_01
010ec2be,2026-04-12,P2AE,,ATACORA,Natitingou,ATA_Nat_02,Travaux BT,Déroulage,agent_01
d7456196,2026-04-12,P2AE,,ATACORA,Natitingou,ATA_Nat_03,Travaux BT,Déroulage,agent_01
2c6be843,2026-04-12,P2AE,,ATACORA,Natitingou,ATA_Nat_08,Travaux BT,Déroulage,agent_01
434b43199,2026-04-16,P2AE,,ATACORA,Natitingou,ATA_Nat_10,Travaux BT,Déroulage,agent_01
6667e40f,2026-04-12,P2AE,,ATACORA,Natitingou,ATA_Nat_11,Travaux BT,Déroulage,agent_01
e4e5f450,2026-04-12,P2AE,,ATACORA,Natitingou,ATA_Nat_13,Travaux BT,Déroulage,agent_01
8c1b5a31,2026-04-12,P2AE,,ALIBORI,Gogounou,ALI_Gog_01,Travaux BT,Implantation,agent_01
839fac04,2026-04-12,P2AE,,ALIBORI,Gogounou,ALI_Gog_02,Travaux BT,Implantation,agent_01
24859d8e,2026-04-12,P2AE,,ALIBORI,Gogounou,ALI_Gog_03,Travaux BT,Implantation,agent_01
403c2737,2026-04-12,P2AE,,ALIBORI,Gogounou,ALI_Gog_04,Travaux BT,Implantation,agent_01
bdf7bd35,2026-04-12,P2AE,,ALIBORI,Gogounou,ALI_Gog_05,Travaux BT,Implantation,agent_01
624d2908,2026-04-12,P2AE,,ALIBORI,Gogounou,ALI_Gog_05,Travaux HTA,Implantation,agent_01
c4d5697a,2026-04-12,P2AE,,ALIBORI,Kandi,ALI_Kan_01,Travaux BT,Implantation,agent_01
84da2223,2026-04-16,P2AE,,ALIBORI,Kandi,ALI_Kan_02,Travaux BT,Implantation,agent_01
a48ab45d,2026-04-12,P2AE,,ALIBORI,Kandi,ALI_Kan_03,Travaux BT,Implantation,agent_01
e8128633,2026-04-12,P2AE,,ALIBORI,Kandi,ALI_Kan_04,Travaux BT,Implantation,agent_01
377b0659,2026-04-12,P2AE,,ALIBORI,Kandi,ALI_Kan_05,Travaux BT,Implantation,agent_01
c17e7916,2026-04-12,P2AE,,ALIBORI,Kandi,ALI_Kan_06,Travaux HTA,Implantation,agent_01
8c41a835,2026-04-12,P2AE,,ALIBORI,Kandi,ALI_Kan_05,Travaux HTA,Implantation,agent_01
3e90597f,2026-04-16,P2AE,,ALIBORI,Kandi,ALI_Kan_04,Travaux HTA,Implantation,agent_01
c15a622b,2026-04-12,P2AE,,ALIBORI,Kandi,ALI_Kan_02,Travaux HTA,Implantation,agent_01
7ade4781,2026-04-16,P2AE,,ALIBORI,Kandi,ALI_Kan_01,Travaux HTA,Implantation,agent_01
fefea42f,2026-04-12,P2AE,,BORGOU,Parakou,BOR_Par_02,Travaux BT,Implantation,agent_01
70492b47,2026-04-12,P2AE,,BORGOU,Parakou,BOR_Par_03,Travaux BT,Implantation,agent_01
44ccd579,2026-04-16,P2AE,,BORGOU,Parakou,BOR_Par_05,Travaux BT,Implantation,agent_01
6e7e63b8,2026-04-16,P2AE,,BORGOU,Parakou,BOR_Par_06,Travaux BT,Implantation,agent_01
cdd25fa0,2026-04-12,P2AE,,BORGOU,Parakou,BOR_Par_08,Travaux BT,Implantation,agent_01
ea97e352,2026-04-12,P2AE,,BORGOU,Parakou,BOR_Par_09,Travaux BT,Implantation,agent_01
fb9a9de7,2026-04-12,P2AE,,BORGOU,N'Dali,BOR_Dal_02,Travaux BT,Implantation,agent_01
c4affeb6,2026-04-16,P2AE,,BORGOU,N'Dali,BOR_Dal_03,Travaux BT,Implantation,agent_01
2a79ac78,2026-04-16,P2AE,,BORGOU,Tchaourou,BOR_Tcha_01,Travaux BT,Implantation,agent_01
ed95a406,2026-04-16,P2AE,,BORGOU,Tchaourou,BOR_Tcha_02,Travaux BT,Implantation,agent_01
c2e25fae,2026-04-16,P2AE,,BORGOU,Tchaourou,BOR_Tcha_03,Travaux BT,Implantation,agent_01
1c7b614c,2026-04-16,P2AE,,BORGOU,Tchaourou,BOR_Tcha_04,Travaux BT,Implantation,agent_01
5d48aa90,2026-04-12,P2AE,,ATACORA,Natitingou,ATA_Nat_03,Travaux BT,Déroulage,agent_01
be157e91,2026-04-12,P2AE,,DONGA,Djougou,DON_Djo_01,Travaux BT,Implantation,agent_01
99ea5910,2026-04-20,P2AE,,ATACORA,Natitingou,ATA_Nat_07,Travaux BT,Implantation,agent_01
625f3ef7,2026-04-20,P2AE,,ATACORA,Natitingou,ATA_Nat_09,Travaux BT,Implantation,agent_01
a29d217e,2026-04-20,P2AE,,ATACORA,Natitingou,ATA_Nat_10,Travaux BT,Implantation,agent_01
5d0bb348,2026-04-20,P2AE,,ATACORA,Natitingou,ATA_Nat_13,Travaux BT,Implantation,agent_01
dca79f97,2026-04-20,P2AE,,ATACORA,Natitingou,ATA_Nat_08,Travaux BT,Implantation,agent_01
3469de5a,2026-04-20,P2AE,,ATACORA,Natitingou,ATA_Nat_04,Travaux BT,Implantation,agent_01
72f181d9,2026-04-20,P2AE,,ATACORA,Natitingou,ATA_Nat_14,Travaux BT,Implantation,agent_01
082c8f3a,2026-04-20,P2AE,,ATACORA,Natitingou,ATA_Nat_12,Travaux BT,Implantation,agent_01
4d90fb1c,2026-04-20,P2AE,,ATACORA,Natitingou,ATA_Nat_11,Travaux BT,Implantation,agent_01
8296b348,2026-04-20,P2AE,,ATACORA,Natitingou,ATA_Nat_02,Travaux BT,Implantation,agent_01
8727fe1c,2026-04-20,P2AE,,ATACORA,Natitingou,ATA_Nat_01,Travaux BT,Implantation,agent_01
7164e4be,2026-04-20,P2AE,,ATACORA,Natitingou,ATA_Nat_03,Travaux BT,Implantation,agent_01
ab419aa9,2026-04-20,P2AE,,ATACORA,Natitingou,ATA_Nat_08,Travaux HTA,Implantation,agent_01
415c8bfa,2026-04-20,P2AE,,ATACORA,Natitingou,ATA_Nat_14,Travaux HTA,Implantation,agent_01
1e8db950,2026-04-20,P2AE,,ATACORA,Natitingou,ATA_Nat_12,Travaux HTA,Implantation,agent_01
14b7b7c9,2026-04-20,P2AE,,ATACORA,Natitingou,ATA_Nat_11,Travaux HTA,Implantation,agent_01
5bfcb6c1,2026-04-20,P2AE,,ATACORA,Natitingou,ATA_Nat_02,Travaux HTA,Implantation,agent_01
547d36c0,2026-04-20,P2AE,,ATACORA,Natitingou,ATA_Nat_06,Travaux HTA,Implantation,agent_01
056859ad,2026-04-20,P2AE,,ATACORA,Natitingou,ATA_Nat_03,Travaux HTA,Implantation,agent_01
6ac95011,2026-04-20,P2AE,,ATACORA,Natitingou,ATA_Nat_02,Travaux BT,Déroulage,agent_01
f4252500,2026-04-20,P2AE,,ATACORA,Natitingou,ATA_Nat_03,Travaux BT,Déroulage,agent_01
b9a69a4f,2026-04-20,P2AE,,ATACORA,Natitingou,ATA_Nat_08,Travaux BT,Déroulage,agent_01
9f2e7c25,2026-04-20,P2AE,,ATACORA,Natitingou,ATA_Nat_10,Travaux BT,Déroulage,agent_01
ea31d8f6,2026-04-20,P2AE,,ATACORA,Natitingou,ATA_Nat_11,Travaux BT,Déroulage,agent_01
d74003f1,2026-04-20,P2AE,,ATACORA,Natitingou,ATA_Nat_13,Travaux BT,Déroulage,agent_01
2af03758,2026-04-20,P2AE,,DONGA,Bassila,DON_Bas_02,Travaux BT,Implantation,agent_01
260f7b0e,2026-04-20,P2AE,,DONGA,Djougou,DON_Djo_01,Travaux BT,Implantation,agent_01
084a3c81,2026-04-20,P2AE,,DONGA,Djougou,DON_Djo_02,Travaux BT,Implantation,agent_01
f125ecd8,2026-04-20,P2AE,,DONGA,Djougou,DON_Djo_03,Travaux BT,Implantation,agent_01
f15835ae,2026-04-20,P2AE,,DONGA,Djougou,DON_Djo_04,Travaux BT,Implantation,agent_01
51d9f34e,2026-04-20,P2AE,,DONGA,Djougou,DON_Djo_05,Travaux BT,Implantation,agent_01
20ea1ada,2026-04-20,P2AE,,ALIBORI,Gogounou,ALI_Gog_01,Travaux BT,Implantation,agent_01
c6060f4d,2026-04-20,P2AE,,ALIBORI,Gogounou,ALI_Gog_02,Travaux BT,Implantation,agent_01
b2fa79da,2026-04-20,P2AE,,ALIBORI,Gogounou,ALI_Gog_03,Travaux BT,Implantation,agent_01
503a3ac7,2026-04-20,P2AE,,ALIBORI,Gogounou,ALI_Gog_04,Travaux BT,Implantation,agent_01
c3392370,2026-04-20,P2AE,,ALIBORI,Gogounou,ALI_Gog_05,Travaux BT,Implantation,agent_01
713452d1,2026-04-20,,,ALIBORI,Kandi,ALI_Kan_01,Travaux BT,Implantation,agent_01
e11d76ee,2026-04-20,P2AE,,ALIBORI,Kandi,ALI_Kan_02,Travaux BT,Implantation,agent_01
01c7d4de,2026-04-20,P2AE,,ALIBORI,Kandi,ALI_Kan_03,Travaux BT,Implantation,agent_01
d0b6c817,2026-04-20,P2AE,,ALIBORI,Kandi,ALI_Kan_04,Travaux HTA,Implantation,agent_01
9c2054b7,2026-04-20,P2AE,,ALIBORI,Kandi,ALI_Kan_05,Travaux HTA,Implantation,agent_01
8d669a3b,2026-04-20,P2AE,,ALIBORI,Kandi,ALI_Kan_06,Travaux BT,Implantation,agent_01
afa4ba81,2026-04-20,P2AE,,BORGOU,Parakou,BOR_Par_02,Travaux BT,Implantation,agent_01
17b9cbbe,2026-04-20,P2AE,,BORGOU,Parakou,BOR_Par_03,Travaux BT,Implantation,agent_01
87edefa9,2026-04-20,P2AE,,BORGOU,Parakou,BOR_Par_05,Travaux BT,Implantation,agent_01
43231e8e,2026-04-20,P2AE,,BORGOU,Parakou,BOR_Par_06,Travaux BT,Implantation,agent_01
36a5274c,2026-04-20,P2AE,,BORGOU,Parakou,BOR_Par_08,Travaux BT,Implantation,agent_01
dfe19cfe,2026-04-20,P2AE,,BORGOU,Parakou,BOR_Par_09,Travaux BT,Implantation,agent_01
38ac8b2b,2026-04-20,P2AE,,BORGOU,N'Dali,BOR_Dal_02,Travaux BT,Implantation,agent_01
873c5ae1,2026-04-20,P2AE,,BORGOU,N'Dali,BOR_Dal_03,Travaux BT,Implantation,agent_01
d20f1bcc,2026-04-20,P2AE,,BORGOU,Tchaourou,BOR_Tcha_01,Travaux BT,Implantation,agent_01
8693682a,2026-04-20,P2AE,,BORGOU,Tchaourou,BOR_Tcha_02,Travaux BT,Implantation,agent_01
a915af79,2026-04-20,P2AE,,BORGOU,Tchaourou,BOR_Tcha_03,Travaux BT,Implantation,agent_01
6732cf81,2026-04-20,P2AE,,BORGOU,Tchaourou,BOR_Tcha_04,Travaux BT,Implantation,agent_01
e2021d51,2026-04-20,P2AE,,ATACORA,Natitingou,ATA_Nat_01,Travaux HTA,Implantation,agent_01
5ba1ce5a,2026-04-20,P2AE,,ATACORA,Natitingou,ATA_Nat_05,Travaux HTA,Implantation,agent_01
fb3acdff,2026-04-14,P2AE,,ATACORA,Natitingou,ATA_Nat_13,Travaux BT,Déroulage,agent_01
4b66fe52,2026-04-21,P2AE,,ATACORA,Natitingou,ATA_Nat_03,Travaux BT,Déroulage,agent_01
1e7fbe2f,2026-04-22,P2AE,,ATACORA,Natitingou,ATA_Nat_03,Travaux BT,Déroulage,agent_01
f1007ad3,2026-04-23,P2AE,,ATACORA,Natitingou,ATA_Nat_03,Travaux BT,Déroulage,agent_01
2217c211,2026-04-24,P2AE,,ATACORA,Natitingou,ATA_Nat_03,Travaux BT,Déroulage,agent_01
275baf75,2026-04-25,P2AE,,ATACORA,Natitingou,ATA_Nat_03,Travaux BT,Déroulage,agent_01
693d9600,2026-04-27,P2AE,,ALIBORI,Gogounou,ALI_Gog_01,Travaux HTA,Implantation,agent_01
093fdd5c,2026-04-27,P2AE,,ALIBORI,Gogounou,ALI_Gog_01,Travaux BT,Implantation,agent_01
f3bb39c7,2026-04-27,P2AE,,ALIBORI,Gogounou,ALI_Gog_02,Travaux BT,Implantation,agent_01
a898a965,2026-04-27,P2AE,,ALIBORI,Gogounou,ALI_Gog_03,Travaux BT,Implantation,agent_01
57b72f90,2026-04-27,P2AE,,ALIBORI,Gogounou,ALI_Gog_03,Travaux HTA,Implantation,agent_01
d3eb6c03,2026-04-27,P2AE,,ALIBORI,Gogounou,ALI_Gog_04,Travaux HTA,Implantation,agent_01
c4e55511,2026-04-27,P2AE,,ALIBORI,Gogounou,ALI_Gog_04,Travaux HTA,Implantation,agent_01
1907f879,2026-04-27,P2AE,,ALIBORI,Gogounou,ALI_Gog_05,Travaux BT,Implantation,agent_01
72fb80e6,2026-04-27,P2AE,,ALIBORI,Gogounou,ALI_Gog_05,Travaux HTA,Implantation,agent_01
a63f3801,2026-04-27,P2AE,,ALIBORI,Kandi,ALI_Kan_01,Travaux BT,Implantation,agent_01
84a3743d,2026-04-27,P2AE,,ALIBORI,Kandi,ALI_Kan_01,Travaux HTA,Implantation,agent_01
5a1873e3,2026-04-27,P2AE,,ALIBORI,Kandi,ALI_Kan_02,Travaux HTA,Implantation,agent_01
221f8573,2026-04-27,P2AE,,ALIBORI,Kandi,ALI_Kan_03,Travaux HTA,Implantation,agent_01
fb52c557,2026-04-27,P2AE,,ALIBORI,Kandi,ALI_Kan_04,Travaux BT,Implantation,agent_01
d416df19,2026-04-27,P2AE,,ALIBORI,Kandi,ALI_Kan_05,Travaux BT,Implantation,agent_01
d726e9b5,2026-04-27,P2AE,,ALIBORI,Kandi,ALI_Kan_06,Travaux BT,Implantation,agent_01
2ce1b0e9,2026-04-27,P2AE,,BORGOU,Parakou,BOR_Par_02,Travaux BT,Implantation,agent_01
58d97eb6,2026-04-27,P2AE,,BORGOU,Parakou,BOR_Par_03,Travaux BT,Implantation,agent_01
a965298b,2026-04-27,P2AE,,BORGOU,Parakou,BOR_Par_05,Travaux BT,Implantation,agent_01
4e4574ef,2026-04-27,P2AE,,BORGOU,Parakou,BOR_Par_06,Travaux BT,Implantation,agent_01
a813b223,2026-04-27,P2AE,,BORGOU,Parakou,BOR_Par_08,Travaux BT,Implantation,agent_01
634291f4,2026-04-27,P2AE,,BORGOU,Parakou,BOR_Par_09,Travaux BT,Implantation,agent_01
5fbecf94,2026-04-27,P2AE,,BORGOU,N'Dali,BOR_Dal_02,Travaux BT,Implantation,agent_01
f2f580da,2026-04-27,P2AE,,BORGOU,N'Dali,BOR_Dal_03,Travaux BT,Implantation,agent_01
12a0cf11,2026-04-27,P2AE,,BORGOU,Parakou,BOR_Par_08,Travaux HTA,Implantation,agent_01
7ea9a01e,2026-04-27,P2AE,,BORGOU,Tchaourou,BOR_Tcha_01,Travaux HTA,Implantation,agent_01
9fbdc2a3,2026-04-27,P2AE,,BORGOU,Tchaourou,BOR_Tcha_02,Travaux HTA,Implantation,agent_01
e6feae3a,2026-04-27,P2AE,,BORGOU,Tchaourou,BOR_Tcha_04,Travaux BT,Implantation,agent_01
8aed627f,2026-04-27,P2AE,,BORGOU,Tchaourou,BOR_Tcha_03,Travaux BT,Implantation,agent_01
bea40cb8,2026-04-20,P2AE,,ATACORA,Natitingou,ATA_Nat_12,Travaux HTA,Implantation,agent_01
0400db7e,2026-05-04,P2AE,,ALIBORI,Kandi,ALI_Kan_05,Travaux HTA,Implantation,agent_01
634d141c,2026-05-04,P2AE,,ALIBORI,Kandi,ALI_Kan_04,Travaux BT,Implantation,agent_01
592d5380,2026-05-04,P2AE,,ALIBORI,Kandi,ALI_Kan_02,Travaux HTA,Implantation,agent_01
cb13c11a,2026-05-04,P2AE,,ALIBORI,Kandi,ALI_Kan_06,Travaux BT,Déroulage,agent_01
357c4c5e,2026-05-04,P2AE,,ALIBORI,Kandi,ALI_Kan_05,Travaux BT,Déroulage,agent_01
32b488d7,2026-05-04,P2AE,,ALIBORI,Kandi,ALI_Kan_04,Travaux BT,Déroulage,agent_01
e04b5321,2026-05-04,P2AE,,ALIBORI,Kandi,ALI_Kan_04,Travaux HTA,Implantation,agent_01
0cd36aff,2026-05-04,P2AE,,ALIBORI,Kandi,ALI_Kan_02,Travaux HTA,Implantation,agent_01
fcdaa80c,2026-05-04,P2AE,,BORGOU,Parakou,BOR_Par_02,Travaux BT,Implantation,agent_01
12cdb03c,2026-05-04,P2AE,,BORGOU,Parakou,BOR_Par_03,Travaux BT,Implantation,agent_01
6dac4689,2026-05-04,P2AE,,BORGOU,Parakou,BOR_Par_05,Travaux BT,Implantation,agent_01
ff1fd143,2026-05-04,P2AE,,BORGOU,Parakou,BOR_Par_08,Travaux HTA,Implantation,agent_01
ecf482d8,2026-05-04,P2AE,,BORGOU,Parakou,BOR_Par_08,Travaux BT,Implantation,agent_01
ddb98cb5,2026-05-04,P2AE,,BORGOU,Parakou,BOR_Par_09,Travaux BT,Implantation,agent_01
4e24f8d0,2026-05-04,P2AE,,BORGOU,N'Dali,BOR_Dal_02,Travaux BT,Implantation,agent_01
2819acea,2026-05-05,P2AE,,ALIBORI,Kandi,ALI_Kan_02,Travaux BT,Implantation,agent_07
f9c716ac,2026-05-05,P2AE,,ALIBORI,Kandi,ALI_Kan_02,Travaux HTA,Implantation,agent_07
39d99555,2026-05-05,P2AE,,ALIBORI,Kandi,ALI_Kan_01,Travaux BT,Implantation,agent_07
80572dee,2026-05-05,P2AE,,ATACORA,Natitingou,ATA_Nat_03,Travaux BT,Déroulage,agent_02
dc193d2c,2026-05-04,P2AE,,ALIBORI,Kandi,ALI_Kan_04,Travaux BT,Déroulage,agent_07
78ebc200,2026-05-05,P2AE,,ALIBORI,Kandi,ALI_Kan_04,Travaux BT,Déroulage,agent_07
48a54318,2026-05-04,P2AE,,ATACORA,Natitingou,ATA_Nat_03,Travaux BT,Déroulage,agent_02
5d1aaa85,2026-05-04,P2AE,,ATACORA,Natitingou,ATA_Nat_10,Travaux BT,Déroulage,agent_02
9b10b90e,2026-05-06,P2AE,,ATACORA,Natitingou,ATA_Nat_03,Travaux BT,Déroulage,agent_02
6635423c,2026-05-06,P2AE,,ATACORA,Natitingou,ATA_Nat_03,Travaux BT,Déroulage,agent_02
8cc9f393,2026-05-06,P2AE,,ALIBORI,Kandi,ALI_Kan_04,Travaux BT,Déroulage,agent_07
ef88865e,2026-05-07,P2AE,,ATACORA,Natitingou,ATA_Nat_03,Travaux BT,Déroulage,agent_02
384ce808,2026-05-08,P2AE,,ATACORA,Natitingou,ATA_Nat_03,Travaux BT,Déroulage,agent_02
8718fe5b,2026-04-19,P2AE,,ATACORA,Natitingou,ATA_Nat_01,Travaux BT,Implantation,agent_01
3323301c,2026-04-19,P2AE,,ATACORA,Natitingou,ATA_Nat_02,Travaux BT,Implantation,agent_01
4bf5ca1f,2026-05-07,P2AE,,ATACORA,Natitingou,ATA_Nat_03,Travaux BT,Implantation,agent_02
3ff3929d,2026-05-09,P2AE,,ALIBORI,Kandi,ALI_Kan_04,Travaux BT,Déroulage,agent_07
05da09d0,2026-05-09,P2AE,,ALIBORI,Kandi,ALI_Kan_01,Travaux BT,Déroulage,agent_07
cd32c1bb,2026-05-09,P2AE,,ALIBORI,Kandi,ALI_Kan_02,Travaux BT,Implantation,agent_07
c7fe4e95,2026-05-10,P2AE,,ALIBORI,Kandi,ALI_Kan_02,Travaux HTA,Implantation,agent_01
7b4e2abf,2026-05-09,P2AE,,ATACORA,Natitingou,ATA_Nat_01,Travaux HTA,Implantation,agent_01
15d91ae1,2026-05-09,P2AE,,ATACORA,Natitingou,ATA_Nat_04,Travaux BT,Implantation,agent_01
da7ba8c3,2026-05-09,P2AE,,ATACORA,Natitingou,ATA_Nat_03,Travaux BT,Implantation,agent_01
880f133b,2026-05-10,P2AE,,ATACORA,Natitingou,ATA_Nat_05,Travaux BT,Implantation,agent_01
0becf264,2026-05-10,P2AE,,ATACORA,Natitingou,ATA_Nat_07,Travaux BT,Implantation,agent_01
c3e27191,2026-05-10,P2AE,,ATACORA,Natitingou,ATA_Nat_08,Travaux BT,Implantation,agent_01
83252baf,2026-05-10,P2AE,,ATACORA,Natitingou,ATA_Nat_09,Travaux BT,Implantation,agent_01
83359b4a,2026-05-10,P2AE,,ATACORA,Natitingou,ATA_Nat_10,Travaux BT,Implantation,agent_01
df0313d7,2026-05-10,P2AE,,ATACORA,Natitingou,ATA_Nat_11,Travaux BT,Implantation,agent_01
e6b65ed7,2026-05-10,P2AE,,ATACORA,Natitingou,ATA_Nat_12,Travaux BT,Implantation,agent_01
d6e18a84,2026-05-10,P2AE,,ATACORA,Natitingou,ATA_Nat_13,Travaux BT,Implantation,agent_01
484478a7,2026-05-10,P2AE,,ATACORA,Natitingou,ATA_Nat_14,Travaux BT,Implantation,agent_01
3f062f8c,2026-05-09,P2AE,,ATACORA,Natitingou,ATA_Nat_03,Travaux BT,Déroulage,agent_01
a405d023,2026-05-09,P2AE,,ALIBORI,Kandi,ALI_Kan_03,Travaux BT,Implantation,agent_01
01b6b646,2026-05-09,P2AE,,ALIBORI,Kandi,ALI_Kan_05,Travaux BT,Implantation,agent_01
f7cff13d,2026-05-09,P2AE,,ALIBORI,Kandi,ALI_Kan_04,Travaux BT,Implantation,agent_01
71244b93,2026-05-09,P2AE,,ALIBORI,Kandi,ALI_Kan_04,Travaux HTA,Implantation,agent_01
ce223892,2026-05-10,P2AE,,ALIBORI,Kandi,ALI_Kan_05,Travaux HTA,Implantation,agent_01
b36a4f36,2026-05-10,P2AE,,ATACORA,Natitingou,ATA_Nat_06,Travaux BT,Implantation,agent_01
9018b130,2026-05-11,P2AE,,ATACORA,Natitingou,ATA_Nat_14,Travaux BT,Déroulage,agent_02
7881792a,2026-05-16,P2AE,,BORGOU,Parakou,BOR_Par_07,Travaux BT,Implantation,agent_01
2f1c4761,2026-05-09,P2AE,,BORGOU,N'Dali,BOR_Dal_03,Travaux BT,Implantation,agent_01
a89047d1,2026-05-11,P2AE,,ALIBORI,Kandi,ALI_Kan_01,Travaux HTA,Equipement,agent_07
13985b74,2026-05-11,P2AE,,ALIBORI,Kandi,ALI_Kan_01,Travaux BT,Déroulage,agent_07
4adbfda5,2026-05-16,P2AE,,BORGOU,Parakou,BOR_Par_05,Travaux BT,Implantation,agent_01
9ed9c8be,2026-05-12,P2AE,,ATACORA,Natitingou,ATA_Nat_14,Travaux BT,Déroulage,agent_02
2a511004,2026-05-12,P2AE,,ATACORA,Natitingou,ATA_Nat_05,Travaux BT,Déroulage,agent_02
e8064579,2026-05-13,P2AE,,ATACORA,Natitingou,ATA_Nat_05,Travaux BT,Déroulage,agent_02
6293a1ba,2026-05-11,P2AE,,ALIBORI,Kandi,ALI_Kan_01,Travaux HTA,Déroulage,agent_01
d37afac5,2026-05-04,P2AE,,ALIBORI,Kandi,ALI_Kan_02,Travaux HTA,Implantation,agent_01
cb68de89,2026-05-04,P2AE,,ALIBORI,Kandi,ALI_Kan_01,Travaux HTA,Implantation,agent_01
7a326430,2026-05-04,P2AE,,ALIBORI,Kandi,ALI_Kan_03,Travaux HTA,Implantation,agent_01
d1152142,2026-05-04,P2AE,,ALIBORI,Kandi,ALI_Kan_04,Travaux HTA,Implantation,agent_01
3d304998,2026-05-04,P2AE,,ALIBORI,Kandi,ALI_Kan_05,Travaux HTA,Implantation,agent_01
30a5f880,2026-05-04,P2AE,,ALIBORI,Kandi,ALI_Kan_06,Travaux HTA,Implantation,agent_01
e2ecd751,2026-05-14,P2AE,,ALIBORI,Kandi,ALI_Kan_04,Travaux BT,Implantation,agent_07
5935f56b,2026-05-14,P2AE,,ALIBORI,Kandi,ALI_Kan_03,Travaux BT,Implantation,agent_07
d29098c4,2026-05-14,P2AE,,ALIBORI,Kandi,ALI_Kan_03,Travaux HTA,Implantation,agent_07
8ef5b28b,2026-05-14,P2AE,,ALIBORI,Kandi,ALI_Kan_02,Travaux BT,Implantation,agent_07
ba4c6514,2026-05-14,P2AE,,ALIBORI,Kandi,ALI_Kan_02,Travaux HTA,Implantation,agent_07
8ad11393,2026-05-03,P2AE,,ALIBORI,Kandi,ALI_Kan_06,Travaux HTA,Déroulage,agent_01
4891d146,2026-05-12,P2AE,,ALIBORI,Kandi,ALI_Kan_04,Travaux HTA,Déroulage,agent_01
5362045f,2026-05-13,P2AE,,ALIBORI,Kandi,ALI_Kan_04,Travaux HTA,Equipement,agent_01
3fbd384e,2026-05-14,P2AE,,ATACORA,Natitingou,ATA_Nat_05,Travaux BT,Déroulage,agent_02
340da777,2026-05-15,P2AE,,ALIBORI,Kandi,ALI_Kan_05,Travaux HTA,Déroulage,agent_07
b999ac05,2026-05-15,P2AE,,ATACORA,Natitingou,ATA_Nat_05,Travaux BT,Déroulage,agent_02
da5fb747,2026-05-14,P2AE,,ALIBORI,Kandi,ALI_Kan_05,Travaux BT,Déroulage,agent_07
33a075246,2026-05-09,P2AE,,ATACORA,Natitingou,ATA_Nat_03,Travaux BT,Implantation,agent_01
654663ed,2026-05-09,P2AE,,ATACORA,Natitingou,ATA_Nat_04,Travaux BT,Implantation,agent_01
5d3a125d,2026-05-09,P2AE,,ATACORA,Natitingou,ATA_Nat_05,Travaux BT,Implantation,agent_01
e228b190,2026-05-09,P2AE,,BORGOU,Parakou,BOR_Par_07,Travaux BT,Implantation,agent_01
0ce0f8d5,2026-05-09,P2AE,,BORGOU,Parakou,BOR_Par_05,Travaux BT,Implantation,agent_01
ba77de86,2026-05-09,P2AE,,BORGOU,Parakou,BOR_Par_06,Travaux BT,Implantation,agent_01
e1ec77dd,2026-05-09,P2AE,,BORGOU,Parakou,BOR_Par_08,Travaux BT,Implantation,agent_01
e21f6352,2026-05-16,P2AE,,BORGOU,Parakou,BOR_Par_06,Travaux BT,Implantation,agent_01
ee3cfdd1,2026-05-16,P2AE,,BORGOU,Parakou,BOR_Par_07,Travaux HTA,Implantation,agent_01
010b355f,2026-05-19,P2AE,,ALIBORI,Kandi,ALI_Kan_04,Travaux BT,Implantation,agent_07
ce6ec442,2026-05-19,P2AE,,ALIBORI,Kandi,ALI_Kan_02,Travaux BT,Implantation,agent_07
9dbe189a,2026-05-23,P2AE,,ALIBORI,Kandi,ALI_Kan_02,Travaux BT,Equipement,agent_07
2b3561ac,2026-05-23,P2AE,,ALIBORI,Kandi,ALI_Kan_04,Travaux BT,Equipement,agent_07
b02f3cd7,2026-05-26,P2AE,,ATACORA,Natitingou,ATA_Nat_05,Travaux BT,Déroulage,agent_02
964d6479,2026-05-27,P2AE,,ATACORA,Natitingou,ATA_Nat_05,Travaux BT,Déroulage,agent_02
cbdc4229,2026-05-28,P2AE,,ATACORA,Natitingou,ATA_Nat_11,Travaux BT,Déroulage,agent_02
04a8f944,2026-05-28,P2AE,,ATACORA,Natitingou,ATA_Nat_02,Travaux BT,Déroulage,agent_02
9498d806,2026-05-29,P2AE,,ATACORA,Natitingou,ATA_Nat_11,Travaux HTA,Equipement,agent_02
60150f9d,2026-05-30,P2AE,,BORGOU,Parakou,BOR_Par_07,Travaux BT,Implantation,agent_01
P2AE-INT-e356a735,2026-05-30,P2AE,,ALIBORI,Kandi,ALI_Kan_02,Travaux BT,Equipement,agent_07
P2AE-INT-3f422b28,2026-05-30,P2AE,,ALIBORI,Kandi,ALI_Kan_04,Travaux BT,Déroulage,agent_07
P2AE-INT-6ffcf598,2026-06-01,P2AE,,ATACORA,Natitingou,ATA_Nat_11,Travaux HTA,Implantation,agent_02
P2AE-INT-a449b2f2,2026-06-01,P2AE,,ATACORA,Natitingou,ATA_Nat_03,Travaux BT,Déroulage,agent_02
P2AE-INT-a2d5e0b4,2026-04-20,P2AE,,ATACORA,Natitingou,ATA_Nat_11,Travaux HTA,Implantation,agent_01
P2AE-INT-767eace9,2026-06-02,P2AE,,ATACORA,Natitingou,ATA_Nat_11,Travaux HTA,Equipement,agent_02
P2AE-INT-c7e318cd,2026-06-02,P2AE,,ATACORA,Natitingou,ATA_Nat_03,Travaux HTA,Equipement,agent_02
P2AE-INT-7a5d8983,2026-06-03,P2AE,,ATACORA,Natitingou,ATA_Nat_03,Travaux HTA,Déroulage,agent_02
P2AE-INT-e7efdec4,2026-06-03,P2AE,,ATACORA,Natitingou,ATA_Nat_11,Travaux HTA,Déroulage,agent_02
P2AE-INT-0f8d530f,2026-06-03,P2AE,,ATACORA,Natitingou,ATA_Nat_08,Travaux HTA,Equipement,agent_02
P2AE-INT-e043f23c,2026-06-04,P2AE,,ATACORA,Natitingou,ATA_Nat_05,Travaux HTA,Equipement,agent_02
P2AE-INT-e86092ce,2026-06-04,P2AE,,ATACORA,Natitingou,ATA_Nat_05,Travaux HTA,Déroulage,agent_02
P2AE-INT-1605157e,2026-06-04,P2AE,,ATACORA,Natitingou,ATA_Nat_02,Travaux HTA,Déroulage,agent_02
P2AE-INT-2128eae6,2026-06-04,P2AE,,ATACORA,Natitingou,ATA_Nat_03,Travaux BT,Déroulage,agent_02
P2AE-INT-0e0041e2,2026-06-05,P2AE,,ATACORA,Natitingou,ATA_Nat_03,Travaux HTA,Equipement,agent_02
P2AE-INT-482a9d06,2026-06-06,P2AE,,ATACORA,Natitingou,ATA_Nat_05,Travaux BT,Déroulage,agent_02
P2AE-INT-bfcf3f43,2026-06-07,P2AE,,ALIBORI,Kandi,ALI_Kan_02,Travaux HTA,Implantation,agent_07
P2AE-INT-e76b18ec,2026-06-07,P2AE,,ALIBORI,Kandi,ALI_Kan_02,Travaux HTA,Déroulage,agent_07
P2AE-INT-ab2b6701,2026-06-06,P2AE,,BORGOU,Parakou,BOR_Par_07,Travaux HTA,Implantation,agent_01
P2AE-INT-603f39c7,2026-06-06,P2AE,,BORGOU,Parakou,BOR_Par_07,Travaux HTA,Implantation,agent_01
P2AE-INT-b2f776ae,2026-06-08,P2AE,,ATACORA,Natitingou,ATA_Nat_03,Travaux HTA,Déroulage,agent_02
P2AE-INT-fe317a74,2026-06-08,P2AE,,ATACORA,Natitingou,ATA_Nat_05,Travaux BT,Déroulage,agent_02
P2AE-INT-48413fdb,2026-05-30,P2AE,,BORGOU,Parakou,BOR_Par_02,Travaux BT,Implantation,agent_01
P2AE-INT-d640203d,2026-05-30,P2AE,,BORGOU,Parakou,BOR_Par_04,Travaux BT,Implantation,agent_01
P2AE-INT-24ef279a,2026-06-06,P2AE,,BORGOU,Parakou,BOR_Par_07,Travaux BT,Implantation,agent_01
P2AE-INT-afdca3ea,2026-05-30,P2AE,,BORGOU,Parakou,BOR_Par_08,Travaux BT,Implantation,agent_01
P2AE-INT-3b91b957,2026-05-27,P2AE,,BORGOU,Parakou,BOR_Par_04,Travaux BT,Implantation,agent_01
P2AE-INT-2e177b49,2026-05-30,P2AE,,BORGOU,Parakou,BOR_Par_07,Travaux BT,Implantation,agent_01
P2AE-INT-3c6571cb,2026-06-09,P2AE,,ATACORA,Natitingou,ATA_Nat_12,Travaux HTA,Déroulage,agent_02
P2AE-INT-aba879ed,2026-06-09,P2AE,,ATACORA,Natitingou,ATA_Nat_09,Travaux BT,Déroulage,agent_02
P2AE-INT-f73c0453,2026-06-10,P2AE,,ATACORA,Natitingou,ATA_Nat_05,Travaux BT,Déroulage,agent_02
P2AE-INT-d3757d79,2026-06-11,P2AE,,ATACORA,Natitingou,ATA_Nat_09,Travaux BT,Déroulage,agent_02
P2AE-INT-e6177449,2026-06-14,P2AE,,ALIBORI,Kandi,ALI_Kan_03,Travaux BT,Implantation,agent_07
P2AE-INT-93baa489,2026-06-14,P2AE,,ALIBORI,Kandi,ALI_Kan_02,Travaux HTA,Déroulage,agent_07
P2AE-INT-7e8351fb,2026-06-14,P2AE,,ALIBORI,Kandi,ALI_Kan_02,Travaux BT,Déroulage,agent_07
P2AE-INT-b2ff07c6,2026-06-14,P2AE,,ALIBORI,Gogounou,ALI_Gog_05,Travaux BT,Déroulage,agent_07
P2AE-INT-19cbed0a,2026-06-14,P2AE,,ALIBORI,Gogounou,ALI_Gog_04,Travaux BT,Implantation,agent_07
P2AE-INT-071c119c,2026-06-14,P2AE,,ALIBORI,Gogounou,ALI_Gog_04,Travaux HTA,Implantation,agent_07
P2AE-INT-487fc760,2026-06-14,P2AE,,ALIBORI,Gogounou,ALI_Gog_05,Travaux BT,Implantation,agent_07
P2AE-INT-e5b5fba6,2026-06-14,P2AE,,ALIBORI,Kandi,ALI_Kan_02,Travaux BT,Implantation,agent_07
P2AE-INT-df00b070,2026-06-14,P2AE,,ALIBORI,Kandi,ALI_Kan_02,Travaux HTA,Implantation,agent_07
P2AE-INT-e0431992,2026-06-14,P2AE,,ALIBORI,Kandi,ALI_Kan_03,Travaux HTA,Implantation,agent_07
P2AE-INT-95005b14,2026-05-31,P2AE,,ALIBORI,Kandi,ALI_Kan_04,Travaux BT,Implantation,agent_01
P2AE-INT-da05b3a0,2026-05-31,P2AE,,ALIBORI,Kandi,ALI_Kan_05,Travaux BT,Implantation,agent_01
P2AE-INT-85f62f10,2026-05-31,P2AE,,ALIBORI,Kandi,ALI_Kan_03,Travaux BT,Implantation,agent_01
P2AE-INT-74369d54,2026-05-31,P2AE,,ALIBORI,Kandi,ALI_Kan_04,Travaux HTA,Implantation,agent_01
P2AE-INT-b89763f6,2026-05-31,P2AE,,ALIBORI,Kandi,ALI_Kan_05,Travaux HTA,Implantation,agent_01
P2AE-INT-89576c11,2026-06-14,P2AE,,ALIBORI,Kandi,ALI_Kan_03,Travaux HTA,Implantation,agent_01
P2AE-INT-a36d951d,2026-05-31,P2AE,,ALIBORI,Kandi,ALI_Kan_05,Travaux BT,Implantation,agent_01
P2AE-INT-a92dd852,2026-05-31,P2AE,,ALIBORI,Kandi,ALI_Kan_01,Travaux BT,Implantation,agent_01
P2AE-INT-085bd336,2026-05-31,P2AE,,ALIBORI,Gogounou,ALI_Gog_05,Travaux BT,Implantation,agent_01
P2AE-INT-c664761a,2026-05-31,P2AE,,ALIBORI,Gogounou,ALI_Gog_05,Travaux HTA,Implantation,agent_01
P2AE-INT-8f8b4bf4,2026-05-31,P2AE,,ALIBORI,Kandi,ALI_Kan_01,Travaux BT,Implantation,agent_01
P2AE-INT-a9f41c68,2026-05-31,P2AE,,ALIBORI,Kandi,ALI_Kan_03,Travaux BT,Implantation,agent_01
P2AE-INT-db7e72d4,2026-05-31,P2AE,,ALIBORI,Kandi,ALI_Kan_04,Travaux BT,Implantation,agent_01
P2AE-INT-79ab33bb,2026-05-31,P2AE,,ALIBORI,Kandi,ALI_Kan_05,Travaux BT,Implantation,agent_01
P2AE-INT-c9c5b7a4,2026-06-14,P2AE,,BORGOU,Parakou,BOR_Par_04,Travaux BT,Implantation,agent_07
P2AE-INT-d2fdbe43,2026-06-14,P2AE,,BORGOU,Parakou,BOR_Par_07,Travaux BT,Implantation,agent_07
P2AE-INT-17edf266,2026-06-14,P2AE,,BORGOU,Parakou,BOR_Par_09,Travaux BT,Implantation,agent_07
P2AE-INT-d1979ac1,2026-06-15,P2AE,,ATACORA,Natitingou,ATA_Nat_09,Travaux BT,Déroulage,agent_02
P2AE-INT-37e406ea,2026-06-15,P2AE,,ATACORA,Natitingou,ATA_Nat_04,Travaux BT,Déroulage,agent_02
P2AE-INT-d59131a6,2026-06-15,P2AE,,ATACORA,Natitingou,ATA_Nat_11,Travaux HTA,Equipement,agent_02
P2AE-INT-6eaac226,2026-06-14,P2AE,,BORGOU,Parakou,BOR_Par_07,Travaux HTA,Implantation,agent_07
P2AE-INT-c4674d2d,2026-06-14,P2AE,,BORGOU,Parakou,BOR_Par_09,Travaux HTA,Implantation,agent_07
P2AE-INT-b35f5fc0,2026-05-31,P2AE,,ATACORA,Natitingou,ATA_Nat_12,Travaux HTA,Implantation,agent_01
P2AE-INT-53078c73,2026-05-31,P2AE,,ATACORA,Natitingou,ATA_Nat_12,Travaux BT,Implantation,agent_01
P2AE-INT-fcf75b5a,2026-05-31,P2AE,,ATACORA,Natitingou,ATA_Nat_08,Travaux HTA,Implantation,agent_01
P2AE-INT-d9296afc,2026-05-31,P2AE,,ATACORA,Natitingou,ATA_Nat_08,Travaux BT,Implantation,agent_01
P2AE-INT-2be52a36,2026-05-31,P2AE,,ATACORA,Natitingou,ATA_Nat_05,Travaux HTA,Implantation,agent_01
P2AE-INT-61e7415a,2026-05-31,P2AE,,ATACORA,Natitingou,ATA_Nat_05,Travaux BT,Implantation,agent_01
P2AE-INT-5b6361a1,2026-05-31,P2AE,,ATACORA,Natitingou,ATA_Nat_06,Travaux HTA,Implantation,agent_01
P2AE-INT-3cf0e58e,2026-05-31,P2AE,,ATACORA,Natitingou,ATA_Nat_06,Travaux BT,Implantation,agent_01
P2AE-INT-2a9300aa,2026-05-31,P2AE,,ATACORA,Natitingou,ATA_Nat_14,Travaux HTA,Implantation,agent_01
P2AE-INT-d88b1481,2026-05-31,P2AE,,ATACORA,Natitingou,ATA_Nat_14,Travaux BT,Implantation,agent_01
P2AE-INT-258cadba,2026-05-31,P2AE,,ATACORA,Natitingou,ATA_Nat_11,Travaux HTA,Implantation,agent_01
P2AE-INT-35e41a03,2026-05-31,P2AE,,ATACORA,Natitingou,ATA_Nat_02,Travaux HTA,Implantation,agent_01
P2AE-INT-68b5f1d6,2026-05-31,P2AE,,ATACORA,Natitingou,ATA_Nat_02,Travaux BT,Implantation,agent_01
P2AE-INT-f173d1a2,2026-05-31,P2AE,,ATACORA,Natitingou,ATA_Nat_03,Travaux HTA,Implantation,agent_01
P2AE-INT-db74d79b,2026-05-31,P2AE,,ATACORA,Natitingou,ATA_Nat_03,Travaux BT,Implantation,agent_01
P2AE-INT-3a722fcc,2026-05-31,P2AE,,ATACORA,Natitingou,ATA_Nat_11,Travaux BT,Implantation,agent_01
P2AE-INT-145f4e9e,2026-06-16,P2AE,,ATACORA,Natitingou,ATA_Nat_04,Travaux BT,Déroulage,agent_02
P2AE-INT-3275f12f,2026-06-16,P2AE,,ATACORA,Natitingou,ATA_Nat_02,Travaux HTA,Equipement,agent_02
P2AE-INT-4ea341ad,2026-06-16,P2AE,,ATACORA,Natitingou,ATA_Nat_03,Travaux HTA,Equipement,agent_02
P2AE-INT-4692da95,2026-06-17,P2AE,,ATACORA,Natitingou,ATA_Nat_03,Travaux HTA,Equipement,agent_02
P2AE-INT-c3ea3420,2026-06-18,P2AE,,ATACORA,Natitingou,ATA_Nat_05,Travaux HTA,Equipement,agent_02
P2AE-INT-b819966f,2026-06-19,P2AE,,ATACORA,Natitingou,ATA_Nat_12,Travaux HTA,Equipement,agent_02
P2AE-INT-e5e9d604,2026-06-19,P2AE,,ATACORA,Natitingou,ATA_Nat_04,Travaux BT,Déroulage,agent_02
P2AE-INT-2c58c6ad,2026-06-21,P2AE,,ALIBORI,Gogounou,ALI_Gog_05,Travaux BT,Déroulage,agent_04
P2AE-INT-4439ae48,2026-06-21,P2AE,,ALIBORI,Gogounou,ALI_Gog_04,Travaux BT,Déroulage,agent_07
P2AE-INT-2f83500e,2026-06-21,P2AE,,BORGOU,Parakou,BOR_Par_04,Travaux BT,Implantation,agent_01
P2AE-INT-fac0c9e2,2026-06-21,P2AE,,BORGOU,Parakou,BOR_Par_07,Travaux BT,Implantation,agent_01
P2AE-INT-bba1b09d,2026-06-21,P2AE,,BORGOU,Parakou,BOR_Par_09,Travaux BT,Implantation,agent_01
P2AE-INT-bdc5d9c4,2026-06-21,P2AE,,BORGOU,N'Dali,BOR_Dal_02,Travaux BT,Implantation,agent_01
P2AE-INT-2c11eb74,2026-06-21,P2AE,,BORGOU,Parakou,BOR_Par_07,Travaux HTA,Implantation,agent_01
P2AE-INT-f7776d91,2026-06-23,P2AE,,ATACORA,Natitingou,ATA_Nat_01,Travaux BT,Déroulage,agent_02
P2AE-INT-a477df2e,2026-06-24,P2AE,,ATACORA,Natitingou,ATA_Nat_01,Travaux BT,Déroulage,agent_02
P2AE-INT-c5373a5d,2026-06-25,P2AE,,ATACORA,Natitingou,ATA_Nat_01,Travaux BT,Déroulage,agent_02
P2AE-INT-9df6c883,2026-06-26,P2AE,,BORGOU,Parakou,BOR_Par_05,Travaux HTA,Implantation,agent_01
P2AE-INT-910e925e,2026-06-27,P2AE,,ATACORA,Natitingou,ATA_Nat_01,Travaux BT,Déroulage,agent_02
P2AE-INT-e1ec6810,2026-06-27,P2AE,,ALIBORI,Gogounou,ALI_Gog_04,Travaux BT,Déroulage,agent_04
P2AE-INT-270700da,2026-06-29,P2AE,,ATACORA,Natitingou,ATA_Nat_07,Travaux BT,Déroulage,agent_02
P2AE-INT-770ce835,2026-05-09,P2AE,,ATACORA,Natitingou,ATA_Nat_14,Travaux BT,Déroulage,agent_02
P2AE-INT-be108056,2026-07-01,P2AE,,ATACORA,Natitingou,ATA_Nat_07,Travaux BT,Déroulage,agent_02
P2AE-INT-b29e6e51,2026-07-01,P2AE,,BORGOU,Parakou,BOR_Par_04,Travaux HTA,Implantation,agent_01
P2AE-INT-588fa75a,2026-07-02,P2AE,,ATACORA,Natitingou,ATA_Nat_06,Travaux BT,Déroulage,agent_02
P2AE-INT-994bc61c,2026-07-03,P2AE,,BORGOU,Parakou,BOR_Par_06,Travaux BT,Implantation,agent_01
P2AE-INT-ec1fab18,2026-07-02,P2AE,,BORGOU,Parakou,BOR_Par_06,Travaux BT,Implantation,agent_07
P2AE-INT-f41b2d58,2026-07-02,P2AE,,BORGOU,Parakou,BOR_Par_04,Travaux BT,Implantation,agent_07
P2AE-INT-ba4de335,2026-07-02,P2AE,,BORGOU,Parakou,BOR_Par_04,Travaux HTA,Implantation,agent_07
P2AE-INT-f357e36f,2026-07-04,P2AE,,ATACORA,Natitingou,ATA_Nat_06,Travaux BT,Déroulage,agent_02
P2AE-INT-d8a65a6a,2026-05-30,P2AE,,BORGOU,Parakou,BOR_Par_08,Travaux HTA,Implantation,agent_01
P2AE-INT-a68d1e08,2026-07-04,P2AE,,BORGOU,Parakou,BOR_Par_06,Travaux HTA,Implantation,agent_07
P2AE-INT-79a8a2b6,2026-07-04,P2AE,,BORGOU,Parakou,BOR_Par_06,Travaux BT,Implantation,agent_07
P2AE-INT-c2a72b43,2026-06-27,P2AE,,ALIBORI,Gogounou,ALI_Gog_05,Travaux BT,Déroulage,agent_04
P2AE-INT-1f4f6139,2026-07-04,P2AE,,ALIBORI,Gogounou,ALI_Gog_04,Travaux BT,Implantation,agent_04
P2AE-INT-80755125,2026-07-04,P2AE,,ALIBORI,Gogounou,ALI_Gog_05,Travaux BT,Implantation,agent_04
P2AE-INT-ddafcaad,2026-07-04,P2AE,,BORGOU,Parakou,BOR_Par_07,Travaux BT,Implantation,agent_07
P2AE-INT-15396266,2026-07-04,P2AE,,BORGOU,Parakou,BOR_Par_06,Travaux BT,Implantation,agent_07
P2AE-INT-751fbeed,2026-07-06,P2AE,,ATACORA,Natitingou,ATA_Nat_06,Travaux BT,Déroulage,agent_02
P2AE-INT-c277e8ff,2026-07-07,P2AE,,ATACORA,Natitingou,ATA_Nat_06,Travaux BT,Déroulage,agent_02
P2AE-INT-98eafe4c,2026-07-08,P2AE,,ATACORA,Natitingou,ATA_Nat_06,Travaux BT,Déroulage,agent_02
P2AE-INT-870ce805,2026-07-09,P2AE,,ATACORA,Natitingou,ATA_Nat_05,Travaux HTA,Equipement,agent_07
P2AE-INT-08d27cab,2026-07-09,P2AE,,ATACORA,Natitingou,ATA_Nat_03,Travaux HTA,Equipement,agent_07
P2AE-INT-2b3de211,2026-07-09,P2AE,,ATACORA,Natitingou,ATA_Nat_02,Travaux HTA,Equipement,agent_07
P2AE-INT-be9ccf5b,2026-07-09,P2AE,,ATACORA,Natitingou,ATA_Nat_06,Travaux HTA,Equipement,agent_07
P2AE-INT-301ac9d7,2026-07-12,P2AE,,BORGOU,Parakou,BOR_Par_08,Travaux BT,Déroulage,agent_07
P2AE-INT-a72a1489,2026-07-12,P2AE,,BORGOU,Parakou,BOR_Par_08,Travaux BT,Implantation,agent_07
P2AE-INT-f2f69f6c,2026-07-12,P2AE,,BORGOU,Parakou,BOR_Par_08,Travaux HTA,Implantation,agent_07
P2AE-INT-0f58e1bb,2026-07-12,P2AE,,BORGOU,Parakou,BOR_Par_07,Travaux BT,Implantation,agent_07
P2AE-INT-413fa501,2026-07-12,P2AE,,BORGOU,Parakou,BOR_Par_07,Travaux HTA,Implantation,agent_07
P2AE-INT-c3c93f20,2026-07-12,P2AE,,BORGOU,Parakou,BOR_Par_02,Travaux BT,Implantation,agent_07
P2AE-INT-a3f2e6f9,2026-07-12,P2AE,,BORGOU,N'Dali,BOR_Dal_03,Travaux BT,Implantation,agent_07
P2AE-INT-1ddc2844,2026-07-09,P2AE,,ATACORA,Natitingou,ATA_Nat_06,Travaux HTA,Déroulage,agent_07
P2AE-INT-28d73f07,2026-07-11,P2AE,,ATACORA,Natitingou,ATA_Nat_06,Travaux HTA,Déroulage,agent_07
P2AE-INT-4aa32f39,2026-07-11,P2AE,,ATACORA,Natitingou,ATA_Nat_06,Travaux HTA,Equipement,agent_07
P2AE-INT-3b51716a,2026-07-11,P2AE,,ATACORA,Natitingou,ATA_Nat_11,Travaux BT,Equipement,agent_07
P2AE-INT-bb136210,2026-07-11,P2AE,,ATACORA,Natitingou,ATA_Nat_11,Travaux HTA,Equipement,agent_07
P2AE-INT-4b6fb534,2026-07-11,P2AE,,ATACORA,Natitingou,ATA_Nat_03,Travaux HTA,Equipement,agent_07
P2AE-INT-58bd6ab0,2026-07-11,P2AE,,ATACORA,Natitingou,ATA_Nat_12,Travaux HTA,Equipement,agent_07
P2AE-INT-adb3d579,2026-07-11,P2AE,,ALIBORI,Gogounou,ALI_Gog_04,Travaux BT,Déroulage,agent_04
P2AE-INT-3648a4d0,2026-07-11,P2AE,,ALIBORI,Gogounou,ALI_Gog_05,Travaux BT,Déroulage,agent_04
P2AE-INT-7749bda3,2026-07-11,P2AE,,DONGA,Bassila,DON_Bas_02,Travaux BT,Déroulage,agent_01
P2AE-INT-1542ff5a,2026-07-11,P2AE,,DONGA,Bassila,DON_Bas_02,Travaux BT,Implantation,agent_01
P2AE-INT-a84f4f45,2026-07-11,P2AE,,DONGA,Bassila,DON_Bas_02,Travaux HTA,Implantation,agent_01
P2AE-INT-8f64d785,2026-07-11,P2AE,,DONGA,Bassila,DON_Bas_01,Travaux BT,Implantation,agent_01
P2AE-INT-7a43e980,2026-07-13,P2AE,,BORGOU,N'Dali,BOR_Dal_01,Travaux BT,Implantation,agent_01
P2AE-INT-9afed8e7,2026-07-13,P2AE,,BORGOU,N'Dali,BOR_Dal_01,Travaux HTA,Implantation,agent_01
P2AE-INT-7c2bba61,2026-07-13,P2AE,,ATACORA,Natitingou,ATA_Nat_11,Travaux BT,Equipement,agent_01
P2AE-INT-b6b97223,2026-07-13,P2AE,,ATACORA,Natitingou,ATA_Nat_14,Travaux HTA,Déroulage,agent_01
P2AE-INT-d30c41a0,2026-07-15,P2AE,,BORGOU,Parakou,BOR_Par_04,Travaux BT,Implantation,agent_01
P2AE-INT-629399c8,2026-07-14,P2AE,,ATACORA,Natitingou,ATA_Nat_11,Travaux BT,Equipement,agent_07
P2AE-INT-e69f4b30,2026-07-15,P2AE,,ATACORA,Natitingou,ATA_Nat_11,Travaux BT,Equipement,agent_07
P2AE-INT-251fe76b,2026-07-15,P2AE,,ATACORA,Natitingou,ATA_Nat_02,Travaux BT,Equipement,agent_07
P2AE-INT-f1da82c8,2026-07-16,P2AE,,ATACORA,Natitingou,ATA_Nat_03,Travaux HTA,Implantation,agent_07
P2AE-INT-688714c8,2026-07-16,P2AE,,ATACORA,Natitingou,ATA_Nat_03,Travaux BT,Implantation,agent_07
P2AE-INT-ced3dfe2,2026-07-16,P2AE,,ATACORA,Natitingou,ATA_Nat_02,Travaux BT,Equipement,agent_07
P2AE-INT-5bbf100e,2026-07-17,P2AE,,ATACORA,Natitingou,ATA_Nat_03,Travaux HTA,Déroulage,agent_07
P2AE-INT-f6cde47d,2026-07-17,P2AE,,ATACORA,Natitingou,ATA_Nat_04,Travaux HTA,Implantation,agent_07
P2AE-INT-88038bff,2026-07-18,P2AE,,ATACORA,Natitingou,ATA_Nat_04,Travaux BT,Implantation,agent_07
P2AE-INT-1c4bb5f3,2026-07-18,P2AE,,ATACORA,Natitingou,ATA_Nat_04,Travaux BT,Implantation,agent_07
P2AE-INT-9d6651e8,2026-07-18,P2AE,,ATACORA,Natitingou,ATA_Nat_03,Travaux HTA,Déroulage,agent_01
P2AE-INT-c69aabee,2026-07-18,P2AE,,BORGOU,Parakou,BOR_Par_08,Travaux BT,Implantation,agent_01
P2AE-INT-f7857d69,2026-07-18,P2AE,,BORGOU,Parakou,BOR_Par_03,Travaux BT,Déroulage,agent_01
P2AE-INT-9f72b724,2026-07-18,P2AE,,BORGOU,Parakou,BOR_Par_03,Travaux HTA,Implantation,agent_01
P2AE-INT-b698b6cc,2026-07-18,P2AE,,BORGOU,Tchaourou,BOR_Tcha_04,Travaux BT,Déroulage,agent_01
P2AE-INT-8c51c433,2026-07-18,P2AE,,BORGOU,Tchaourou,BOR_Tcha_01,Travaux BT,Implantation,agent_01
P2AE-INT-662d5cab,2026-07-18,P2AE,,BORGOU,Tchaourou,BOR_Tcha_02,Travaux BT,Implantation,agent_01
P2AE-INT-1f92204c,2026-07-18,P2AE,,BORGOU,N'Dali,BOR_Dal_01,Travaux BT,Implantation,agent_01
P2AE-INT-fbb0142d,2026-07-18,P2AE,,BORGOU,Parakou,BOR_Par_04,Travaux BT,Implantation,agent_01
P2AE-INT-876dce4e,2026-07-18,P2AE,,DONGA,Bassila,DON_Bas_01,Travaux BT,Implantation,agent_01
P2AE-INT-25fcfd4d,2026-07-18,P2AE,,DONGA,Bassila,DON_Bas_02,Travaux BT,Déroulage,agent_01
P2AE-INT-5f553a0c,2026-07-18,P2AE,,DONGA,Bassila,DON_Bas_03,Travaux BT,Implantation,agent_01
P2AE-INT-e9eecd19,2026-07-18,P2AE,,DONGA,Bassila,DON_Bas_04,Travaux BT,Implantation,agent_01
P2AE-INT-c0a68b03,2026-07-18,P2AE,,DONGA,Djougou,DON_Djo_01,Travaux BT,Déroulage,agent_01
P2AE-INT-dd66b388,2026-07-18,P2AE,,ALIBORI,Gogounou,ALI_Gog_05,Travaux BT,Déroulage,agent_01
P2AE-INT-8a172616,2026-07-18,P2AE,,ALIBORI,Gogounou,ALI_Gog_05,Travaux HTA,Equipement,agent_01
P2AE-INT-b7f6aa72,2026-07-18,P2AE,,ALIBORI,Gogounou,ALI_Gog_04,Travaux BT,Implantation,agent_01
P2AE-INT-79e6c0ca,2026-07-23,P2AE,,BORGOU,Parakou,BOR_Par_01,Travaux BT,Implantation,agent_01
P2AE-INT-50ef3fa0,2026-07-25,P2AE,,BORGOU,Parakou,BOR_Par_01,Travaux BT,Implantation,agent_01
P2AE-INT-42971635,2026-07-25,P2AE,,BORGOU,Parakou,BOR_Par_03,Travaux HTA,Implantation,agent_01
P2AE-INT-98768547,2026-07-26,P2AE,,BORGOU,Parakou,BOR_Par_05,Travaux HTA,Implantation,agent_07
P2AE-INT-888aceac,2026-07-26,P2AE,,BORGOU,Parakou,BOR_Par_02,Travaux BT,Implantation,agent_07
P2AE-INT-3328a353,2026-07-26,P2AE,,BORGOU,Parakou,BOR_Par_04,Travaux BT,Implantation,agent_07
P2AE-INT-774c2c43,2026-07-26,P2AE,,BORGOU,Parakou,BOR_Par_01,Travaux BT,Implantation,agent_07
P2AE-INT-e28e0669,2026-07-26,P2AE,,BORGOU,Parakou,BOR_Par_08,Travaux HTA,Déroulage,agent_07
P2AE-INT-f477cca0,2026-07-26,P2AE,,BORGOU,Parakou,BOR_Par_03,Travaux HTA,Déroulage,agent_07
P2AE-INT-6b2eba92,2026-07-01,P2AE,,ALIBORI,Gogounou,ALI_Gog_04,Travaux BT,Implantation,agent_07
P2AE-INT-46127ca1,2026-07-01,P2AE,,ALIBORI,Gogounou,ALI_Gog_05,Travaux BT,Implantation,agent_07
P2AE-INT-62eaadf7,2026-07-01,P2AE,,ALIBORI,Kandi,ALI_Kan_02,Travaux BT,Implantation,agent_07
P2AE-INT-a7cd933a,2026-07-01,P2AE,,ALIBORI,Kandi,ALI_Kan_03,Travaux BT,Implantation,agent_07
P2AE-INT-14c071a8,2026-07-01,P2AE,,ALIBORI,Kandi,ALI_Kan_04,Travaux HTA,Implantation,agent_07
P2AE-INT-21b4a478,2026-07-25,P2AE,,ALIBORI,Gogounou,ALI_Gog_05,Travaux HTA,Equipement,agent_04
P2AE-INT-e010c1b8,2026-07-25,P2AE,,ALIBORI,Gogounou,ALI_Gog_04,Travaux HTA,Equipement,agent_04
P2AE-INT-20ceeb6c,2026-07-28,P2AE,,BORGOU,Parakou,BOR_Par_05,Travaux BT,Implantation,agent_01
P2AE-INT-49303d39,2026-07-28,P2AE,,BORGOU,Parakou,BOR_Par_04,Travaux HTA,Implantation,agent_01
P2AE-INT-cb8de198,2026-07-24,P2AE,,DONGA,Bassila,DON_Bas_02,Travaux BT,Implantation,agent_01
P2AE-INT-03a22bc1,2026-07-24,P2AE,,DONGA,Djougou,DON_Djo_01,Travaux HTA,Implantation,agent_01
P2AE-INT-7c85446b,2026-07-19,P2AE,,ATACORA,Natitingou,ATA_Nat_01,Travaux HTA,Implantation,agent_01
P2AE-INT-00fe8a6b,2026-07-19,P2AE,,ATACORA,Natitingou,ATA_Nat_03,Travaux HTA,Implantation,agent_01
P2AE-INT-cf375989,2026-07-19,P2AE,,ATACORA,Natitingou,ATA_Nat_14,Travaux BT,Implantation,agent_01
P2AE-INT-c9664941,2026-07-24,P2AE,,BORGOU,Parakou,BOR_Par_04,Travaux HTA,Implantation,agent_01
P2AE-INT-1956af92,2026-07-24,P2AE,,BORGOU,Tchaourou,BOR_Tcha_01,Travaux BT,Implantation,agent_01
P2AE-INT-19a1b1b0,2026-07-25,P2AE,,DONGA,Djougou,DON_Djo_01,Travaux BT,Implantation,agent_01
P2AE-INT-ab7890f3,2026-07-24,P2AE,,DONGA,Djougou,DON_Djo_01,Travaux BT,Implantation,agent_07
P2AE-INT-7d76860f,2026-07-25,P2AE,,DONGA,Ouaké,DON_Oua_04,Travaux BT,Implantation,agent_07
P2AE-INT-a4bc1449,2026-07-25,P2AE,,DONGA,Ouaké,DON_Oua_03,Travaux BT,Implantation,agent_07
P2AE-INT-b0bed2c6,2026-07-25,P2AE,,DONGA,Ouaké,DON_Oua_02,Travaux BT,Implantation,agent_07
P2AE-INT-45e236c7,2026-07-25,P2AE,,DONGA,Ouaké,DON_Oua_01,Travaux BT,Implantation,agent_07
P2AE-INT-b63cc1dd,2026-07-25,P2AE,,ATACORA,Natitingou,ATA_Nat_07,Travaux HTA,Implantation,agent_01
P2AE-INT-194a2771,2026-07-25,P2AE,,ATACORA,Natitingou,ATA_Nat_03,Travaux HTA,Implantation,agent_01
P2AE-INT-3ffef83d,2026-07-25,P2AE,,ATACORA,Natitingou,ATA_Nat_04,Travaux HTA,Implantation,agent_01
P2AE-INT-9028f4d8,2026-07-25,P2AE,,ATACORA,Natitingou,ATA_Nat_12,Travaux BT,Implantation,agent_01
P2AE-INT-c0a4b626,2026-07-25,P2AE,,ATACORA,Natitingou,ATA_Nat_14,Travaux HTA,Implantation,agent_01
P2AE-INT-651849f8,2026-07-25,P2AE,,ATACORA,Natitingou,ATA_Nat_03,Travaux BT,Déroulage,agent_01
P2AE-INT-c51944d7,2026-07-25,P2AE,,ATACORA,Natitingou,ATA_Nat_04,Travaux HTA,Déroulage,agent_01
P2AE-INT-8b57755d,2026-07-27,P2AE,,ATACORA,Natitingou,ATA_Nat_05,Travaux BT,Implantation,agent_01
P2AE-INT-7bedab05,2026-07-27,P2AE,,ATACORA,Natitingou,ATA_Nat_11,Travaux BT,Implantation,agent_01
P2AE-INT-c8b43a1d,2026-07-27,P2AE,,ATACORA,Natitingou,ATA_Nat_03,Travaux BT,Déroulage,agent_01
P2AE-INT-38e97c89,2026-07-28,P2AE,,ATACORA,Natitingou,ATA_Nat_03,Travaux BT,Implantation,agent_01
P2AE-INT-65ca90d2,2026-07-28,P2AE,,ATACORA,Natitingou,ATA_Nat_04,Travaux BT,Implantation,agent_01
P2AE-INT-8dffc34b,2026-07-29,P2AE,,ATACORA,Natitingou,ATA_Nat_05,Travaux BT,Déroulage,agent_01
P2AE-INT-fd486ceb,2026-07-30,P2AE,,ATACORA,Natitingou,ATA_Nat_05,Travaux BT,Déroulage,agent_01
P2AE-INT-2a1889d2,2026-07-30,P2AE,,ATACORA,Natitingou,ATA_Nat_04,Travaux BT,Déroulage,agent_01
P2AE-INT-090611c1,2026-07-30,P2AE,,ATACORA,Natitingou,ATA_Nat_13,Travaux BT,Equipement,agent_01
P2AE-INT-bb6f7171,2026-07-31,P2AE,,ATACORA,Natitingou,ATA_Nat_05,Travaux BT,Implantation,agent_01
P2AE-INT-a1109581,2026-07-31,P2AE,,ATACORA,Natitingou,ATA_Nat_04,Travaux BT,Déroulage,agent_01
P2AE-INT-acff09ef,2026-08-01,P2AE,,BORGOU,Parakou,BOR_Par_01,Travaux BT,Implantation,agent_07
P2AE-INT-99b85065,2026-08-01,P2AE,,BORGOU,Tchaourou,BOR_Tcha_03,Travaux BT,Implantation,agent_07
P2AE-INT-b6f05a3d,2026-08-01,P2AE,,BORGOU,Parakou,BOR_Par_04,Travaux HTA,Implantation,agent_07
P2AE-INT-9bc859be,2026-08-01,P2AE,,BORGOU,Parakou,BOR_Par_06,Travaux HTA,Implantation,agent_07
P2AE-INT-91e045b1,2026-08-01,P2AE,,BORGOU,Tchaourou,BOR_Tcha_03,Travaux BT,Déroulage,agent_07
P2AE-INT-ae04c01b,2026-07-24,P2AE,,ATACORA,Natitingou,ATA_Nat_03,Travaux HTA,Implantation,agent_01
P2AE-INT-5cbca10b,2026-07-24,P2AE,,ATACORA,Natitingou,ATA_Nat_01,Travaux BT,Implantation,agent_01
P2AE-INT-5c5a0e40,2026-07-24,P2AE,,ATACORA,Natitingou,ATA_Nat_14,Travaux BT,Implantation,agent_01
P2AE-INT-e1977f06,2026-08-01,P2AE,,ATACORA,Natitingou,ATA_Nat_05,Travaux BT,Déroulage,agent_01
P2AE-INT-10f1a98f,2026-08-02,P2AE,,ATACORA,Natitingou,ATA_Nat_12,Travaux HTA,Implantation,agent_01
P2AE-INT-2247040a,2026-08-01,P2AE,,DONGA,Ouaké,DON_Oua_04,Travaux BT,Implantation,agent_01
P2AE-INT-534ac321,2026-08-01,P2AE,,DONGA,Ouaké,DON_Oua_03,Travaux BT,Implantation,agent_01
P2AE-INT-81a29572,2026-08-01,P2AE,,DONGA,Djougou,DON_Djo_01,Travaux HTA,Implantation,agent_01
P2AE-INT-0ce9277c,2026-08-01,P2AE,,DONGA,Bassila,DON_Bas_01,Travaux BT,Implantation,agent_01
P2AE-INT-b7d6cb5b,2026-08-01,P2AE,,DONGA,Bassila,DON_Bas_02,Travaux HTA,Implantation,agent_01
P2AE-INT-3e158e21,2026-08-01,P2AE,,DONGA,Djougou,DON_Djo_01,Travaux HTA,Implantation,agent_01
P2AE-INT-d21ba072,2026-08-01,P2AE,,DONGA,Ouaké,DON_Oua_04,Travaux BT,Implantation,agent_01
P2AE-INT-9d7b7058,2026-08-02,P2AE,,DONGA,Ouaké,DON_Oua_02,Travaux BT,Implantation,agent_01
P2AE-INT-7a8ea13f,2026-08-02,P2AE,,ALIBORI,Gogounou,ALI_Gog_04,Travaux BT,Implantation,agent_01
P2AE-INT-d57adecd,2026-08-02,P2AE,,DONGA,Bassila,DON_Bas_02,Travaux HTA,Implantation,agent_01
P2AE-INT-3c9a390f,2026-08-02,P2AE,,DONGA,Ouaké,DON_Oua_03,Travaux BT,Implantation,agent_01
P2AE-INT-e800a0b0,2026-08-02,P2AE,,ALIBORI,Gogounou,ALI_Gog_05,Travaux BT,Implantation,agent_01
P2AE-INT-61ac84ef,2026-08-02,P2AE,,BORGOU,Parakou,BOR_Par_08,Travaux BT,Implantation,agent_01
P2AE-INT-a179d2aa,2026-08-02,P2AE,,BORGOU,Parakou,BOR_Par_03,Travaux BT,Implantation,agent_01
P2AE-INT-acdc900f,2026-08-02,P2AE,a9ef7a981,BORGOU,Parakou,BOR_Par_09,Travaux BT,Implantation,agent_01
P2AE-INT-2f10bf7e,2026-08-01,P2AE,,BORGOU,Parakou,BOR_Par_04,Travaux BT,Implantation,agent_01
P2AE-INT-89a7dd5b,2026-08-01,P2AE,,BORGOU,Parakou,BOR_Par_06,Travaux HTA,Implantation,agent_01
P2AE-INT-77c5f55d,2026-08-02,P2AE,,BORGOU,Parakou,BOR_Par_06,Travaux BT,Implantation,agent_01
P2AE-INT-cb726c99,2026-08-05,P2AE,f64fbc641,ATACORA,Natitingou,ATA_Nat_10,Travaux BT,Equipement,agent_01
P2AE-INT-ad12d351,2026-08-05,P2AE,f64fbc641,ATACORA,Natitingou,ATA_Nat_13,Travaux BT,Equipement,agent_01
P2AE-INT-ed238182,2026-07-21,P2AE,c3a68e3f1,ALIBORI,Gogounou,ALI_Gog_04,Travaux BT,Equipement,agent_01
P2AE-INT-86a4fbfa,2026-07-21,P2AE,c3a68e3f1,ALIBORI,Gogounou,ALI_Gog_05,Travaux BT,Equipement,agent_01
P2AE-INT-53b1fe17,2026-07-21,P2AE,2ec17c4d1,ALIBORI,Kandi,ALI_Kan_02,Travaux BT,Equipement,agent_01
P2AE-INT-9ad4a22a,2026-07-21,P2AE,2ec17c4d1,ALIBORI,Kandi,ALI_Kan_04,Travaux BT,Equipement,agent_01
P2AE-INT-182608d2,2026-07-21,P2AE,2ec17c4d1,ALIBORI,Kandi,ALI_Kan_01,Travaux BT,Equipement,agent_01
P2AE-INT-abfd65d7,2026-08-06,P2AE,,ATACORA,Natitingou,ATA_Nat_01,Travaux BT,Implantation,agent_02
P2AE-INT-f723f4ec,2026-08-06,P2AE,a9ef7a981,BORGOU,Parakou,BOR_Par_04,Travaux BT,Implantation,agent_01
P2AE-INT-6e603b22,2026-08-06,P2AE,a9ef7a981,BORGOU,Parakou,BOR_Par_05,Travaux HTA,Implantation,agent_01
P2AE-INT-8b88b602,2026-08-06,P2AE,a9ef7a981,BORGOU,Parakou,BOR_Par_02,Travaux BT,Implantation,agent_01
P2AE-INT-cd7691c0,2026-08-06,P2AE,a9ef7a981,BORGOU,Parakou,BOR_Par_09,Travaux HTA,Implantation,agent_01
P2AE-INT-d86c7f27,2026-08-06,P2AE,215bc1671,DONGA,Djougou,DON_Djo_01,Travaux HTA,Implantation,agent_01
P2AE-INT-5192f4b4,2026-08-06,P2AE,526229bb1,DONGA,Bassila,DON_Bas_01,Travaux HTA,Implantation,agent_01
P2AE-INT-8c450fe0,2026-08-06,P2AE,526229bb1,DONGA,Bassila,DON_Bas_03,Travaux BT,Implantation,agent_01
P2AE-INT-703d00e4,2026-08-01,P2AE,a9ef7a981,BORGOU,Parakou,BOR_Par_08,Travaux HTA,Equipement,agent_01
P2AE-INT-e989dad0,2026-08-01,P2AE,a9ef7a981,BORGOU,Parakou,BOR_Par_03,Travaux HTA,Equipement,agent_01
P2AE-INT-6ffd3f8d,2026-08-07,P2AE,f64fbc641,ATACORA,Natitingou,ATA_Nat_13,Travaux BT,Equipement,agent_02
P2AE-INT-9c557446,2026-08-08,P2AE,f64fbc641,ATACORA,Natitingou,ATA_Nat_10,Travaux BT,Equipement,agent_02
P2AE-INT-dcc901cc,2026-08-09,P2AE,a9ef7a981,BORGOU,Parakou,BOR_Par_04,Travaux HTA,Implantation,agent_07
P2AE-INT-0f177d2d,2026-08-09,P2AE,a9ef7a981,BORGOU,Parakou,BOR_Par_08,Travaux BT,Déroulage,agent_07
P2AE-INT-bcd5b057,2026-08-09,P2AE,a9ef7a981,BORGOU,Parakou,BOR_Par_09,Travaux HTA,Implantation,agent_07
P2AE-INT-a0755146,2026-08-09,P2AE,c3a68e3f1,ALIBORI,Gogounou,ALI_Gog_03,Travaux BT,Implantation,agent_07
P2AE-INT-c13d78ad,2026-08-09,P2AE,9c6af0a41,DONGA,Ouaké,DON_Oua_04,Travaux BT,Implantation,agent_07
P2AE-INT-af271126,2026-08-09,P2AE,9c6af0a41,DONGA,Ouaké,DON_Oua_03,Travaux BT,Implantation,agent_07
P2AE-INT-61cd9cb6,2026-08-10,P2AE,f64fbc641,ATACORA,Natitingou,ATA_Nat_01,Travaux HTA,Equipement,agent_02
P2AE-INT-34fdffec,2026-08-10,P2AE,f64fbc641,ATACORA,Natitingou,ATA_Nat_01,Travaux HTA,Déroulage,agent_02
P2AE-INT-b7757d7f,2026-08-10,P2AE,f64fbc641,ATACORA,Natitingou,ATA_Nat_03,Travaux BT,Déroulage,agent_02
P2AE-INT-f4175d8a,2026-08-10,P2AE,f64fbc641,ATACORA,Natitingou,ATA_Nat_10,Travaux BT,Equipement,agent_02
P2AE-INT-b311ea5c,2026-08-10,P2AE,f64fbc641,ATACORA,Natitingou,ATA_Nat_12,Travaux HTA,Implantation,agent_02
P2AE-INT-c66aa883,2026-08-11,P2AE,f64fbc641,ATACORA,Natitingou,ATA_Nat_05,Travaux BT,Implantation,agent_07
P2AE-INT-98cc639e,2026-08-11,P2AE,f64fbc641,ATACORA,Natitingou,ATA_Nat_07,Travaux HTA,Implantation,agent_07
P2AE-INT-6f250713,2026-08-11,P2AE,f64fbc641,ATACORA,Natitingou,ATA_Nat_02,Travaux HTA,Implantation,agent_07
P2AE-INT-8127343a,2026-08-11,P2AE,f64fbc641,ATACORA,Natitingou,ATA_Nat_02,Travaux HTA,Implantation,agent_07
P2AE-INT-7169c602,2026-08-11,P2AE,f64fbc641,ATACORA,Natitingou,ATA_Nat_04,Travaux HTA,Implantation,agent_07
P2AE-INT-3f0687d2,2026-08-12,P2AE,f64fbc641,ATACORA,Natitingou,ATA_Nat_11,Travaux BT,Equipement,agent_07
P2AE-INT-0b1e1b56,2026-08-12,P2AE,f64fbc641,ATACORA,Natitingou,ATA_Nat_03,Travaux BT,Implantation,agent_07
P2AE-INT-1a5ab013,2026-08-12,P2AE,f64fbc641,ATACORA,Natitingou,ATA_Nat_09,Travaux BT,Implantation,agent_07
P2AE-INT-0dcf5df5,2026-08-12,P2AE,f64fbc641,ATACORA,Natitingou,ATA_Nat_05,Travaux BT,Implantation,agent_07
P2AE-INT-1543be51,2026-08-13,P2AE,f64fbc641,ATACORA,Natitingou,ATA_Nat_03,Travaux BT,Equipement,agent_01
P2AE-INT-e5756e20,2026-08-13,P2AE,f64fbc641,ATACORA,Natitingou,ATA_Nat_11,Travaux BT,Equipement,agent_01
P2AE-INT-d574e3bb,2026-08-12,P2AE,f64fbc641,ATACORA,Natitingou,ATA_Nat_01,Travaux HTA,Déroulage,agent_01
P2AE-INT-28c8bd14,2026-08-13,P2AE,f64fbc641,ATACORA,Natitingou,ATA_Nat_01,Travaux HTA,Déroulage,agent_01
P2AE-INT-516d9513,2026-08-02,P2AE,a9ef7a981,BORGOU,Parakou,BOR_Par_05,Travaux BT,Implantation,agent_01
P2AE-INT-cd5e6a3e,2026-08-14,P2AE,f64fbc641,ATACORA,Natitingou,ATA_Nat_08,Travaux HTA,Déroulage,agent_07
P2AE-INT-ee22de79,2026-08-14,P2AE,f64fbc641,ATACORA,Natitingou,ATA_Nat_12,Travaux BT,Déroulage,agent_07
P2AE-INT-9dceb5b5,2026-08-15,P2AE,f64fbc641,ATACORA,Natitingou,ATA_Nat_12,Travaux BT,Equipement,agent_07
P2AE-INT-99540c4a,2026-08-15,P2AE,29ef61f51,BORGOU,N'Dali,BOR_Dal_02,Travaux HTA,Implantation,agent_07
P2AE-INT-01ecf346,2026-08-15,P2AE,a9ef7a981,BORGOU,Parakou,BOR_Par_07,Travaux HTA,Implantation,agent_07
P2AE-INT-6ef36aed,2026-08-15,P2AE,29ef61f51,BORGOU,N'Dali,BOR_Dal_03,Travaux BT,Implantation,agent_07
P2AE-INT-ffe06ee0,2026-08-16,P2AE,c3a68e3f1,ALIBORI,Gogounou,ALI_Gog_01,Travaux HTA,Déroulage,agent_07
P2AE-INT-319909bc,2026-08-17,P2AE,f64fbc641,ATACORA,Natitingou,ATA_Nat_02,Travaux BT,Equipement,agent_01
P2AE-INT-bd90b1eb,2026-08-18,P2AE,f64fbc641,ATACORA,Natitingou,ATA_Nat_06,Travaux HTA,Implantation,agent_01
P2AE-INT-bb51f6cd,2026-08-15,P2AE,215bc1671,DONGA,Djougou,DON_Djo_01,Travaux HTA,Implantation,agent_07
P2AE-INT-953100bf,2026-08-15,P2AE,215bc1671,DONGA,Djougou,DON_Djo_05,Travaux HTA,Implantation,agent_07
P2AE-INT-eb76d3e5,2026-08-15,P2AE,215bc1671,DONGA,Djougou,DON_Djo_04,Travaux HTA,Implantation,agent_07
P2AE-INT-239ef2d3,2026-08-15,P2AE,9c6af0a41,DONGA,Ouaké,DON_Oua_04,Travaux HTA,Implantation,agent_07
P2AE-INT-374bd5b4,2026-08-15,P2AE,9c6af0a41,DONGA,Ouaké,DON_Oua_03,Travaux HTA,Implantation,agent_07
P2AE-INT-3d3a4f84,2026-08-15,P2AE,9c6af0a41,DONGA,Ouaké,DON_Oua_02,Travaux HTA,Implantation,agent_07
P2AE-INT-61ac2ccd,2026-08-15,P2AE,215bc1671,DONGA,Djougou,DON_Oua_01,Travaux BT,Implantation,agent_07
P2AE-INT-507af9bc,2026-08-19,P2AE,f64fbc641,ATACORA,Natitingou,ATA_Nat_02,Travaux HTA,Déroulage,agent_01
P2AE-INT-5134363e,2026-08-20,P2AE,f64fbc641,ATACORA,Natitingou,ATA_Nat_06,Travaux HTA,Déroulage,agent_07
P2AE-INT-8464fab9,2026-08-17,P2AE,f64fbc641,ATACORA,Natitingou,ATA_Nat_02,Travaux HTA,Equipement,agent_07
P2AE-INT-7c3ab1f3,2026-08-21,P2AE,f64fbc641,ATACORA,Natitingou,ATA_Nat_04,Travaux BT,Déroulage,agent_07
P2AE-INT-c430c1a6,2026-08-21,P2AE,f64fbc641,ATACORA,Natitingou,ATA_Nat_10,Travaux BT,Equipement,agent_07
P2AE-INT-1feabdfc,2026-08-22,P2AE,f64fbc641,ATACORA,Natitingou,ATA_Nat_03,Travaux HTA,Déroulage,agent_07
P2AE-INT-e9229c4b,2026-08-22,P2AE,f64fbc641,ATACORA,Natitingou,ATA_Nat_04,Travaux HTA,Implantation,agent_07
P2AE-INT-1d53587f,2026-08-11,P2AE,f64fbc641,ATACORA,Natitingou,ATA_Nat_08,Travaux HTA,Equipement,agent_07
P2AE-INT-dd301979,2026-08-22,P2AE,c3a68e3f1,ALIBORI,Gogounou,ALI_Gog_01,Travaux HTA,Implantation,agent_07
P2AE-INT-a1180159,2026-08-22,P2AE,a9ef7a981,BORGOU,Parakou,BOR_Par_02,Travaux HTA,Implantation,agent_07
P2AE-INT-02db8d7b,2026-08-22,P2AE,a9ef7a981,BORGOU,Parakou,BOR_Par_07,Travaux BT,Implantation,agent_07
P2AE-INT-6a122d66,2026-08-22,P2AE,a9ef7a981,BORGOU,Parakou,BOR_Par_04,Travaux BT,Implantation,agent_07
P2AE-INT-3bdc2d47,2026-08-22,P2AE,a9ef7a981,BORGOU,Parakou,BOR_Par_08,Travaux HTA,Equipement,agent_07
P2AE-INT-32e7b2cc,2026-08-22,P2AE,a9ef7a981,BORGOU,Parakou,BOR_Par_09,Travaux BT,Implantation,agent_07
P2AE-INT-37204b56,2026-08-22,P2AE,526229bb1,DONGA,Bassila,DON_Bas_01,Travaux BT,Implantation,agent_07
P2AE-INT-03d61851,2026-08-22,P2AE,526229bb1,DONGA,Bassila,DON_Bas_04,Travaux BT,Implantation,agent_07
P2AE-INT-b3903feb,2026-08-22,P2AE,526229bb1,DONGA,Bassila,DON_Bas_03,Travaux BT,Implantation,agent_07
P2AE-INT-5c565b79,2026-08-22,P2AE,9c6af0a41,DONGA,Ouaké,DON_Oua_04,Travaux BT,Implantation,agent_07
P2AE-INT-af21ce59,2026-08-22,P2AE,9c6af0a41,DONGA,Ouaké,DON_Oua_02,Travaux BT,Implantation,agent_07
P2AE-INT-80b23a0a,2026-08-22,P2AE,9c6af0a41,DONGA,Ouaké,DON_Oua_01,Travaux BT,Implantation,agent_07
P2AE-INT-4877c19a,2026-08-22,P2AE,215bc1671,DONGA,Djougou,DON_Djo_04,Travaux HTA,Equipement,agent_07
P2AE-INT-b74dad4a,2026-08-22,P2AE,215bc1671,DONGA,Djougou,DON_Djo_01,Travaux HTA,Equipement,agent_07
P2AE-INT-d313f8df,2026-08-22,P2AE,526229bb1,DONGA,Bassila,DON_Bas_02,Travaux HTA,Equipement,agent_07
