ID_Photo,ID_Journal_Lien,Photo,Commentaire
34eadb4e,1ed8725f,Photos_Chantier_Images/34eadb4e.Photo.204919.jpg,
8d3da5fb,1ed8725f,Photos_Chantier_Images/8d3da5fb.Photo.204931.jpg,
ee21f70f,6d90eae4,Photos_Chantier_Images/ee21f70f.Photo.151428.jpg,2 agents LRA réglant le conducteur
3d9e3cfc,6d90eae4,Photos_Chantier_Images/3d9e3cfc.Photo.154640.jpg,
98c51f56,ef21fcc4,Photos_Chantier_Images/98c51f56.Photo.145351.jpg,Fouille pour PBA 9C800
f0395a55,ef21fcc4,Photos_Chantier_Images/f0395a55.Photo.150114.jpg,Fouille pour PBA 9A200
5874784e,ef21fcc4,Photos_Chantier_Images/5874784e.Photo.151422.jpg,Fouille pour PBA 13C800 sur un sol latérite
0f84a900,53cfb492,Photos_Chantier_Images/0f84a900.Photo.093607.jpg,"1 Touret Câble HTA de 54,6"
88942e4e,53cfb492,Photos_Chantier_Images/88942e4e.Photo.093618.jpg,"2 Tourets de Câble U1000 de 2x2,5"
ddcfb9c3,53cfb492,Photos_Chantier_Images/ddcfb9c3.Photo.093631.jpg,"2 Tourest de Câbles cuivre nu de 29,3"
8677ab4d,129a0e64,,
618f3011,2c2e4291,Photos_Chantier_Images/618f3011.Photo.091759.jpg,
9e018f30,4e20c796,Photos_Chantier_Images/9e018f30.Photo.095015.jpg,
90a9a083,4e20c796,Photos_Chantier_Images/90a9a083.Photo.095029.jpg,IACM posé
4ea3e3aa,4e20c796,Photos_Chantier_Images/4ea3e3aa.Photo.095041.jpg,Support tfo
4f61988e,489fdcb9,Photos_Chantier_Images/4f61988e.Photo.095845.jpg,IACM posé
11d1b7b5,a6f9afc3,Photos_Chantier_Images/11d1b7b5.Photo.100706.jpg,Fouille pour PBA 9C650
e3e61434,27e09a49,Photos_Chantier_Images/e3e61434.Photo.100724.jpg,Fouille pour PBA 13C1250
42d3acdf,b9500264,Photos_Chantier_Images/42d3acdf.Photo.153409.jpg,
e01a2e0f,b9500264,Photos_Chantier_Images/e01a2e0f.Photo.153424.jpg,
P2AE-Jrl-a2f1ff11-cd3e704b,P2AE-Jrl-a2f1ff11,Photos_Chantier_Images/P2AE-Jrl-a2f1ff11-cd3e704b.Photo.103331.jpg,
P2AE-Jrl-fbaa0f56-32685f7a,P2AE-Jrl-fbaa0f56,Photos_Chantier_Images/P2AE-Jrl-fbaa0f56-32685f7a.Photo.100114.jpg,EP placé
P2AE-Jrl-c81f7b16-412d386b,P2AE-Jrl-c81f7b16,Photos_Chantier_Images/P2AE-Jrl-c81f7b16-412d386b.Photo.111040.jpg,Maison supplombé par HTA
P2AE-Jrl-09681bce-3d1fce98,P2AE-Jrl-09681bce,Photos_Chantier_Images/P2AE-Jrl-09681bce-3d1fce98.Photo.134930.jpg,Bornes non galvanisée
P2AE-Jrl-1981a239-e0882757,P2AE-Jrl-1981a239,Photos_Chantier_Images/P2AE-Jrl-1981a239-e0882757.Photo.140559.jpg,Touret de câble HTA
P2AE-Jrl-e3ae189f-ab1e4f55,P2AE-Jrl-e3ae189f,Photos_Chantier_Images/P2AE-Jrl-e3ae189f-ab1e4f55.Photo.105756.jpg,
P2AE-Jrl-6825fe1d-709c792c,P2AE-Jrl-6825fe1d,Photos_Chantier_Images/P2AE-Jrl-6825fe1d-709c792c.Photo.230333.jpg,
P2AE-Jrl-6825fe1d-d6f057ff,P2AE-Jrl-6825fe1d,Photos_Chantier_Images/P2AE-Jrl-6825fe1d-d6f057ff.Photo.230345.jpg,
P2AE-Jrl-c496407c-f0294798,P2AE-Jrl-c496407c,Photos_Chantier_Images/P2AE-Jrl-c496407c-f0294798.Photo.200225.jpg,
P2AE-Jrl-c496407c-fe947e1b,P2AE-Jrl-c496407c,Photos_Chantier_Images/P2AE-Jrl-c496407c-fe947e1b.Photo.200235.jpg,
P2AE-Jrl-c496407c-71e0f537,P2AE-Jrl-c496407c,Photos_Chantier_Images/P2AE-Jrl-c496407c-71e0f537.Photo.200247.jpg,
