ID_Top_Localite,Rang,ID_Localite,Departement,Commune,Localite,Avancement_HTA_%,Avancement_BT_%,Avancement,Statut
058e9b6b,1,ATA_Nat_10,ATACORA,Natitingou,Yokossi,0.0,1.0,1.0,Terminé
46cfa5e8,2,ATA_Nat_13,ATACORA,Natitingou,Sountchirantikou,0.0,1.0,1.0,Terminé
e290eae0,3,ATA_Nat_02,ATACORA,Natitingou,Winkè,0.889191644,1.0,0.9514659401,En Cours
cd39f596,4,ALI_Gog_05,ALIBORI,Gogounou,Sori-Kpankpanrou,0.8711230417,0.8345533451,0.8505708722,En Cours
d6344559,5,ATA_Nat_11,ATACORA,Natitingou,Tchrimina,0.852209721,0.7714233495,0.8068077802,En Cours
50dc41e9,6,ATA_Nat_03,ATACORA,Natitingou,Yimporima,0.9098978462,0.7243668495,0.805629426,En Cours
fabf33ef,7,BOR_Par_08,BORGOU,Parakou,Kpérou-Guéra,0.8323201793,0.7564570068,0.7896850764,En Cours
f64fbc64,8,ALI_Gog_01,ALIBORI,Gogounou,Wara,0.7684455946,0.7989102865,0.7855667514,En Cours
c3a68e3f,9,ATA_Nat_05,ATACORA,Natitingou,Ouroubouga,0.9555555556,0.6254582108,0.7700408478,En Cours
2ec17c4d,10,ATA_Nat_08,ATACORA,Natitingou,Ouroubonna,0.7666166617,0.7724075612,0.7698711472,En Cours
215bc167,11,BOR_Par_03,BORGOU,Parakou,Zongo,0.7132485,0.7379232555,0.7271157126,En Cours
9c6af0a4,12,ALI_Gog_04,ALIBORI,Gogounou,Sori-Borowanrou,0.6946392414,0.7451119473,0.7230049021,En Cours
526229bb,13,ALI_Kan_02,ALIBORI,Kandi,Albarika,0.5608872316,0.7697729633,0.6782810128,En Cours
a9ef7a98,14,ALI_Kan_04,ALIBORI,Kandi,Ganssoso-Gbiga,0.40566715,0.8619554336,0.6621011654,En Cours
29ef61f5,15,ATA_Nat_04,ATACORA,Natitingou,Kantaborifa,0.63258144,0.684456513,0.661735231,En Cours
e9e0a228,16,ALI_Kan_05,ALIBORI,Kandi,Soundou,0.548079244,0.738404086,0.6550418052,En Cours
630f857d,17,ATA_Nat_01,ATACORA,Natitingou,Kotopounga,0.6358348835,0.6057180363,0.6189092154,En Cours
51dc5a38,18,ALI_Kan_01,ALIBORI,Kandi,Kandi-fô,0.4420000929,0.6233781358,0.543934553,En Cours
8e5b4946,19,DON_Bas_02,DONGA,Bassila,Oké-Igboélé,0.3421095356,0.621095516,0.4988996566,En Cours
21f494d7,20,ATA_Nat_06,ATACORA,Natitingou,Perma-centre,0.4075859694,0.5628892945,0.4948664381,En Cours
a4424df9,21,ATA_Nat_12,ATACORA,Natitingou,Kantchagoutamou,0.4622829854,0.5011965704,0.4841524202,En Cours
8ae558c8,22,ALI_Kan_06,ALIBORI,Kandi,Fafa,0.2510427207,0.5757784997,0.4335442285,En Cours
151ada8c,23,BOR_Tcha_04,BORGOU,Tchaourou,Barérou,0.0,0.7279136135,0.4090874508,En Cours
fbe8f696,24,ATA_Nat_14,ATACORA,Natitingou,Sossouna,0.2352306659,0.5389179346,0.4059029109,En Cours
009f1a3d,25,BOR_Dal_03,BORGOU,N'Dali,Komiguéa,0.0,0.401468944,0.401468944,En Cours
f06cfc0b,26,BOR_Par_05,BORGOU,Parakou,Bahmora,0.3153315332,0.462892929,0.3982610376,En Cours
e621b25e,27,BOR_Tcha_01,BORGOU,Tchaourou,Kpakpanin,0.08850243313,0.6392236721,0.3980077694,En Cours
2d473a19,28,DON_Djo_01,DONGA,Djougou,Founga,0.2173177318,0.5330352316,0.3947509667,En Cours
da8f88c5,29,DON_Djo_04,DONGA,Djougou,Nagatchori,0.3277772222,0.4448055194,0.3935471252,En Cours
5091c6e0,30,BOR_Dal_02,BORGOU,N'Dali,Tounré,0.3273250993,0.4438489944,0.3928115283,En Cours
1b267324,31,ATA_Nat_07,ATACORA,Natitingou,Boriyouré,0.200020002,0.521237374,0.3805441651,En Cours
7a28e6ce,32,BOR_Par_07,BORGOU,Parakou,Thian,0.2675420035,0.4411733311,0.3651228096,En Cours
729bbcaf,33,BOR_Tcha_03,BORGOU,Tchaourou,Kpessou,0.0,0.6418248485,0.3607055649,En Cours
083dfacd,34,BOR_Par_04,BORGOU,Parakou,Guerma,0.2442619262,0.4425419821,0.3556953176,En Cours
50277a1e,35,ATA_Nat_09,ATACORA,Natitingou,Dassakaté,0.02664266427,0.6011415052,0.3495110129,En Cours
3ebb20a6,36,BOR_Tcha_02,BORGOU,Tchaourou,Sakana-Kpéba,0.02399250914,0.5875012499,0.3406844214,En Cours
14e49a73,37,BOR_Par_06,BORGOU,Parakou,Bawé,0.1537101079,0.4666533347,0.3295842013,En Cours
6c40d136,38,BOR_Par_02,BORGOU,Parakou,Banikani-Rose-croix,0.2125212521,0.420076657,0.3291673896,En Cours
242b039f,39,BOR_Par_09,BORGOU,Parakou,Okédama,0.1898763925,0.437416669,0.3289940279,En Cours
775ffb39,40,DON_Bas_01,DONGA,Bassila,Partago,0.2250225023,0.3636595052,0.3029364979,En Cours
7f4df07d,41,DON_Djo_05,DONGA,Djougou,Danogou,0.021881129,0.4610538946,0.2686962233,En Cours
e8f8e8a2,42,BOR_Dal_01,BORGOU,N'Dali,Yankoï,0.06217243449,0.4272483863,0.2673451194,En Cours
953b194a,43,DON_Djo_03,DONGA,Djougou,Vanhoui,0.0,0.4252915618,0.2390138577,En Cours
c90501d2,44,ALI_Kan_03,ALIBORI,Kandi,Kéféré-Senté,0.211306845,0.2537890596,0.2351818496,En Cours
4425246e,45,DON_Oua_03,DONGA,Ouaké,Itchodè,0.1200120012,0.3165615489,0.230472847,En Cours
1b68479e,46,DON_Oua_02,DONGA,Ouaké,Komtcha,0.05455090964,0.343681848,0.217042497,En Cours
cb85ea8c,47,DON_Bas_04,DONGA,Bassila,Tchimbéri,0.0,0.3766409073,0.2116721899,En Cours
1d97ac4a,48,BOR_Par_01,BORGOU,Parakou,Assagbinin-Baka,0.03074153569,0.3397160284,0.2043852006,En Cours
51d81399,49,ALI_Gog_02,ALIBORI,Gogounou,Bagou-Sinkparou,0.0,0.332079755,0.1866288223,En Cours
f44df385,50,ALI_Gog_03,ALIBORI,Gogounou,Bagou-Yankpanou,0.07197752742,0.272273716,0.1845439854,En Cours
2c9bad34,51,DON_Oua_04,DONGA,Ouaké,Talina,0.057148572,0.2510791453,0.1661375542,En Cours
6f531d60,52,DON_Oua_01,DONGA,Ouaké,Bohomdo,0.0214307145,0.2661532989,0.1589648069,En Cours
e2b7b307,53,DON_Djo_02,DONGA,Djougou,Alfa-Kpara,0.0,0.2780214936,0.1562480794,En Cours
4de0fea1,54,DON_Bas_03,DONGA,Bassila,Akaradè,0.0,0.1973716563,0.1109228708,En Cours
c6dc8cba,55,DON_Oua_05,DONGA,Ouaké,Trouncare Bas,0.0,0.0,0.0,Non Démarré
