ID_Objectif,ID_Projet,ID_Geo,Nom_Geo_1,Nom_Geo_2,ID_Localite,ID_Tache,Designation,Quantite_Prevue,ID_Materiel
1494a260,P2AE,,ATACORA,Natitingou,ATA_Nat_01,P2AE_PBA_BT,PBA 11C650,2.0,29ef61f5
add9a08b,P2AE,,ATACORA,Natitingou,ATA_Nat_01,P2AE_PBA_BT,PBA 9A200,80.0,2ec17c4d
f7e22a73,P2AE,,ATACORA,Natitingou,ATA_Nat_01,P2AE_PBA_BT,PBA 9A650,59.0,215ac167
9daac817,P2AE,,ATACORA,Natitingou,ATA_Nat_01,P2AE_PBA_BT,PBA 9C650,16.0,9c6af0a4
d32b7c73,P2AE,,ATACORA,Natitingou,ATA_Nat_01,P2AE_PBA_BT,PBA 9C800,1.0,526229bb
7ca220cf,P2AE,,ATACORA,Natitingou,ATA_Nat_01,P2AE_PBA_HTA,PBA 11A1250,1.0,058e9b6a
f25d8a31,P2AE,,ATACORA,Natitingou,ATA_Nat_01,P2AE_PBA_HTA,PBA 12A800,1.0,46cfa5f8
f44df385,P2AE,,ATACORA,Natitingou,ATA_Nat_01,P2AE_PBA_HTA,PBA 13A400,16.0,cd39f595
2c9bad34,P2AE,,ATACORA,Natitingou,ATA_Nat_01,P2AE_PBA_HTA,PBA 13C800,13.0,d6344558
6f531d60,P2AE,,ATACORA,Natitingou,ATA_Nat_01,P2AE_Cable_HTA,ASTER 54mm²,330.0,e9e0a228
e2b7b307,P2AE,,ATACORA,Natitingou,ATA_Nat_01,P2AE_Cable_BT,PRC 50mm²,5080.0,8e6b4946
4de0fea1,P2AE,,ATACORA,Natitingou,ATA_Nat_01,P2AE_Cable_BT,PRC 70mm²,2600.0,59dc5a38
c6dc8cba,P2AE,,ATACORA,Natitingou,ATA_Nat_01,P2AE_DMT,Point Double DMT-CC,1.0,a4425df9
f4d44e61,P2AE,,ATACORA,Natitingou,ATA_Nat_01,P2AE_IACM,IACM,1.0,21f4f4d7
5d1b86a4,P2AE,,ATACORA,Natitingou,ATA_Nat_01,P2AE_TFO,Transformateur 160 kVA,1.0,8ae558c8
68f7a4c9,P2AE,,ATACORA,Natitingou,ATA_Nat_01,P2AE_EP,EP,94.0,fbeef696
98c61d8c,P2AE,,ATACORA,Natitingou,ATA_Nat_01,P2AE_Terre,Mise à la terre,62.0,002f1a3d
27abf68c,P2AE,,ATACORA,Natitingou,ATA_Nat_01,P2AE_Fouille_HTA,Fouille réseau haute tension,31.0,f03cfc0b
9d0c29d7,P2AE,,ATACORA,Natitingou,ATA_Nat_01,P2AE_Fouille_BT,Fouille réseau basse tension,159.0,e221b25e
5e2740ac,P2AE,,ATACORA,Natitingou,ATA_Nat_02,P2AE_PBA_BT,PBA 11C650,2.0,29ef61f5
50d1465a,P2AE,f64fbc641,ATACORA,Natitingou,ATA_Nat_02,P2AE_PBA_BT,PBA 9A200,50.0,2ec17c4d
fff89340,P2AE,,ATACORA,Natitingou,ATA_Nat_02,P2AE_PBA_BT,PBA 9A650,48.0,215ac167
f72a3fc7,P2AE,f64fbc641,ATACORA,Natitingou,ATA_Nat_02,P2AE_PBA_BT,PBA 9C650,3.0,9c6af0a4
a0b7ff24,P2AE,,ATACORA,Natitingou,ATA_Nat_02,P2AE_PBA_HTA,PBA 11A1250,1.0,058e9b6a
b6508e19,P2AE,,ATACORA,Natitingou,ATA_Nat_02,P2AE_PBA_HTA,PBA 12A800,1.0,46cfa5f8
a1b7ff24,P2AE,,ATACORA,Natitingou,ATA_Nat_02,P2AE_PBA_HTA,PBA 13C800,1.0,d6344558
81c177c4,P2AE,f64fbc641,ATACORA,Natitingou,ATA_Nat_02,P2AE_Cable_HTA,ASTER 54mm²,73.4,e9e0a228
f68258e6,P2AE,,ATACORA,Natitingou,ATA_Nat_02,P2AE_Cable_BT,PRC 50mm²,2950.0,8e6b4946
fbeae7bf,P2AE,,ATACORA,Natitingou,ATA_Nat_02,P2AE_Cable_BT,PRC 70mm²,1230.0,59dc5a38
7591d1d0,P2AE,,ATACORA,Natitingou,ATA_Nat_02,P2AE_DMT,Point Double DMT-CC,1.0,a4425df9
af26eaba,P2AE,,ATACORA,Natitingou,ATA_Nat_02,P2AE_IACM,IACM,1.0,21f4f4d7
937b1e53,P2AE,,ATACORA,Natitingou,ATA_Nat_02,P2AE_TFO,Transformateur 160 kVA,1.0,8ae558c8
3a692908,P2AE,,ATACORA,Natitingou,ATA_Nat_02,P2AE_EP,EP,46.0,fbeef696
002a8a20,P2AE,,ATACORA,Natitingou,ATA_Nat_02,P2AE_Terre,Mise à la terre,34.0,002f1a3d
6f459a90,P2AE,,ATACORA,Natitingou,ATA_Nat_02,P2AE_Fouille_HTA,Fouille réseau haute tension,3.0,f03cfc0b
d2e34d0b,P2AE,,ATACORA,Natitingou,ATA_Nat_02,P2AE_Fouille_BT,Fouille réseau basse tension,104.0,e221b25e
4e9fdffe,P2AE,,ATACORA,Natitingou,ATA_Nat_03,P2AE_PBA_BT,PBA 11C650,2.0,29ef61f5
c51be165,P2AE,,ATACORA,Natitingou,ATA_Nat_03,P2AE_PBA_BT,PBA 9A200,292.0,2ec17c4d
4e9fdgfe,P2AE,,ATACORA,Natitingou,ATA_Nat_03,P2AE_PBA_BT,PBA 9A650,219.0,215ac167
5c92c4a6,P2AE,,ATACORA,Natitingou,ATA_Nat_03,P2AE_PBA_BT,PBA 9C650,26.0,9c6af0a4
e0b99835,P2AE,,ATACORA,Natitingou,ATA_Nat_03,P2AE_PBA_HTA,PBA 11A1250,3.0,058e9b6a
c67b9eed,P2AE,,ATACORA,Natitingou,ATA_Nat_03,P2AE_PBA_HTA,PBA 12A800,4.0,46cfa5f8
d2c2e4fe,P2AE,,ATACORA,Natitingou,ATA_Nat_03,P2AE_PBA_HTA,PBA 13A400,48.0,cd39f595
6540435b,P2AE,,ATACORA,Natitingou,ATA_Nat_03,P2AE_PBA_HTA,PBA 13C1250,1.0,50dc40e9
4202c815,P2AE,,ATACORA,Natitingou,ATA_Nat_03,P2AE_PBA_HTA,PBA 13C800,27.0,d6344558
3c0c9fd1,P2AE,,ATACORA,Natitingou,ATA_Nat_03,P2AE_Cable_HTA,ASTER 54mm²,1500.0,e9e0a228
d315473f,P2AE,,ATACORA,Natitingou,ATA_Nat_03,P2AE_Cable_HTA,ASTER 75mm²,1350.0,630f858d
9f11f717,P2AE,,ATACORA,Natitingou,ATA_Nat_03,P2AE_Cable_BT,PRC 50mm²,18980.0,8e6b4946
51d6e5b9,P2AE,,ATACORA,Natitingou,ATA_Nat_03,P2AE_Cable_BT,PRC 70mm²,6530.0,59dc5a38
c9874f00,P2AE,,ATACORA,Natitingou,ATA_Nat_03,P2AE_DMT,Point Double DMT-CC,3.0,a4425df9
668671ea,P2AE,,ATACORA,Natitingou,ATA_Nat_03,P2AE_IACM,IACM,3.0,21f4f4d7
c296ab46,P2AE,,ATACORA,Natitingou,ATA_Nat_03,P2AE_TFO,Transformateur 160 kVA,3.0,8ae558c8
ec97f54f,P2AE,,ATACORA,Natitingou,ATA_Nat_03,P2AE_EP,EP,242.0,fbeef696
365bfb54,P2AE,,ATACORA,Natitingou,ATA_Nat_03,P2AE_Terre,Mise à la terre,171.0,002f1a3d
2f35ed01,P2AE,,ATACORA,Natitingou,ATA_Nat_03,P2AE_Fouille_HTA,Fouille réseau haute tension,83.0,f03cfc0b
f0a3f7fd,P2AE,,ATACORA,Natitingou,ATA_Nat_03,P2AE_Fouille_BT,Fouille réseau basse tension,530.0,e221b25e
c3c0b257,P2AE,,ATACORA,Natitingou,ATA_Nat_04,P2AE_PBA_BT,PBA 11C650,4.0,29ef61f5
080fae9d,P2AE,,ATACORA,Natitingou,ATA_Nat_04,P2AE_PBA_BT,PBA 9A200,93.0,2ec17c4d
bd034300,P2AE,,ATACORA,Natitingou,ATA_Nat_04,P2AE_PBA_BT,PBA 9A650,61.0,215ac167
ae93e567,P2AE,,ATACORA,Natitingou,ATA_Nat_04,P2AE_PBA_BT,PBA 9C650,6.0,9c6af0a4
44a3e172,P2AE,,ATACORA,Natitingou,ATA_Nat_04,P2AE_PBA_BT,PBA 9C800,1.0,526229bb
58cd4f6b,P2AE,,ATACORA,Natitingou,ATA_Nat_04,P2AE_PBA_HTA,PBA 11A1250,1.0,058e9b6a
76f3a49a,P2AE,,ATACORA,Natitingou,ATA_Nat_04,P2AE_PBA_HTA,PBA 12A800,1.0,46cfa5f8
b4d71117,P2AE,,ATACORA,Natitingou,ATA_Nat_04,P2AE_PBA_HTA,PBA 13A400,2.0,cd39f595
9a98312d,P2AE,,ATACORA,Natitingou,ATA_Nat_04,P2AE_PBA_HTA,PBA 13C800,7.0,d6344558
c7cc9d4f,P2AE,,ATACORA,Natitingou,ATA_Nat_04,P2AE_Cable_HTA,ASTER 54mm²,330.0,e9e0a228
e8192e4b,P2AE,,ATACORA,Natitingou,ATA_Nat_04,P2AE_Cable_BT,PRC 50mm²,5050.0,8e6b4946
fde5e43f,P2AE,,ATACORA,Natitingou,ATA_Nat_04,P2AE_Cable_BT,PRC 70mm²,1366.0,59dc5a38
7c9aa6d9,P2AE,,ATACORA,Natitingou,ATA_Nat_04,P2AE_DMT,Point Double DMT-CC,1.0,a4425df9
1c107945,P2AE,,ATACORA,Natitingou,ATA_Nat_04,P2AE_IACM,IACM,1.0,21f4f4d7
14ca8f63,P2AE,,ATACORA,Natitingou,ATA_Nat_04,P2AE_TFO,Transformateur 160 kVA,1.0,8ae558c8
bf37d19e,P2AE,,ATACORA,Natitingou,ATA_Nat_04,P2AE_EP,EP,78.0,fbeef696
c0c5c760,P2AE,,ATACORA,Natitingou,ATA_Nat_04,P2AE_Terre,Mise à la terre,53.0,002f1a3d
603ad3ca,P2AE,,ATACORA,Natitingou,ATA_Nat_04,P2AE_Fouille_HTA,Fouille réseau haute tension,11.0,f03cfc0b
e8552acf,P2AE,,ATACORA,Natitingou,ATA_Nat_04,P2AE_Fouille_BT,Fouille réseau basse tension,166.0,e221b25e
e4360484,P2AE,,ATACORA,Natitingou,ATA_Nat_05,P2AE_PBA_BT,PBA 11C650,2.0,29ef61f5
3793cf65,P2AE,,ATACORA,Natitingou,ATA_Nat_05,P2AE_PBA_BT,PBA 9A200,100.0,2ec17c4d
9ce4e59e,P2AE,,ATACORA,Natitingou,ATA_Nat_05,P2AE_PBA_BT,PBA 9A650,75.0,215ac167
ef457d5c,P2AE,,ATACORA,Natitingou,ATA_Nat_05,P2AE_PBA_BT,PBA 9C650,18.0,9c6af0a4
0f4b1849,P2AE,,ATACORA,Natitingou,ATA_Nat_05,P2AE_PBA_HTA,PBA 11A1250,2.0,058e9b6a
85afaf29,P2AE,,ATACORA,Natitingou,ATA_Nat_05,P2AE_PBA_HTA,PBA 12A800,3.0,46cfa5f8
739g8292,P2AE,,ATACORA,Natitingou,ATA_Nat_05,P2AE_PBA_HTA,PBA 13A400,3.0,cd39f595
7ed7efde,P2AE,,ATACORA,Natitingou,ATA_Nat_05,P2AE_PBA_HTA,PBA 13C800,4.0,d6344558
01ba5478,P2AE,,ATACORA,Natitingou,ATA_Nat_05,P2AE_Cable_HTA,ASTER 54mm²,390.0,e9e0a228
c75dff00,P2AE,,ATACORA,Natitingou,ATA_Nat_05,P2AE_Cable_BT,PRC 50mm²,8468.0,8e6b4946
21fcfe27,P2AE,,ATACORA,Natitingou,ATA_Nat_05,P2AE_Cable_BT,PRC 70mm²,1470.0,59dc5a38
7ad33e05,P2AE,,ATACORA,Natitingou,ATA_Nat_05,P2AE_DMT,Point Double DMT-CC,2.0,a4425df9
99576d3a,P2AE,,ATACORA,Natitingou,ATA_Nat_05,P2AE_IACM,IACM,2.0,21f4f4d7
1d67c8ef,P2AE,,ATACORA,Natitingou,ATA_Nat_05,P2AE_TFO,Transformateur 160 kVA,2.0,8ae558c8
14ca48b2,P2AE,,ATACORA,Natitingou,ATA_Nat_05,P2AE_EP,EP,108.0,fbeef696
66c67160,P2AE,,ATACORA,Natitingou,ATA_Nat_05,P2AE_Terre,Mise à la terre,77.0,002f1a3d
d7fa71d0,P2AE,,ATACORA,Natitingou,ATA_Nat_05,P2AE_Fouille_HTA,Fouille réseau haute tension,12.0,f03cfc0b
8c60c9ec,P2AE,,ATACORA,Natitingou,ATA_Nat_05,P2AE_Fouille_BT,Fouille réseau basse tension,197.0,e221b25e
3085c4a3,P2AE,,ATACORA,Natitingou,ATA_Nat_06,P2AE_PBA_BT,PBA 11C650,3.0,29ef61f5
422de455,P2AE,,ATACORA,Natitingou,ATA_Nat_06,P2AE_PBA_BT,PBA 9A200,126.0,2ec17c4d
c2fb3dc1,P2AE,,ATACORA,Natitingou,ATA_Nat_06,P2AE_PBA_BT,PBA 9A650,125.0,215ac167
6e8fd6a9,P2AE,,ATACORA,Natitingou,ATA_Nat_06,P2AE_PBA_BT,PBA 9C650,11.0,9c6af0a4
0d18dab7,P2AE,,ATACORA,Natitingou,ATA_Nat_06,P2AE_PBA_HTA,PBA 11A1250,3.0,058e9b6a
76a20db1,P2AE,,ATACORA,Natitingou,ATA_Nat_06,P2AE_PBA_HTA,PBA 12A800,53.0,46cfa5f8
7325b66c,P2AE,,ATACORA,Natitingou,ATA_Nat_06,P2AE_PBA_HTA,PBA 13C800,6.0,d6344558
be3e8bf4,P2AE,,ATACORA,Natitingou,ATA_Nat_06,P2AE_Cable_HTA,ASTER 54mm²,250.0,e9e0a228
4a2b6e8d,P2AE,,ATACORA,Natitingou,ATA_Nat_06,P2AE_Cable_BT,PRC 50mm²,6965.0,8e6b4946
85df3d66,P2AE,,ATACORA,Natitingou,ATA_Nat_06,P2AE_Cable_BT,PRC 70mm²,7256.0,59dc5a38
5d06293f,P2AE,,ATACORA,Natitingou,ATA_Nat_06,P2AE_DMT,Point Double DMT-CC,3.0,a4425df9
e26e5ea8,P2AE,,ATACORA,Natitingou,ATA_Nat_06,P2AE_IACM,IACM,3.0,21f4f4d7
3496527a,P2AE,,ATACORA,Natitingou,ATA_Nat_06,P2AE_TFO,Transformateur 160 kVA,3.0,8ae558c8
14510f08,P2AE,,ATACORA,Natitingou,ATA_Nat_06,P2AE_EP,EP,115.0,fbeef696
07a256a1,P2AE,,ATACORA,Natitingou,ATA_Nat_06,P2AE_Terre,Mise à la terre,95.0,002f1a3d
dfe5997c,P2AE,,ATACORA,Natitingou,ATA_Nat_06,P2AE_Fouille_HTA,Fouille réseau haute tension,62.0,f03cfc0b
2450a8ba,P2AE,,ATACORA,Natitingou,ATA_Nat_06,P2AE_Fouille_BT,Fouille réseau basse tension,268.0,e221b25e
f382d4c0,P2AE,,ATACORA,Natitingou,ATA_Nat_07,P2AE_PBA_BT,PBA 9A200,29.0,2ec17c4d
6c745148,P2AE,,ATACORA,Natitingou,ATA_Nat_07,P2AE_PBA_BT,PBA 9A650,15.0,215ac167
703ee8ad,P2AE,,ATACORA,Natitingou,ATA_Nat_07,P2AE_PBA_BT,PBA 9C650,5.0,9c6af0a4
a1207f30,P2AE,,ATACORA,Natitingou,ATA_Nat_07,P2AE_PBA_HTA,PBA 11A1250,1.0,058e9b6a
48e94bf8,P2AE,,ATACORA,Natitingou,ATA_Nat_07,P2AE_PBA_HTA,PBA 12A800,1.0,46cfa5f8
75c8e317,P2AE,,ATACORA,Natitingou,ATA_Nat_07,P2AE_PBA_HTA,PBA 13A400,7.0,cd39f595
d0a63fec,P2AE,,ATACORA,Natitingou,ATA_Nat_07,P2AE_PBA_HTA,PBA 13C800,5.0,d6344558
082de73e,P2AE,,ATACORA,Natitingou,ATA_Nat_07,P2AE_Cable_HTA,ASTER 54mm²,55.0,e9e0a228
aa15697f,P2AE,,ATACORA,Natitingou,ATA_Nat_07,P2AE_Cable_HTA,ASTER 75mm²,200.0,630f858d
e1b6ea09,P2AE,,ATACORA,Natitingou,ATA_Nat_07,P2AE_Cable_BT,PRC 50mm²,2930.0,8e6b4946
98d97d07,P2AE,,ATACORA,Natitingou,ATA_Nat_07,P2AE_Cable_BT,PRC 70mm²,505.0,59dc5a38
47f701e3,P2AE,,ATACORA,Natitingou,ATA_Nat_07,P2AE_DMT,Point Double DMT-CC,1.0,a4425df9
e92ae43c,P2AE,,ATACORA,Natitingou,ATA_Nat_07,P2AE_IACM,IACM,1.0,21f4f4d7
c25ae340,P2AE,,ATACORA,Natitingou,ATA_Nat_07,P2AE_TFO,Transformateur 160 kVA,1.0,8ae558c8
9211fce7,P2AE,,ATACORA,Natitingou,ATA_Nat_07,P2AE_EP,EP,40.0,fbeef696
e6307f93,P2AE,,ATACORA,Natitingou,ATA_Nat_07,P2AE_Terre,Mise à la terre,31.0,002f1a3d
2868d5de,P2AE,,ATACORA,Natitingou,ATA_Nat_07,P2AE_Fouille_HTA,Fouille réseau haute tension,14.0,f03cfc0b
ba5a771d,P2AE,,ATACORA,Natitingou,ATA_Nat_07,P2AE_Fouille_BT,Fouille réseau basse tension,57.0,e221b25e
f4d3039c,P2AE,,ATACORA,Natitingou,ATA_Nat_08,P2AE_PBA_BT,PBA 9A200,97.0,2ec17c4d
8f0a6802,P2AE,,ATACORA,Natitingou,ATA_Nat_08,P2AE_PBA_BT,PBA 9A650,81.0,215ac167
1b18d358,P2AE,,ATACORA,Natitingou,ATA_Nat_08,P2AE_PBA_BT,PBA 9C650,23.0,9c6af0a4
d2165126,P2AE,,ATACORA,Natitingou,ATA_Nat_08,P2AE_PBA_BT,PBA 9C800,1.0,526229bb
0a910279,P2AE,,ATACORA,Natitingou,ATA_Nat_08,P2AE_PBA_HTA,PBA 11A1250,1.0,058e9b6a
b0d817af,P2AE,,ATACORA,Natitingou,ATA_Nat_08,P2AE_PBA_HTA,PBA 12A800,1.0,46cfa5f8
c5fd7678,P2AE,,ATACORA,Natitingou,ATA_Nat_08,P2AE_PBA_HTA,PBA 13C800,1.0,d6344558
b93cce2b,P2AE,,ATACORA,Natitingou,ATA_Nat_08,P2AE_Cable_HTA,ASTER 54mm²,100.0,e9e0a228
56dd9dbd,P2AE,,ATACORA,Natitingou,ATA_Nat_08,P2AE_Cable_BT,PRC 50mm²,6456.0,8e6b4946
0f2fd2fa,P2AE,,ATACORA,Natitingou,ATA_Nat_08,P2AE_Cable_BT,PRC 70mm²,1235.0,59dc5a38
04dc1d88,P2AE,,ATACORA,Natitingou,ATA_Nat_08,P2AE_DMT,Point Double DMT-CC,1.0,a4425df9
564230f1,P2AE,,ATACORA,Natitingou,ATA_Nat_08,P2AE_TFO,Transformateur 160 kVA,1.0,8ae558c8
cc338b34,P2AE,,ATACORA,Natitingou,ATA_Nat_08,P2AE_EP,EP,65.0,fbeef696
ec3a5dca,P2AE,,ATACORA,Natitingou,ATA_Nat_08,P2AE_Terre,Mise à la terre,50.0,002f1a3d
1e71c5f2,P2AE,,ATACORA,Natitingou,ATA_Nat_08,P2AE_Fouille_HTA,Fouille réseau haute tension,3.0,f03cfc0b
e2ad5e19,P2AE,,ATACORA,Natitingou,ATA_Nat_08,P2AE_Fouille_BT,Fouille réseau basse tension,203.0,e221b25e
b57da4fe,P2AE,,ATACORA,Natitingou,ATA_Nat_09,P2AE_PBA_BT,PBA 9A200,18.0,2ec17c4d
7ec5fb34,P2AE,,ATACORA,Natitingou,ATA_Nat_09,P2AE_PBA_BT,PBA 9A650,30.0,215ac167
b7e33abe,P2AE,,ATACORA,Natitingou,ATA_Nat_09,P2AE_PBA_BT,PBA 9C650,2.0,9c6af0a4
ce84a0e1,P2AE,,ATACORA,Natitingou,ATA_Nat_09,P2AE_PBA_HTA,PBA 11A1250,1.0,058e9b6a
1600e955,P2AE,,ATACORA,Natitingou,ATA_Nat_09,P2AE_PBA_HTA,PBA 12A800,4.0,46cfa5f8
66d5f00e,P2AE,,ATACORA,Natitingou,ATA_Nat_09,P2AE_Cable_HTA,ASTER 54mm²,100.0,e9e0a228
e64f8efd,P2AE,,ATACORA,Natitingou,ATA_Nat_09,P2AE_Cable_BT,PRC 50mm²,2287.0,8e6b4946
557b6470,P2AE,,ATACORA,Natitingou,ATA_Nat_09,P2AE_Cable_BT,PRC 70mm²,96.0,59dc5a38
2012a6d1,P2AE,,ATACORA,Natitingou,ATA_Nat_09,P2AE_DMT,Point Double DMT-CC,1.0,a4425df9
9e4573a2,P2AE,,ATACORA,Natitingou,ATA_Nat_09,P2AE_IACM,IACM,1.0,21f4f4d7
cd1069f0,P2AE,,ATACORA,Natitingou,ATA_Nat_09,P2AE_TFO,Transformateur 160 kVA,1.0,8ae558c8
82995b9a,P2AE,,ATACORA,Natitingou,ATA_Nat_09,P2AE_EP,EP,26.0,fbeef696
2954c668,P2AE,,ATACORA,Natitingou,ATA_Nat_09,P2AE_Terre,Mise à la terre,22.0,002f1a3d
d242b7f0,P2AE,,ATACORA,Natitingou,ATA_Nat_09,P2AE_Fouille_HTA,Fouille réseau haute tension,5.0,f03cfc0b
3d70fcd3,P2AE,,ATACORA,Natitingou,ATA_Nat_09,P2AE_Fouille_BT,Fouille réseau basse tension,51.0,e221b25e
7066fc69,P2AE,,ATACORA,Natitingou,ATA_Nat_10,P2AE_PBA_BT,PBA 11C650,1.0,29ef61f5
29f9b911,P2AE,,ATACORA,Natitingou,ATA_Nat_10,P2AE_PBA_BT,PBA 9A200,21.0,2ec17c4d
f86d6aab,P2AE,,ATACORA,Natitingou,ATA_Nat_10,P2AE_PBA_BT,PBA 9A650,30.0,215ac167
f613024b,P2AE,,ATACORA,Natitingou,ATA_Nat_10,P2AE_PBA_BT,PBA 9C650,3.0,9c6af0a4
726edd68,P2AE,,ATACORA,Natitingou,ATA_Nat_10,P2AE_Cable_BT,PRC 50mm²,2248.0,8e6b4946
4d52c880,P2AE,,ATACORA,Natitingou,ATA_Nat_10,P2AE_EP,EP,15.0,fbeef696
69b9c1c6,P2AE,,ATACORA,Natitingou,ATA_Nat_10,P2AE_Terre,Mise à la terre,15.0,002f1a3d
2ea85bd7,P2AE,,ATACORA,Natitingou,ATA_Nat_10,P2AE_Fouille_BT,Fouille réseau basse tension,56.0,e221b25e
e203e450,P2AE,,ATACORA,Natitingou,ATA_Nat_11,P2AE_PBA_BT,PBA 9A200,128.0,2ec17c4d
3cfac8f4,P2AE,,ATACORA,Natitingou,ATA_Nat_11,P2AE_PBA_BT,PBA 9A650,92.0,215ac167
d1edf9e7,P2AE,,ATACORA,Natitingou,ATA_Nat_11,P2AE_PBA_BT,PBA 9C650,20.0,9c6af0a4
9660a233,P2AE,,ATACORA,Natitingou,ATA_Nat_11,P2AE_PBA_HTA,PBA 11A1250,2.0,058e9b6a
1ffff91d,P2AE,,ATACORA,Natitingou,ATA_Nat_11,P2AE_PBA_HTA,PBA 12A800,2.0,46cfa5f8
10866b12,P2AE,,ATACORA,Natitingou,ATA_Nat_11,P2AE_PBA_HTA,PBA 13A400,4.0,cd39f595
d2042690,P2AE,,ATACORA,Natitingou,ATA_Nat_11,P2AE_PBA_HTA,PBA 13C800,8.0,d6344558
4fe3ad17,P2AE,,ATACORA,Natitingou,ATA_Nat_11,P2AE_Cable_HTA,ASTER 54mm²,600.0,e9e0a228
3f9ea0a0,P2AE,,ATACORA,Natitingou,ATA_Nat_11,P2AE_Cable_BT,PRC 50mm²,8111.0,8e6b4946
6635f087,P2AE,,ATACORA,Natitingou,ATA_Nat_11,P2AE_Cable_BT,PRC 70mm²,3337.0,59dc5a38
560b3ff3,P2AE,,ATACORA,Natitingou,ATA_Nat_11,P2AE_DMT,Point Double DMT-CC,2.0,a4425df9
08b45f48,P2AE,,ATACORA,Natitingou,ATA_Nat_11,P2AE_IACM,IACM,2.0,21f4f4d7
56fc895c,P2AE,,ATACORA,Natitingou,ATA_Nat_11,P2AE_TFO,Transformateur 160 kVA,2.0,8ae558c8
f95f87d3,P2AE,,ATACORA,Natitingou,ATA_Nat_11,P2AE_EP,EP,97.0,fbeef696
c46b12e0,P2AE,,ATACORA,Natitingou,ATA_Nat_11,P2AE_Terre,Mise à la terre,78.0,002f1a3d
48135246,P2AE,,ATACORA,Natitingou,ATA_Nat_11,P2AE_Fouille_HTA,Fouille réseau haute tension,18.0,f03cfc0b
39845eb3,P2AE,,ATACORA,Natitingou,ATA_Nat_11,P2AE_Fouille_BT,Fouille réseau basse tension,242.0,e221b25e
36e0f8df,P2AE,,ATACORA,Natitingou,ATA_Nat_12,P2AE_PBA_BT,PBA 9A200,11.0,2ec17c4d
164a8406,P2AE,,ATACORA,Natitingou,ATA_Nat_12,P2AE_PBA_BT,PBA 9A650,20.0,215ac167
6ea94e28,P2AE,,ATACORA,Natitingou,ATA_Nat_12,P2AE_PBA_BT,PBA 9C650,2.0,9c6af0a4
adead9ca,P2AE,,ATACORA,Natitingou,ATA_Nat_12,P2AE_PBA_HTA,PBA 11A1250,2.0,058e9b6a
ed0aab42,P2AE,,ATACORA,Natitingou,ATA_Nat_12,P2AE_PBA_HTA,PBA 12A800,12.0,46cfa5f8
86536b75,P2AE,,ATACORA,Natitingou,ATA_Nat_12,P2AE_PBA_HTA,PBA 13A400,15.0,cd39f595
e71d9ea4,P2AE,,ATACORA,Natitingou,ATA_Nat_12,P2AE_PBA_HTA,PBA 13C800,11.0,d6344558
1619047d,P2AE,,ATACORA,Natitingou,ATA_Nat_12,P2AE_Cable_HTA,ASTER 54mm²,1000.0,e9e0a228
eff2181b,P2AE,,ATACORA,Natitingou,ATA_Nat_12,P2AE_Cable_BT,PRC 50mm²,850.0,8e6b4946
51906f15,P2AE,,ATACORA,Natitingou,ATA_Nat_12,P2AE_Cable_BT,PRC 70mm²,2500.0,59dc5a38
51986f15,P2AE,,ATACORA,Natitingou,ATA_Nat_12,P2AE_DMT,Point Double DMT-CC,2.0,a4425df9
df5aa2f2,P2AE,,ATACORA,Natitingou,ATA_Nat_12,P2AE_IACM,IACM,2.0,21f4f4d7
4dcdae7b,P2AE,,ATACORA,Natitingou,ATA_Nat_12,P2AE_TFO,Transformateur 160 kVA,2.0,8ae558c8
f2a82435,P2AE,,ATACORA,Natitingou,ATA_Nat_12,P2AE_EP,EP,32.0,fbeef696
20e9d511,P2AE,,ATACORA,Natitingou,ATA_Nat_12,P2AE_Terre,Mise à la terre,25.0,002f1a3d
397752c4,P2AE,,ATACORA,Natitingou,ATA_Nat_12,P2AE_Fouille_HTA,Fouille réseau haute tension,40.0,f03cfc0b
5db8a7cb,P2AE,,ATACORA,Natitingou,ATA_Nat_12,P2AE_Fouille_BT,Fouille réseau basse tension,35.0,e221b25e
f5ca6f93,P2AE,,ATACORA,Natitingou,ATA_Nat_13,P2AE_PBA_BT,PBA 9A200,27.0,2ec17c4d
f543956b,P2AE,,ATACORA,Natitingou,ATA_Nat_13,P2AE_PBA_BT,PBA 9A650,26.0,215ac167
d7eb3f50,P2AE,,ATACORA,Natitingou,ATA_Nat_13,P2AE_PBA_BT,PBA 9C650,6.0,9c6af0a4
03ed326d,P2AE,f64fbc641,ATACORA,Natitingou,ATA_Nat_13,P2AE_Cable_BT,PRC 50mm²,2390.0,8e6b4946
0c7167d5,P2AE,,ATACORA,Natitingou,ATA_Nat_13,P2AE_EP,EP,29.0,fbeef696
0d11c9fe,P2AE,,ATACORA,Natitingou,ATA_Nat_13,P2AE_Terre,Mise à la terre,21.0,002f1a3d
6267864e,P2AE,,ATACORA,Natitingou,ATA_Nat_13,P2AE_Fouille_BT,Fouille réseau basse tension,64.0,e221b25e
348ef044,P2AE,,ATACORA,Natitingou,ATA_Nat_14,P2AE_PBA_BT,PBA 9A200,54.0,2ec17c4d
d1725e52,P2AE,,ATACORA,Natitingou,ATA_Nat_14,P2AE_PBA_BT,PBA 9A650,49.0,215ac167
ef1d1b3a,P2AE,,ATACORA,Natitingou,ATA_Nat_14,P2AE_PBA_BT,PBA 9C650,1.0,9c6af0a4
902cd235,P2AE,,ATACORA,Natitingou,ATA_Nat_14,P2AE_PBA_HTA,PBA 11A1250,1.0,058e9b6a
b0b7613d,P2AE,,ATACORA,Natitingou,ATA_Nat_14,P2AE_PBA_HTA,PBA 12A800,1.0,46cfa5f8
22c0a9cd,P2AE,,ATACORA,Natitingou,ATA_Nat_14,P2AE_PBA_HTA,PBA 13A400,10.0,cd39f595
88809d56,P2AE,,ATACORA,Natitingou,ATA_Nat_14,P2AE_PBA_HTA,PBA 13C800,7.0,d6344558
ed5f1743,P2AE,,ATACORA,Natitingou,ATA_Nat_14,P2AE_PBA_HTA,PBA 14A1000,1.0,ffbf33ef
7685f9f0,P2AE,,ATACORA,Natitingou,ATA_Nat_14,P2AE_Cable_HTA,ASTER 54mm²,110.0,e9e0a228
1238e794,P2AE,,ATACORA,Natitingou,ATA_Nat_14,P2AE_Cable_BT,PRC 50mm²,2750.0,8e6b4946
af228fdb,P2AE,,ATACORA,Natitingou,ATA_Nat_14,P2AE_Cable_BT,PRC 70mm²,3675.0,59dc5a38
75ce56d4,P2AE,,ATACORA,Natitingou,ATA_Nat_14,P2AE_DMT,Point Double DMT-CC,1.0,a4425df9
dfd6bc73,P2AE,,ATACORA,Natitingou,ATA_Nat_14,P2AE_IACM,IACM,1.0,21f4f4d7
f9c95c80,P2AE,,ATACORA,Natitingou,ATA_Nat_14,P2AE_TFO,Transformateur 160 kVA,1.0,8ae558c8
db96c5b4,P2AE,,ATACORA,Natitingou,ATA_Nat_14,P2AE_EP,EP,67.0,fbeef696
7fb248c7,P2AE,,ATACORA,Natitingou,ATA_Nat_14,P2AE_Terre,Mise à la terre,47.0,002f1a3d
2dd5e786,P2AE,,ATACORA,Natitingou,ATA_Nat_14,P2AE_Fouille_HTA,Fouille réseau haute tension,20.0,f03cfc0b
692e7c08,P2AE,,ATACORA,Natitingou,ATA_Nat_14,P2AE_Fouille_BT,Fouille réseau basse tension,105.0,e221b25e
0179fb96,P2AE,,ALIBORI,Gogounou,ALI_Gog_01,P2AE_PBA_BT,PBA 11C650,1.0,26e8ec03
c0ed70e3,P2AE,,ALIBORI,Gogounou,ALI_Gog_01,P2AE_PBA_BT,PBA 9A200,61.0,2ec17c4d
4cebffee,P2AE,,ALIBORI,Gogounou,ALI_Gog_01,P2AE_PBA_BT,PBA 9A650,43.0,215ac167
deb07602,P2AE,,ALIBORI,Gogounou,ALI_Gog_01,P2AE_PBA_BT,PBA 9C650,12.0,9c6af0a4
e0b8b82a,P2AE,,ALIBORI,Gogounou,ALI_Gog_01,P2AE_PBA_HTA,PBA 11A1250,1.0,058e9b6a
33c687b0,P2AE,,ALIBORI,Gogounou,ALI_Gog_01,P2AE_PBA_HTA,PBA 12A800,5.0,46cfa5f8
08f41c81,P2AE,,ALIBORI,Gogounou,ALI_Gog_01,P2AE_PBA_HTA,PBA 13C800,3.0,d6344558
3eecb60d,P2AE,,ALIBORI,Gogounou,ALI_Gog_01,P2AE_Cable_HTA,ASTER 54mm²,80.0,e9e0a228
bb65348a,P2AE,,ALIBORI,Gogounou,ALI_Gog_01,P2AE_Cable_BT,PRC 50mm²,4855.0,8e6b4946
c0bd91f4,P2AE,,ALIBORI,Gogounou,ALI_Gog_01,P2AE_Cable_BT,PRC 70mm²,185.0,59dc5a38
b5356ee4,P2AE,,ALIBORI,Gogounou,ALI_Gog_01,P2AE_DMT,Point Double DMT-CC,1.0,a4425df9
d65be664,P2AE,,ALIBORI,Gogounou,ALI_Gog_01,P2AE_IACM,IACM,1.0,21f4f4d7
dcf5286e,P2AE,,ALIBORI,Gogounou,ALI_Gog_01,P2AE_EP,EP,57.0,fbeef696
b4292a34,P2AE,,ALIBORI,Gogounou,ALI_Gog_01,P2AE_Terre,Mise à la terre,39.0,002f1a3d
7018519b,P2AE,,ALIBORI,Gogounou,ALI_Gog_01,P2AE_Fouille_HTA,Fouille réseau haute tension,9.0,f03cfc0b
6edfc796,P2AE,,ALIBORI,Gogounou,ALI_Gog_01,P2AE_Fouille_BT,Fouille réseau basse tension,117.0,e221b25e
e53d780d,P2AE,,ALIBORI,Gogounou,ALI_Gog_02,P2AE_PBA_BT,PBA 9A200,38.0,2ec17c4d
779f8ead,P2AE,,ALIBORI,Gogounou,ALI_Gog_02,P2AE_PBA_BT,PBA 9A650,35.0,215ac167
f45b706a,P2AE,,ALIBORI,Gogounou,ALI_Gog_02,P2AE_PBA_BT,PBA 9C650,7.0,9c6af0a4
b79a8d73,P2AE,,ALIBORI,Gogounou,ALI_Gog_02,P2AE_PBA_HTA,PBA 11A1250,1.0,058e9b6a
ff184028,P2AE,,ALIBORI,Gogounou,ALI_Gog_02,P2AE_PBA_HTA,PBA 12A800,1.0,46cfa5f8
5ccff579,P2AE,,ALIBORI,Gogounou,ALI_Gog_02,P2AE_PBA_HTA,PBA 13A400,6.0,cd39f595
f94ce2f4,P2AE,,ALIBORI,Gogounou,ALI_Gog_02,P2AE_PBA_HTA,PBA 13C800,2.0,d6344558
568ec0d4,P2AE,,ALIBORI,Gogounou,ALI_Gog_02,P2AE_Cable_HTA,ASTER 54mm²,435.0,e9e0a228
bfaaa3a0,P2AE,,ALIBORI,Gogounou,ALI_Gog_02,P2AE_Cable_BT,PRC 50mm²,3160.0,8e6b4946
b4574522,P2AE,,ALIBORI,Gogounou,ALI_Gog_02,P2AE_Cable_BT,PRC 70mm²,265.0,59dc5a38
35f9d94e,P2AE,,ALIBORI,Gogounou,ALI_Gog_02,P2AE_DMT,Point Double DMT-CC,1.0,a4425df9
3d1e46fe,P2AE,,ALIBORI,Gogounou,ALI_Gog_02,P2AE_IACM,IACM,1.0,21f4f4d7
9b818fd0,P2AE,,ALIBORI,Gogounou,ALI_Gog_02,P2AE_TFO,Transformateur 160 kVA,1.0,8ae558c8
188d9b1b,P2AE,,ALIBORI,Gogounou,ALI_Gog_02,P2AE_EP,EP,45.0,fbeef696
dd0e303d,P2AE,,ALIBORI,Gogounou,ALI_Gog_02,P2AE_Terre,Mise à la terre,27.0,002f1a3d
9fe5c5f8,P2AE,,ALIBORI,Gogounou,ALI_Gog_02,P2AE_Fouille_HTA,Fouille réseau haute tension,10.0,f03cfc0b
1bf85ec3,P2AE,,ALIBORI,Gogounou,ALI_Gog_02,P2AE_Fouille_BT,Fouille réseau basse tension,81.0,e221b25e
ada7077b,P2AE,,ALIBORI,Gogounou,ALI_Gog_03,P2AE_PBA_BT,PBA 9A200,57.0,2ec17c4d
7695b4ad,P2AE,,ALIBORI,Gogounou,ALI_Gog_03,P2AE_PBA_BT,PBA 9A650,39.0,215ac167
c363bac0,P2AE,,ALIBORI,Gogounou,ALI_Gog_03,P2AE_PBA_BT,PBA 9C650,9.0,9c6af0a4
91f40be5,P2AE,,ALIBORI,Gogounou,ALI_Gog_03,P2AE_PBA_HTA,PBA 11A1250,1.0,058e9b6a
00703b48,P2AE,,ALIBORI,Gogounou,ALI_Gog_03,P2AE_PBA_HTA,PBA 13A400,7.0,cd39f595
6ee66905,P2AE,,ALIBORI,Gogounou,ALI_Gog_03,P2AE_PBA_HTA,PBA 13C1250,1.0,50dc40e9
3ed5849d,P2AE,,ALIBORI,Gogounou,ALI_Gog_03,P2AE_PBA_HTA,PBA 13C800,4.0,d6344558
2799ba73,P2AE,,ALIBORI,Gogounou,ALI_Gog_03,P2AE_Cable_HTA,ASTER 54mm²,525.0,e9e0a228
e9039931,P2AE,,ALIBORI,Gogounou,ALI_Gog_03,P2AE_Cable_BT,PRC 50mm²,4320.0,8e6b4946
61c2b5ed,P2AE,,ALIBORI,Gogounou,ALI_Gog_03,P2AE_Cable_BT,PRC 70mm²,1100.0,59dc5a38
ffe1b6d0,P2AE,,ALIBORI,Gogounou,ALI_Gog_03,P2AE_DMT,Point Double DMT-CC,1.0,a4425df9
1b568b95,P2AE,,ALIBORI,Gogounou,ALI_Gog_03,P2AE_IACM,IACM,1.0,21f4f4d7
79e436b2,P2AE,,ALIBORI,Gogounou,ALI_Gog_03,P2AE_TFO,Transformateur 160 kVA,1.0,8ae558c8
facd06b3,P2AE,,ALIBORI,Gogounou,ALI_Gog_03,P2AE_EP,EP,52.0,fbeef696
5fac86af,P2AE,,ALIBORI,Gogounou,ALI_Gog_03,P2AE_Terre,Mise à la terre,36.0,002f1a3d
5b85268e,P2AE,,ALIBORI,Gogounou,ALI_Gog_03,P2AE_Fouille_HTA,Fouille réseau haute tension,13.0,f03cfc0b
22f0373d,P2AE,,ALIBORI,Gogounou,ALI_Gog_03,P2AE_Fouille_BT,Fouille réseau basse tension,106.0,e221b25e
a2a2e8cd,P2AE,,ALIBORI,Gogounou,ALI_Gog_04,P2AE_PBA_BT,PBA 9A200,162.0,2ec17c4d
998fcce0,P2AE,,ALIBORI,Gogounou,ALI_Gog_04,P2AE_PBA_BT,PBA 9A650,121.0,215ac167
6906b808,P2AE,,ALIBORI,Gogounou,ALI_Gog_04,P2AE_PBA_BT,PBA 9C650,21.0,9c6af0a4
a3c5b02e,P2AE,,ALIBORI,Gogounou,ALI_Gog_04,P2AE_PBA_BT,PBA 9C800,2.0,526229bb
466g60485,P2AE,,ALIBORI,Gogounou,ALI_Gog_04,P2AE_PBA_HTA,PBA 11A1250,3.0,058e9b6a
e80403b9,P2AE,,ALIBORI,Gogounou,ALI_Gog_04,P2AE_PBA_HTA,PBA 12A800,2.0,46cfa5f8
101c03e7,P2AE,,ALIBORI,Gogounou,ALI_Gog_04,P2AE_PBA_HTA,PBA 13A400,4.0,cd39f595
b104f793,P2AE,,ALIBORI,Gogounou,ALI_Gog_04,P2AE_PBA_HTA,PBA 13C1250,1.0,50dc40e9
a950e58c,P2AE,,ALIBORI,Gogounou,ALI_Gog_04,P2AE_PBA_HTA,PBA 13C800,4.0,d6344558
beddd44f,P2AE,,ALIBORI,Gogounou,ALI_Gog_04,P2AE_PBA_HTA,PBA 14A1000,5.0,ffbf33ef
ab05605b,P2AE,,ALIBORI,Gogounou,ALI_Gog_04,P2AE_PBA_HTA,PBA 14C1000,1.0,f74fbc64
ed8d4083,P2AE,,ALIBORI,Gogounou,ALI_Gog_04,P2AE_Cable_HTA,ASTER 54mm²,480.0,e9e0a228
81ebf29a,P2AE,,ALIBORI,Gogounou,ALI_Gog_04,P2AE_Cable_BT,PRC 50mm²,10125.0,8e6b4946
5b660e9e,P2AE,,ALIBORI,Gogounou,ALI_Gog_04,P2AE_Cable_BT,PRC 70mm²,4140.0,59dc5a38
861f92ed,P2AE,,ALIBORI,Gogounou,ALI_Gog_04,P2AE_DMT,Point Double DMT-CC,3.0,a4425df9
398281b2,P2AE,,ALIBORI,Gogounou,ALI_Gog_04,P2AE_IACM,IACM,2.0,21f4f4d7
d1b3bc56,P2AE,,ALIBORI,Gogounou,ALI_Gog_04,P2AE_EP,EP,123.0,fbeef696
58798a66,P2AE,,ALIBORI,Gogounou,ALI_Gog_04,P2AE_Terre,Mise à la terre,86.0,002f1a3d
96579b83,P2AE,,ALIBORI,Gogounou,ALI_Gog_04,P2AE_Fouille_HTA,Fouille réseau haute tension,20.0,f03cfc0b
5f2379b2,P2AE,,ALIBORI,Gogounou,ALI_Gog_04,P2AE_Fouille_BT,Fouille réseau basse tension,308.0,e221b25e
9fedf384,P2AE,,ALIBORI,Gogounou,ALI_Gog_05,P2AE_PBA_BT,PBA 9A200,111.0,2ec17c4d
9b0e99c6,P2AE,,ALIBORI,Gogounou,ALI_Gog_05,P2AE_PBA_BT,PBA 9A650,87.0,215ac167
1fd63c1c,P2AE,,ALIBORI,Gogounou,ALI_Gog_05,P2AE_PBA_BT,PBA 9C650,22.0,9c6af0a4
22310fd9,P2AE,,ALIBORI,Gogounou,ALI_Gog_05,P2AE_PBA_HTA,PBA 11A1250,1.0,058e9b6a
f166d6f0,P2AE,,ALIBORI,Gogounou,ALI_Gog_05,P2AE_PBA_HTA,PBA 12A800,1.0,46cfa5f8
edb9f700,P2AE,,ALIBORI,Gogounou,ALI_Gog_05,P2AE_PBA_HTA,PBA 13A400,5.0,cd39f595
53ae1d86,P2AE,,ALIBORI,Gogounou,ALI_Gog_05,P2AE_PBA_HTA,PBA 13C800,2.0,d6344558
8bea8e0a,P2AE,,ALIBORI,Gogounou,ALI_Gog_05,P2AE_Cable_HTA,ASTER 54mm²,425.0,e9e0a228
0a7710ee,P2AE,,ALIBORI,Gogounou,ALI_Gog_05,P2AE_Cable_BT,PRC 50mm²,8550.0,8e6b4946
d1962a46,P2AE,,ALIBORI,Gogounou,ALI_Gog_05,P2AE_Cable_BT,PRC 70mm²,4581.0,59dc5a38
1bda5c47,P2AE,,ALIBORI,Gogounou,ALI_Gog_05,P2AE_DMT,Point Double DMT-CC,1.0,a4425df9
ef9cf067,P2AE,,ALIBORI,Gogounou,ALI_Gog_05,P2AE_IACM,IACM,1.0,21f4f4d7
16060e4d,P2AE,,ALIBORI,Gogounou,ALI_Gog_05,P2AE_TFO,Transformateur 160 kVA,1.0,8ae558c8
116e2f3c,P2AE,,ALIBORI,Gogounou,ALI_Gog_05,P2AE_EP,EP,84.0,fbeef696
077dbf72,P2AE,,ALIBORI,Gogounou,ALI_Gog_05,P2AE_Terre,Mise à la terre,64.0,002f1a3d
5cf96d0d,P2AE,,ALIBORI,Gogounou,ALI_Gog_05,P2AE_Fouille_HTA,Fouille réseau haute tension,9.0,f03cfc0b
2061b43a,P2AE,,ALIBORI,Gogounou,ALI_Gog_05,P2AE_Fouille_BT,Fouille réseau basse tension,221.0,e221b25e
cd598c75,P2AE,,ALIBORI,Kandi,ALI_Kan_01,P2AE_PBA_BT,PBA 9A200,23.0,2ec17c4d
1fe48d61,P2AE,,ALIBORI,Kandi,ALI_Kan_01,P2AE_PBA_BT,PBA 9A650,19.0,215ac167
836009dd,P2AE,,ALIBORI,Kandi,ALI_Kan_01,P2AE_PBA_BT,PBA 9C650,3.0,9c6af0a4
62811a08,P2AE,,ALIBORI,Kandi,ALI_Kan_01,P2AE_PBA_BT,PBA 9C800,2.0,526229bb
e0ebaa6d,P2AE,,ALIBORI,Kandi,ALI_Kan_01,P2AE_PBA_HTA,PBA 11A1250,1.0,058e9b6a
539c5b6c,P2AE,,ALIBORI,Kandi,ALI_Kan_01,P2AE_PBA_HTA,PBA 12A800,5.0,46cfa5f8
d1eea98f,P2AE,,ALIBORI,Kandi,ALI_Kan_01,P2AE_PBA_HTA,PBA 13A400,5.0,cd39f595
ca4a12a1,P2AE,,ALIBORI,Kandi,ALI_Kan_01,P2AE_PBA_HTA,PBA 13C800,3.0,d6344558
dedfa021,P2AE,,ALIBORI,Kandi,ALI_Kan_01,P2AE_PBA_HTA,PBA 14A1000,5.0,ffbf33ef
476953c3,P2AE,,ALIBORI,Kandi,ALI_Kan_01,P2AE_PBA_HTA,PBA 14C1000,1.0,f74fbc64
497e35603,P2AE,,ALIBORI,Kandi,ALI_Kan_01,P2AE_Cable_HTA,ASTER 54mm²,80.0,e9e0a228
c706ff6e,P2AE,,ALIBORI,Kandi,ALI_Kan_01,P2AE_Cable_BT,PRC 50mm²,1920.0,8e6b4946
5e330fc7,P2AE,,ALIBORI,Kandi,ALI_Kan_01,P2AE_Cable_BT,PRC 70mm²,1305.0,59dc5a38
87530a00,P2AE,,ALIBORI,Kandi,ALI_Kan_01,P2AE_EP,EP,38.0,fbeef696
810bcfae,P2AE,,ALIBORI,Kandi,ALI_Kan_01,P2AE_Terre,Mise à la terre,32.0,002f1a3d
f1d4af89,P2AE,,ALIBORI,Kandi,ALI_Kan_01,P2AE_Fouille_HTA,Fouille réseau haute tension,20.0,f03cfc0b
37b37fab,P2AE,,ALIBORI,Kandi,ALI_Kan_01,P2AE_Fouille_BT,Fouille réseau basse tension,49.0,e221b25e
58e013f2,P2AE,,ALIBORI,Kandi,ALI_Kan_02,P2AE_PBA_BT,PBA 9A200,147.0,2ec17c4d
3a955806,P2AE,,ALIBORI,Kandi,ALI_Kan_02,P2AE_PBA_BT,PBA 9A650,84.0,215ac167
d3924019,P2AE,,ALIBORI,Kandi,ALI_Kan_02,P2AE_PBA_BT,PBA 9C650,17.0,9c6af0a4
d3c4e7f6,P2AE,,ALIBORI,Kandi,ALI_Kan_02,P2AE_PBA_BT,PBA 9C800,3.0,526229bb
ac3ce0c9,P2AE,,ALIBORI,Kandi,ALI_Kan_02,P2AE_PBA_HTA,PBA 11A1250,2.0,058e9b6a
79dff89f,P2AE,,ALIBORI,Kandi,ALI_Kan_02,P2AE_PBA_HTA,PBA 12A800,2.0,46cfa5f8
0a19fbbd,P2AE,,ALIBORI,Kandi,ALI_Kan_02,P2AE_PBA_HTA,PBA 13A400,2.0,cd39f595
1bb29119,P2AE,,ALIBORI,Kandi,ALI_Kan_02,P2AE_PBA_HTA,PBA 13C800,5.0,d6344558
36674afe,P2AE,,ALIBORI,Kandi,ALI_Kan_02,P2AE_PBA_HTA,PBA 14A1000,1.0,ffbf33ef
4e8e7143,P2AE,,ALIBORI,Kandi,ALI_Kan_02,P2AE_PBA_HTA,PBA 14C1000,2.0,f74fbc64
ddef61fd,P2AE,,ALIBORI,Kandi,ALI_Kan_02,P2AE_Cable_HTA,ASTER 54mm²,350.0,e9e0a228
e660d565,P2AE,,ALIBORI,Kandi,ALI_Kan_02,P2AE_Cable_BT,PRC 50mm²,7505.0,8e6b4946
dea88019,P2AE,,ALIBORI,Kandi,ALI_Kan_02,P2AE_Cable_BT,PRC 70mm²,4110.0,59dc5a38
4db2fa91,P2AE,,ALIBORI,Kandi,ALI_Kan_02,P2AE_DMT,Point Double DMT-CC,2.0,a4425df9
90b7e24b,P2AE,,ALIBORI,Kandi,ALI_Kan_02,P2AE_IACM,IACM,2.0,21f4f4d7
5e45f915,P2AE,,ALIBORI,Kandi,ALI_Kan_02,P2AE_TFO,Transformateur 160 kVA,2.0,8ae558c8
495fe90e,P2AE,,ALIBORI,Kandi,ALI_Kan_02,P2AE_EP,EP,128.0,fbeef696
7d879cb5,P2AE,,ALIBORI,Kandi,ALI_Kan_02,P2AE_Terre,Mise à la terre,76.0,002f1a3d
761c4126,P2AE,,ALIBORI,Kandi,ALI_Kan_02,P2AE_Fouille_HTA,Fouille réseau haute tension,14.0,f03cfc0b
a7e789ef,P2AE,,ALIBORI,Kandi,ALI_Kan_02,P2AE_Fouille_BT,Fouille réseau basse tension,253.0,e221b25e
61c1e911,P2AE,,ALIBORI,Kandi,ALI_Kan_03,P2AE_PBA_BT,PBA 9A200,19.0,2ec17c4d
4dfbcc6c,P2AE,,ALIBORI,Kandi,ALI_Kan_03,P2AE_PBA_BT,PBA 9A650,12.0,215ac167
04cc362f,P2AE,,ALIBORI,Kandi,ALI_Kan_03,P2AE_PBA_BT,PBA 9C650,2.0,9c6af0a4
1f4243cc,P2AE,,ALIBORI,Kandi,ALI_Kan_03,P2AE_PBA_HTA,PBA 11A1250,1.0,058e9b6a
7346bf23,P2AE,,ALIBORI,Kandi,ALI_Kan_03,P2AE_PBA_HTA,PBA 12A800,1.0,46cfa5f8
f2b16240,P2AE,,ALIBORI,Kandi,ALI_Kan_03,P2AE_PBA_HTA,PBA 13A400,1.0,cd39f595
b001913b,P2AE,,ALIBORI,Kandi,ALI_Kan_03,P2AE_PBA_HTA,PBA 13C1250,2.0,50dc40e9
da2fb789,P2AE,,ALIBORI,Kandi,ALI_Kan_03,P2AE_PBA_HTA,PBA 13C800,2.0,d6344558
ba5d33b9,P2AE,,ALIBORI,Kandi,ALI_Kan_03,P2AE_Cable_HTA,ASTER 54mm²,245.0,e9e0a228
ddc71ef1,P2AE,,ALIBORI,Kandi,ALI_Kan_03,P2AE_Cable_BT,PRC 50mm²,950.0,8e6b4946
3954cc2c,P2AE,,ALIBORI,Kandi,ALI_Kan_03,P2AE_Cable_BT,PRC 70mm²,225.0,59dc5a38
b16c31f6,P2AE,,ALIBORI,Kandi,ALI_Kan_03,P2AE_DMT,Point Double DMT-CC,1.0,a4425df9
3d8b0e97,P2AE,,ALIBORI,Kandi,ALI_Kan_03,P2AE_IACM,IACM,1.0,21f4f4d7
430bd8b0,P2AE,,ALIBORI,Kandi,ALI_Kan_03,P2AE_TFO,Transformateur 160 kVA,1.0,8ae558c8
04ba18f9,P2AE,,ALIBORI,Kandi,ALI_Kan_03,P2AE_EP,EP,11.0,fbeef696
ba660deb,P2AE,,ALIBORI,Kandi,ALI_Kan_03,P2AE_Terre,Mise à la terre,11.0,002f1a3d
16bf1526,P2AE,,ALIBORI,Kandi,ALI_Kan_03,P2AE_Fouille_HTA,Fouille réseau haute tension,7.0,f03cfc0b
02eb6a26,P2AE,,ALIBORI,Kandi,ALI_Kan_03,P2AE_Fouille_BT,Fouille réseau basse tension,34.0,e221b25e
f598a955,P2AE,,ALIBORI,Kandi,ALI_Kan_04,P2AE_PBA_BT,PBA 9A200,104.0,2ec17c4d
089c081d,P2AE,,ALIBORI,Kandi,ALI_Kan_04,P2AE_PBA_BT,PBA 9A650,81.0,215ac167
972e3063,P2AE,,ALIBORI,Kandi,ALI_Kan_04,P2AE_PBA_BT,PBA 9C650,19.0,9c6af0a4
e906b23e,P2AE,,ALIBORI,Kandi,ALI_Kan_04,P2AE_PBA_BT,PBA 9C800,1.0,526229bb
e6505c9b,P2AE,,ALIBORI,Kandi,ALI_Kan_04,P2AE_PBA_HTA,PBA 11A1250,2.0,058e9b6a
a0e5d663,P2AE,,ALIBORI,Kandi,ALI_Kan_04,P2AE_PBA_HTA,PBA 12A800,2.0,46cfa5f8
9f11ed2e,P2AE,,ALIBORI,Kandi,ALI_Kan_04,P2AE_PBA_HTA,PBA 13A400,3.0,cd39f595
952a9237,P2AE,,ALIBORI,Kandi,ALI_Kan_04,P2AE_PBA_HTA,PBA 13C800,6.0,d6344558
cbcbf2ea,P2AE,,ALIBORI,Kandi,ALI_Kan_04,P2AE_PBA_HTA,PBA 14A1000,1.0,ffbf33ef
d6b8ec48,P2AE,,ALIBORI,Kandi,ALI_Kan_04,P2AE_PBA_HTA,PBA 14C1000,2.0,f74fbc64
6d4b8172,P2AE,,ALIBORI,Kandi,ALI_Kan_04,P2AE_Cable_HTA,ASTER 54mm²,420.0,e9e0a228
18d1bfda,P2AE,,ALIBORI,Kandi,ALI_Kan_04,P2AE_Cable_BT,PRC 50mm²,7050.0,8e6b4946
122f4dca,P2AE,,ALIBORI,Kandi,ALI_Kan_04,P2AE_Cable_BT,PRC 70mm²,3320.0,59dc5a38
9072351d,P2AE,,ALIBORI,Kandi,ALI_Kan_04,P2AE_DMT,Point Double DMT-CC,2.0,a4425df9
3c9baafa,P2AE,,ALIBORI,Kandi,ALI_Kan_04,P2AE_IACM,IACM,2.0,21f4f4d7
734eb666,P2AE,,ALIBORI,Kandi,ALI_Kan_04,P2AE_TFO,Transformateur 160 kVA,2.0,8ae558c8
1bcc8071,P2AE,,ALIBORI,Kandi,ALI_Kan_04,P2AE_EP,EP,94.0,fbeef696
c386f58c,P2AE,,ALIBORI,Kandi,ALI_Kan_04,P2AE_Terre,Mise à la terre,74.0,002f1a3d
71b33790,P2AE,,ALIBORI,Kandi,ALI_Kan_04,P2AE_Fouille_HTA,Fouille réseau haute tension,16.0,f03cfc0b
541754a7,P2AE,,ALIBORI,Kandi,ALI_Kan_04,P2AE_Fouille_BT,Fouille réseau basse tension,208.0,e221b25e
61f6bd4d,P2AE,,ALIBORI,Kandi,ALI_Kan_05,P2AE_PBA_BT,PBA 9A200,22.0,2ec17c4d
0da904ec,P2AE,,ALIBORI,Kandi,ALI_Kan_05,P2AE_PBA_BT,PBA 9A650,26.0,215ac167
bbe0ac43,P2AE,,ALIBORI,Kandi,ALI_Kan_05,P2AE_PBA_BT,PBA 9C650,4.0,9c6af0a4
9e37a6ac,P2AE,,ALIBORI,Kandi,ALI_Kan_05,P2AE_PBA_HTA,PBA 11A1250,1.0,058e9b6a
3bc8eab6,P2AE,,ALIBORI,Kandi,ALI_Kan_05,P2AE_PBA_HTA,PBA 12A800,1.0,46cfa5f8
b1541a0d,P2AE,,ALIBORI,Kandi,ALI_Kan_05,P2AE_PBA_HTA,PBA 13A400,1.0,cd39f595
6b221782,P2AE,,ALIBORI,Kandi,ALI_Kan_05,P2AE_PBA_HTA,PBA 13C800,2.0,d6344558
5bed5f62,P2AE,,ALIBORI,Kandi,ALI_Kan_05,P2AE_PBA_HTA,PBA 14C1000,1.0,f74fbc64
973t39187,P2AE,,ALIBORI,Kandi,ALI_Kan_05,P2AE_Cable_HTA,ASTER 54mm²,190.0,e9e0a228
20754c92,P2AE,,ALIBORI,Kandi,ALI_Kan_05,P2AE_Cable_BT,PRC 50mm²,1920.0,8e6b4946
31d6c113,P2AE,,ALIBORI,Kandi,ALI_Kan_05,P2AE_Cable_BT,PRC 70mm²,260.0,59dc5a38
c56afe7c,P2AE,,ALIBORI,Kandi,ALI_Kan_05,P2AE_DMT,Point Double DMT-CC,1.0,a4425df9
589ada51,P2AE,,ALIBORI,Kandi,ALI_Kan_05,P2AE_IACM,IACM,1.0,21f4f4d7
a55e9db4,P2AE,,ALIBORI,Kandi,ALI_Kan_05,P2AE_TFO,Transformateur 160 kVA,1.0,8ae558c8
fd2c7296,P2AE,,ALIBORI,Kandi,ALI_Kan_05,P2AE_EP,EP,25.0,fbeef696
d84884d3,P2AE,,ALIBORI,Kandi,ALI_Kan_05,P2AE_Terre,Mise à la terre,23.0,002f1a3d
a906d1c4,P2AE,,ALIBORI,Kandi,ALI_Kan_05,P2AE_Fouille_HTA,Fouille réseau haute tension,6.0,f03cfc0b
6677d762,P2AE,,ALIBORI,Kandi,ALI_Kan_05,P2AE_Fouille_BT,Fouille réseau basse tension,53.0,e221b25e
df519c0c,P2AE,,ALIBORI,Kandi,ALI_Kan_06,P2AE_PBA_BT,PBA 11C650,3.0,29ef61f5
28390cb9,P2AE,,ALIBORI,Kandi,ALI_Kan_06,P2AE_PBA_BT,PBA 9A200,29.0,2ec17c4d
974ff616,P2AE,,ALIBORI,Kandi,ALI_Kan_06,P2AE_PBA_BT,PBA 9A650,16.0,215ac167
7806i4188,P2AE,,ALIBORI,Kandi,ALI_Kan_06,P2AE_PBA_BT,PBA 9C650,1.0,9c6af0a4
46d5c23c,P2AE,,ALIBORI,Kandi,ALI_Kan_06,P2AE_PBA_BT,PBA 9C800,1.0,526229bb
35ed2f94,P2AE,,ALIBORI,Kandi,ALI_Kan_06,P2AE_PBA_HTA,PBA 11A1250,1.0,058e9b6a
bb3d3ddb,P2AE,,ALIBORI,Kandi,ALI_Kan_06,P2AE_PBA_HTA,PBA 12A800,1.0,46cfa5f8
756ace2b,P2AE,,ALIBORI,Kandi,ALI_Kan_06,P2AE_PBA_HTA,PBA 14A1000,10.0,ffbf33ef
5d367e91,P2AE,,ALIBORI,Kandi,ALI_Kan_06,P2AE_PBA_HTA,PBA 14C1000,4.0,f74fbc64
605l67563,P2AE,,ALIBORI,Kandi,ALI_Kan_06,P2AE_Cable_HTA,ASTER 54mm²,100.0,e9e0a228
5e531320,P2AE,,ALIBORI,Kandi,ALI_Kan_06,P2AE_Cable_BT,PRC 50mm²,2320.0,8e6b4946
a84ed8dd,P2AE,,ALIBORI,Kandi,ALI_Kan_06,P2AE_Cable_BT,PRC 70mm²,1040.0,59dc5a38
609f3b2f,P2AE,,ALIBORI,Kandi,ALI_Kan_06,P2AE_DMT,Point Double DMT-CC,1.0,a4425df9
9b21046f,P2AE,,ALIBORI,Kandi,ALI_Kan_06,P2AE_IACM,IACM,1.0,21f4f4d7
57f1b39e,P2AE,,ALIBORI,Kandi,ALI_Kan_06,P2AE_TFO,Transformateur 160 kVA,1.0,8ae558c8
9131cb50,P2AE,,ALIBORI,Kandi,ALI_Kan_06,P2AE_EP,EP,27.0,fbeef696
c4425f13,P2AE,,ALIBORI,Kandi,ALI_Kan_06,P2AE_Terre,Mise à la terre,20.0,002f1a3d
98aee3ad,P2AE,,ALIBORI,Kandi,ALI_Kan_06,P2AE_Fouille_HTA,Fouille réseau haute tension,16.0,f03cfc0b
c9f39715,P2AE,,ALIBORI,Kandi,ALI_Kan_06,P2AE_Fouille_BT,Fouille réseau basse tension,51.0,e221b25e
0c634d1c,P2AE,,DONGA,Bassila,DON_Bas_01,P2AE_PBA_BT,PBA 9A200,68.0,2ec17c4d
7c1e0d12,P2AE,,DONGA,Bassila,DON_Bas_01,P2AE_PBA_BT,PBA 9A650,57.0,215ac167
63bbedc6,P2AE,,DONGA,Bassila,DON_Bas_01,P2AE_PBA_BT,PBA 9C650,13.0,9c6af0a4
d25e0540,P2AE,,DONGA,Bassila,DON_Bas_01,P2AE_PBA_HTA,PBA 11A1250,1.0,058e9b6a
bf7ce2fa,P2AE,,DONGA,Bassila,DON_Bas_01,P2AE_PBA_HTA,PBA 12A800,1.0,46cfa5f8
c5134404,P2AE,,DONGA,Bassila,DON_Bas_01,P2AE_PBA_HTA,PBA 13C800,1.0,d6344558
d5bba431,P2AE,,DONGA,Bassila,DON_Bas_01,P2AE_Cable_HTA,ASTER 54mm²,153.0,e9e0a228
ecf2aac4,P2AE,,DONGA,Bassila,DON_Bas_01,P2AE_Cable_HTA,ASTER 75mm²,0.0,630f858d
7d028f38,P2AE,,DONGA,Bassila,DON_Bas_01,P2AE_Cable_BT,PRC 50mm²,6050.0,8e6b4946
822c9213,P2AE,,DONGA,Bassila,DON_Bas_01,P2AE_Cable_BT,PRC 70mm²,135.0,59dc5a38
d93af626,P2AE,,DONGA,Bassila,DON_Bas_01,P2AE_DMT,Point Double DMT-CC,1.0,a4425df9
20bf0aa4,P2AE,,DONGA,Bassila,DON_Bas_01,P2AE_IACM,IACM,1.0,21f4f4d7
1cf29a2f,P2AE,,DONGA,Bassila,DON_Bas_01,P2AE_TFO,Transformateur 160 kVA,1.0,8ae558c8
90baf2d5,P2AE,,DONGA,Bassila,DON_Bas_01,P2AE_EP,EP,54.0,fbeef696
202faf99,P2AE,,DONGA,Bassila,DON_Bas_01,P2AE_Terre,Mise à la terre,46.0,002f1a3d
50o58371,P2AE,,DONGA,Bassila,DON_Bas_01,P2AE_Fouille_HTA,Fouille réseau haute tension,3.0,f03cfc0b
806d0e68,P2AE,,DONGA,Bassila,DON_Bas_01,P2AE_Fouille_BT,Fouille réseau basse tension,139.0,e221b25e
830c6e17,P2AE,,DONGA,Bassila,DON_Bas_02,P2AE_PBA_BT,PBA 11C650,2.0,29ef61f5
86b1a6e4,P2AE,,DONGA,Bassila,DON_Bas_02,P2AE_PBA_BT,PBA 9A200,111.0,2ec17c4d
90cbd802,P2AE,,DONGA,Bassila,DON_Bas_02,P2AE_PBA_BT,PBA 9A650,77.0,215ac167
a5945017,P2AE,,DONGA,Bassila,DON_Bas_02,P2AE_PBA_BT,PBA 9C650,23.0,9c6af0a4
111e6de9,P2AE,,DONGA,Bassila,DON_Bas_02,P2AE_PBA_HTA,PBA 11A1250,2.0,058e9b6a
cfe9974f,P2AE,,DONGA,Bassila,DON_Bas_02,P2AE_PBA_HTA,PBA 12A800,2.0,46cfa5f8
1d8cbaca,P2AE,,DONGA,Bassila,DON_Bas_02,P2AE_PBA_HTA,PBA 13A400,23.0,cd39f595
c7f52aa7,P2AE,,DONGA,Bassila,DON_Bas_02,P2AE_PBA_HTA,PBA 13C1250,1.0,50dc40e9
ff732e0a,P2AE,,DONGA,Bassila,DON_Bas_02,P2AE_PBA_HTA,PBA 13C800,14.0,d6344558
6e8e9474,P2AE,,DONGA,Bassila,DON_Bas_02,P2AE_Cable_HTA,ASTER 54mm²,1473.0,e9e0a228
cbe511c4,P2AE,,DONGA,Bassila,DON_Bas_02,P2AE_Cable_HTA,ASTER 75mm²,0.0,630f858d
0fb5dd68,P2AE,,DONGA,Bassila,DON_Bas_02,P2AE_Cable_BT,PRC 50mm²,8230.0,8e6b4946
93c9241f,P2AE,,DONGA,Bassila,DON_Bas_02,P2AE_Cable_BT,PRC 70mm²,1960.0,59dc5a38
484d4240,P2AE,,DONGA,Bassila,DON_Bas_02,P2AE_DMT,Point Double DMT-CC,2.0,a4425df9
b3957f1b,P2AE,,DONGA,Bassila,DON_Bas_02,P2AE_IACM,IACM,2.0,21f4f4d7
7000c192,P2AE,,DONGA,Bassila,DON_Bas_02,P2AE_TFO,Transformateur 160 kVA,2.0,8ae558c8
3d083619,P2AE,,DONGA,Bassila,DON_Bas_02,P2AE_EP,EP,86.0,fbeef696
6c0f9b49,P2AE,,DONGA,Bassila,DON_Bas_02,P2AE_Terre,Mise à la terre,64.0,002f1a3d
ed1be846,P2AE,,DONGA,Bassila,DON_Bas_02,P2AE_Fouille_HTA,Fouille réseau haute tension,42.0,f03cfc0b
df17c444,P2AE,,DONGA,Bassila,DON_Bas_02,P2AE_Fouille_BT,Fouille réseau basse tension,216.0,e221b25e
31710acc,P2AE,,DONGA,Bassila,DON_Bas_03,P2AE_PBA_BT,PBA 9A200,141.0,2ec17c4d
270bec47,P2AE,,DONGA,Bassila,DON_Bas_03,P2AE_PBA_BT,PBA 9C650,75.0,9c6af0a4
8a4802c2,P2AE,,DONGA,Bassila,DON_Bas_03,P2AE_PBA_BT,PBA 9A650,18.0,215ac167
82d2ffa3,P2AE,,DONGA,Bassila,DON_Bas_03,P2AE_PBA_BT,PBA 11C650,10.0,26e8ec03
694adcc3,P2AE,,DONGA,Bassila,DON_Bas_03,P2AE_Cable_BT,PRC 70mm²,4030.0,59dc5a38
aa6f47da,P2AE,,DONGA,Bassila,DON_Bas_03,P2AE_Cable_BT,PRC 50mm²,8830.0,8e6b4946
c819fc70,P2AE,,DONGA,Bassila,DON_Bas_03,P2AE_PBA_HTA,PBA 13A400,3.0,cd39f595
35cf629e,P2AE,,DONGA,Bassila,DON_Bas_03,P2AE_PBA_HTA,PBA 12A800,41.0,46cfa5f8
a5ea907a,P2AE,,DONGA,Bassila,DON_Bas_03,P2AE_PBA_HTA,PBA 11A1250,4.0,058e9b6a
244accd5,P2AE,,DONGA,Bassila,DON_Bas_03,P2AE_PBA_HTA,PBA 13C800,10.0,d6344558
680621u15,P2AE,,DONGA,Bassila,DON_Bas_03,P2AE_Cable_HTA,ASTER 54mm²,608.0,e9e0a228
35f31249,P2AE,,DONGA,Bassila,DON_Bas_03,P2AE_DMT,Point Double DMT-CC,3.0,a4425df9
2066e88e,P2AE,,DONGA,Bassila,DON_Bas_03,P2AE_IACM,IACM,3.0,21f4f4d7
05a57dfd,P2AE,,DONGA,Bassila,DON_Bas_03,P2AE_TFO,Transformateur 160 kVA,3.0,8ae558c8
ec64ea72,P2AE,,DONGA,Bassila,DON_Bas_03,P2AE_EP,EP,115.0,fbeef696
c1c6e8a9,P2AE,,DONGA,Bassila,DON_Bas_03,P2AE_Terre,Mise à la terre,79.0,002f1a3d
8159ba33,P2AE,,DONGA,Bassila,DON_Bas_03,P2AE_Fouille_HTA,Fouille réseau haute tension,58.0,f03cfc0b
f8d87af2,P2AE,,DONGA,Bassila,DON_Bas_03,P2AE_Fouille_BT,Fouille réseau basse tension,244.0,e221b25e
e8fb0238,P2AE,,DONGA,Bassila,DON_Bas_04,P2AE_PBA_BT,PBA 11C650,1.0,26e8ec03
a2e65035,P2AE,,DONGA,Bassila,DON_Bas_04,P2AE_PBA_BT,PBA 9A200,6.0,2ec17c4d
55f911d6,P2AE,,DONGA,Bassila,DON_Bas_04,P2AE_PBA_BT,PBA 9A650,7.0,215ac167
996687d9,P2AE,,DONGA,Bassila,DON_Bas_04,P2AE_PBA_HTA,PBA 11A1250,1.0,058e9b6a
68da7722,P2AE,,DONGA,Bassila,DON_Bas_04,P2AE_PBA_HTA,PBA 12A1250,2.0,e290ece0
fe6e1d27,P2AE,,DONGA,Bassila,DON_Bas_04,P2AE_PBA_HTA,PBA 12A800,24.0,46cfa5f8
9f67c050,P2AE,,DONGA,Bassila,DON_Bas_04,P2AE_PBA_HTA,PBA 13C800,1.0,d6344558
cc48f485,P2AE,,DONGA,Bassila,DON_Bas_04,P2AE_Cable_HTA,ASTER 54mm²,153.0,e9e0a228
3c1fd3c4,P2AE,,DONGA,Bassila,DON_Bas_04,P2AE_Cable_HTA,ASTER 75mm²,0.0,630f858d
a7e55e21,P2AE,,DONGA,Bassila,DON_Bas_04,P2AE_Cable_BT,PRC 50mm²,530.0,8e6b4946
b54c832a,P2AE,,DONGA,Bassila,DON_Bas_04,P2AE_Cable_BT,PRC 70mm²,1283.0,59dc5a38
a3619a4a,P2AE,,DONGA,Bassila,DON_Bas_04,P2AE_DMT,Point Double DMT-CC,1.0,a4425df9
92e546da,P2AE,,DONGA,Bassila,DON_Bas_04,P2AE_IACM,IACM,1.0,21f4f4d7
529a80cd,P2AE,,DONGA,Bassila,DON_Bas_04,P2AE_TFO,Transformateur 160 kVA,0.0,8ae558c8
22f017ce,P2AE,,DONGA,Bassila,DON_Bas_04,P2AE_EP,EP,23.0,fbeef696
a89b75b5,P2AE,,DONGA,Bassila,DON_Bas_04,P2AE_Terre,Mise à la terre,16.0,002f1a3d
0988b3d0,P2AE,,DONGA,Bassila,DON_Bas_04,P2AE_Fouille_HTA,Fouille réseau haute tension,28.0,f03cfc0b
be38ee6f,P2AE,,DONGA,Bassila,DON_Bas_04,P2AE_Fouille_BT,Fouille réseau basse tension,14.0,e221b25e
47c50483,P2AE,,DONGA,Djougou,DON_Djo_01,P2AE_PBA_BT,PBA 11C650,5.0,29ef61f5
5a0d3f39,P2AE,,DONGA,Djougou,DON_Djo_01,P2AE_PBA_BT,PBA 9A200,497.0,2ec17c4d
7b99cc01,P2AE,,DONGA,Djougou,DON_Djo_01,P2AE_PBA_BT,PBA 9A650,247.0,215ac167
e127e164,P2AE,,DONGA,Djougou,DON_Djo_01,P2AE_PBA_BT,PBA 9C650,39.0,9c6af0a4
d99a2f2e,P2AE,,DONGA,Djougou,DON_Djo_01,P2AE_PBA_HTA,PBA 11A1250,6.0,058e9b6a
c899574d,P2AE,,DONGA,Djougou,DON_Djo_01,P2AE_PBA_HTA,PBA 12A800,33.0,46cfa5f8
4dc4b1a6,P2AE,,DONGA,Djougou,DON_Djo_01,P2AE_PBA_HTA,PBA 13A400,38.0,cd39f595
645c7c44,P2AE,,DONGA,Djougou,DON_Djo_01,P2AE_PBA_HTA,PBA 13C1250,3.0,50dc40e9
9894r4923,P2AE,,DONGA,Djougou,DON_Djo_01,P2AE_PBA_HTA,PBA 13C800,20.0,d6344558
4f0ad9ad,P2AE,,DONGA,Djougou,DON_Djo_01,P2AE_Cable_HTA,ASTER 54mm²,2235.0,e9e0a228
f22d0d79,P2AE,,DONGA,Djougou,DON_Djo_01,P2AE_Cable_BT,PRC 50mm²,22805.0,8e6b4946
d844b4c7,P2AE,,DONGA,Djougou,DON_Djo_01,P2AE_Cable_BT,PRC 70mm²,15380.0,59dc5a38
28e2d46f,P2AE,,DONGA,Djougou,DON_Djo_01,P2AE_DMT,Point Double DMT-CC,5.0,a4425df9
48b56adf,P2AE,,DONGA,Djougou,DON_Djo_01,P2AE_IACM,IACM,5.0,21f4f4d7
c06adb76,P2AE,,DONGA,Djougou,DON_Djo_01,P2AE_TFO,Transformateur 160 kVA,6.0,8ae558c8
4234f201,P2AE,,DONGA,Djougou,DON_Djo_01,P2AE_EP,EP,309.0,fbeef696
772g50400,P2AE,,DONGA,Djougou,DON_Djo_01,P2AE_Terre,Mise à la terre,211.0,002f1a3d
adffc051,P2AE,,DONGA,Djougou,DON_Djo_01,P2AE_Fouille_HTA,Fouille réseau haute tension,100.0,f03cfc0b
c809ab08,P2AE,,DONGA,Djougou,DON_Djo_01,P2AE_Fouille_BT,Fouille réseau basse tension,792.0,e221b25e
381n52949,P2AE,,DONGA,Djougou,DON_Djo_02,P2AE_PBA_BT,PBA 11C650,1.0,26e8ec03
df4dc83d,P2AE,,DONGA,Djougou,DON_Djo_02,P2AE_PBA_BT,PBA 9A200,44.0,2ec17c4d
e587ed7a,P2AE,,DONGA,Djougou,DON_Djo_02,P2AE_PBA_BT,PBA 9A650,18.0,215ac167
2b02a7dd,P2AE,,DONGA,Djougou,DON_Djo_02,P2AE_PBA_BT,PBA 9C650,8.0,9c6af0a4
a5892035,P2AE,,DONGA,Djougou,DON_Djo_02,P2AE_PBA_HTA,PBA 12A800,10.0,46cfa5f8
16a803a0,P2AE,,DONGA,Djougou,DON_Djo_02,P2AE_PBA_HTA,PBA 13C800,1.0,d6344558
3257170f,P2AE,,DONGA,Djougou,DON_Djo_02,P2AE_Cable_BT,PRC 50mm²,3090.0,8e6b4946
3af5b091,P2AE,,DONGA,Djougou,DON_Djo_02,P2AE_Cable_BT,PRC 70mm²,680.0,59dc5a38
8d6a901b,P2AE,,DONGA,Djougou,DON_Djo_02,P2AE_EP,EP,40.0,fbeef696
207ea0e9,P2AE,,DONGA,Djougou,DON_Djo_02,P2AE_Terre,Mise à la terre,22.0,002f1a3d
8e15127b,P2AE,,DONGA,Djougou,DON_Djo_02,P2AE_Fouille_HTA,Fouille réseau haute tension,11.0,f03cfc0b
bbdcfe61,P2AE,,DONGA,Djougou,DON_Djo_02,P2AE_Fouille_BT,Fouille réseau basse tension,71.0,e221b25e
be074da4,P2AE,,DONGA,Djougou,DON_Djo_03,P2AE_PBA_BT,PBA 11C650,5.0,26e8ec03
59e6746d,P2AE,,DONGA,Djougou,DON_Djo_03,P2AE_PBA_BT,PBA 9A200,106.0,2ec17c4d
253e392c,P2AE,,DONGA,Djougou,DON_Djo_03,P2AE_PBA_BT,PBA 9A650,52.0,215ac167
edaf5851,P2AE,,DONGA,Djougou,DON_Djo_03,P2AE_PBA_BT,PBA 9C650,13.0,9c6af0a4
a1c7078f,P2AE,,DONGA,Djougou,DON_Djo_03,P2AE_PBA_HTA,PBA 11A1250,3.0,058e9b6a
ad497183,P2AE,,DONGA,Djougou,DON_Djo_03,P2AE_PBA_HTA,PBA 12A800,44.0,46cfa5f8
91ec65f8,P2AE,,DONGA,Djougou,DON_Djo_03,P2AE_PBA_HTA,PBA 13C800,9.0,d6344558
4261s1477,P2AE,,DONGA,Djougou,DON_Djo_03,P2AE_Cable_HTA,ASTER 54mm²,280.0,e9e0a228
f9200cae,P2AE,,DONGA,Djougou,DON_Djo_03,P2AE_Cable_BT,PRC 50mm²,9554.0,8e6b4946
bf4c0fe0,P2AE,,DONGA,Djougou,DON_Djo_03,P2AE_Cable_BT,PRC 70mm²,1584.0,59dc5a38
b81966d3,P2AE,,DONGA,Djougou,DON_Djo_03,P2AE_DMT,Point Double DMT-CC,3.0,a4425df9
db045fcb,P2AE,,DONGA,Djougou,DON_Djo_03,P2AE_IACM,IACM,3.0,21f4f4d7
f2160114,P2AE,,DONGA,Djougou,DON_Djo_03,P2AE_TFO,Transformateur 160 kVA,2.0,8ae558c8
fc76f96e,P2AE,,DONGA,Djougou,DON_Djo_03,P2AE_EP,EP,83.0,fbeef696
f2e190fa,P2AE,,DONGA,Djougou,DON_Djo_03,P2AE_Terre,Mise à la terre,77.0,002f1a3d
cd825439,P2AE,,DONGA,Djougou,DON_Djo_03,P2AE_Fouille_HTA,Fouille réseau haute tension,56.0,f03cfc0b
2f2c284a,P2AE,,DONGA,Djougou,DON_Djo_03,P2AE_Fouille_BT,Fouille réseau basse tension,176.0,e221b25e
8c90f909,P2AE,,DONGA,Djougou,DON_Djo_04,P2AE_PBA_BT,PBA 11C650,1.0,26e8ec03
79f21437,P2AE,,DONGA,Djougou,DON_Djo_04,P2AE_PBA_BT,PBA 9A200,52.0,2ec17c4d
d62c14f4,P2AE,,DONGA,Djougou,DON_Djo_04,P2AE_PBA_BT,PBA 9A650,39.0,215ac167
4b32aab5,P2AE,,DONGA,Djougou,DON_Djo_04,P2AE_PBA_BT,PBA 9C650,2.0,9c6af0a4
42b0c18c,P2AE,,DONGA,Djougou,DON_Djo_04,P2AE_PBA_HTA,PBA 11A1250,1.0,058e9b6a
147fcc35,P2AE,,DONGA,Djougou,DON_Djo_04,P2AE_PBA_HTA,PBA 12A800,3.0,46cfa5f8
adb82394,P2AE,,DONGA,Djougou,DON_Djo_04,P2AE_PBA_HTA,PBA 13A400,14.0,cd39f595
5782a02d,P2AE,,DONGA,Djougou,DON_Djo_04,P2AE_PBA_HTA,PBA 13C800,8.0,d6344558
fb7fb5c0,P2AE,,DONGA,Djougou,DON_Djo_04,P2AE_Cable_HTA,ASTER 54mm²,2965.0,e9e0a228
8790f759,P2AE,,DONGA,Djougou,DON_Djo_04,P2AE_Cable_BT,PRC 50mm²,2965.0,8e6b4946
43e2781f,P2AE,,DONGA,Djougou,DON_Djo_04,P2AE_Cable_BT,PRC 70mm²,1862.0,59dc5a38
1477bbab,P2AE,,DONGA,Djougou,DON_Djo_04,P2AE_DMT,Point Double DMT-CC,1.0,a4425df9
1e106a2a,P2AE,,DONGA,Djougou,DON_Djo_04,P2AE_IACM,IACM,1.0,21f4f4d7
e0c2eb98,P2AE,,DONGA,Djougou,DON_Djo_04,P2AE_TFO,Transformateur 160 kVA,1.0,8ae558c8
3cbb10a6,P2AE,,DONGA,Djougou,DON_Djo_04,P2AE_EP,EP,60.0,fbeef696
2c630229,P2AE,,DONGA,Djougou,DON_Djo_04,P2AE_Terre,Mise à la terre,44.0,002f1a3d
2c2340f5,P2AE,,DONGA,Djougou,DON_Djo_04,P2AE_Fouille_HTA,Fouille réseau haute tension,26.0,f03cfc0b
4dcab6e1,P2AE,,DONGA,Djougou,DON_Djo_04,P2AE_Fouille_BT,Fouille réseau basse tension,94.0,e221b25e
5e6824a2,P2AE,,DONGA,Djougou,DON_Djo_05,P2AE_PBA_BT,PBA 9A200,37.0,2ec17c4d
248510f9,P2AE,,DONGA,Djougou,DON_Djo_05,P2AE_PBA_BT,PBA 9A650,31.0,215ac167
1651f2681,P2AE,,DONGA,Djougou,DON_Djo_05,P2AE_PBA_BT,PBA 9C650,7.0,9c6af0a4
18aceafd,P2AE,,DONGA,Djougou,DON_Djo_05,P2AE_PBA_HTA,PBA 11A1250,1.0,058e9b6a
5a1a4d38,P2AE,,DONGA,Djougou,DON_Djo_05,P2AE_PBA_HTA,PBA 12A800,18.0,46cfa5f8
f63d1d45,P2AE,,DONGA,Djougou,DON_Djo_05,P2AE_PBA_HTA,PBA 13C800,7.0,d6344558
214772d7,P2AE,,DONGA,Djougou,DON_Djo_05,P2AE_PBA_HTA,PBA 14A1000,1.0,ffbf33ef
7845e6c6,P2AE,,DONGA,Djougou,DON_Djo_05,P2AE_PBA_HTA,PBA 14C1000,1.0,f74fbc64
7a81ae43,P2AE,,DONGA,Djougou,DON_Djo_05,P2AE_Cable_HTA,ASTER 54mm²,160.0,e9e0a228
cc11cf26,P2AE,,DONGA,Djougou,DON_Djo_05,P2AE_Cable_BT,PRC 50mm²,4183.0,8e6b4946
365e2f1a,P2AE,,DONGA,Djougou,DON_Djo_05,P2AE_DMT,Point Double DMT-CC,1.0,a4425df9
8168af21,P2AE,,DONGA,Djougou,DON_Djo_05,P2AE_IACM,IACM,1.0,21f4f4d7
19ed9d42,P2AE,,DONGA,Djougou,DON_Djo_05,P2AE_TFO,Transformateur 160 kVA,1.0,8ae558c8
7d96ab6a,P2AE,,DONGA,Djougou,DON_Djo_05,P2AE_EP,EP,47.0,fbeef696
3f1bda6e,P2AE,,DONGA,Djougou,DON_Djo_05,P2AE_Terre,Mise à la terre,37.0,002f1a3d
456653cc,P2AE,,DONGA,Djougou,DON_Djo_05,P2AE_Fouille_HTA,Fouille réseau haute tension,28.0,f03cfc0b
2d4f8920,P2AE,,DONGA,Djougou,DON_Djo_05,P2AE_Fouille_BT,Fouille réseau basse tension,76.0,e221b25e
57b771fa,P2AE,,DONGA,Ouaké,DON_Oua_01,P2AE_PBA_BT,PBA 11C650,7.0,29ef61f5
155bb569,P2AE,,DONGA,Ouaké,DON_Oua_01,P2AE_PBA_BT,PBA 9A200,38.0,2ec17c4d
2c9ee062,P2AE,,DONGA,Ouaké,DON_Oua_01,P2AE_PBA_BT,PBA 9A650,50.0,215ac167
0267eee8,P2AE,,DONGA,Ouaké,DON_Oua_01,P2AE_PBA_BT,PBA 9C650,11.0,9c6af0a4
481h50626,P2AE,,DONGA,Ouaké,DON_Oua_01,P2AE_PBA_HTA,PBA 11A1250,1.0,058e9b6a
bcd5d52b,P2AE,,DONGA,Ouaké,DON_Oua_01,P2AE_PBA_HTA,PBA 12A800,10.0,46cfa5f8
6c157f18,P2AE,,DONGA,Ouaké,DON_Oua_01,P2AE_PBA_HTA,PBA 13C800,2.0,d6344558
70635c08,P2AE,,DONGA,Ouaké,DON_Oua_01,P2AE_Cable_HTA,ASTER 54mm²,100.0,e9e0a228
25044dff,P2AE,,DONGA,Ouaké,DON_Oua_01,P2AE_Cable_BT,PRC 50mm²,2160.0,8e6b4946
34df6f26,P2AE,,DONGA,Ouaké,DON_Oua_01,P2AE_Cable_BT,PRC 70mm²,2761.0,59dc5a38
b373a5b1,P2AE,,DONGA,Ouaké,DON_Oua_01,P2AE_DMT,Point Double DMT-CC,1.0,a4425df9
8a1e5817,P2AE,,DONGA,Ouaké,DON_Oua_01,P2AE_IACM,IACM,1.0,21f4f4d7
0ad88237,P2AE,,DONGA,Ouaké,DON_Oua_01,P2AE_TFO,Transformateur 160 kVA,1.0,8ae558c8
6b3ed9f9,P2AE,,DONGA,Ouaké,DON_Oua_01,P2AE_EP,EP,48.0,fbeef696
97cf5837,P2AE,,DONGA,Ouaké,DON_Oua_01,P2AE_Terre,Mise à la terre,32.0,002f1a3d
f49e8557,P2AE,,DONGA,Ouaké,DON_Oua_01,P2AE_Fouille_HTA,Fouille réseau haute tension,14.0,f03cfc0b
02d190a5,P2AE,,DONGA,Ouaké,DON_Oua_01,P2AE_Fouille_BT,Fouille réseau basse tension,110.0,e221b25e
4bc7f472,P2AE,,DONGA,Ouaké,DON_Oua_02,P2AE_PBA_BT,PBA 11C650,1.0,29ef61f5
2da7a0ab,P2AE,,DONGA,Ouaké,DON_Oua_02,P2AE_PBA_BT,PBA 9A200,36.0,2ec17c4d
d3b2a8e2,P2AE,,DONGA,Ouaké,DON_Oua_02,P2AE_PBA_BT,PBA 9A650,32.0,215ac167
7a4f0f54,P2AE,,DONGA,Ouaké,DON_Oua_02,P2AE_PBA_BT,PBA 9C650,5.0,9c6af0a4
0b181d9f,P2AE,,DONGA,Ouaké,DON_Oua_02,P2AE_PBA_HTA,PBA 11A1250,1.0,058e9b6a
0094b63c,P2AE,,DONGA,Ouaké,DON_Oua_02,P2AE_PBA_HTA,PBA 12A800,5.0,46cfa5f8
25c201ec,P2AE,,DONGA,Ouaké,DON_Oua_02,P2AE_PBA_HTA,PBA 13C1250,1.0,50dc40e9
a74a8b73,P2AE,,DONGA,Ouaké,DON_Oua_02,P2AE_PBA_HTA,PBA 13C800,3.0,d6344558
1c348b7c,P2AE,,DONGA,Ouaké,DON_Oua_02,P2AE_Cable_HTA,ASTER 54mm²,90.0,e9e0a228
2c65053c,P2AE,,DONGA,Ouaké,DON_Oua_02,P2AE_Cable_BT,PRC 50mm²,2750.0,8e6b4946
ed6d57ef,P2AE,,DONGA,Ouaké,DON_Oua_02,P2AE_Cable_BT,PRC 70mm²,40.0,59dc5a38
2c65153c,P2AE,,DONGA,Ouaké,DON_Oua_02,P2AE_DMT,Point Double DMT-CC,1.0,a4425df9
0ee5a06f,P2AE,,DONGA,Ouaké,DON_Oua_02,P2AE_IACM,IACM,1.0,21f4f4d7
932d6081,P2AE,,DONGA,Ouaké,DON_Oua_02,P2AE_TFO,Transformateur 160 kVA,1.0,8ae558c8
3a868827,P2AE,,DONGA,Ouaké,DON_Oua_02,P2AE_EP,EP,34.0,fbeef696
13db7bcf,P2AE,,DONGA,Ouaké,DON_Oua_02,P2AE_Terre,Mise à la terre,26.0,002f1a3d
8c19bbf4,P2AE,,DONGA,Ouaké,DON_Oua_02,P2AE_Fouille_HTA,Fouille réseau haute tension,9.0,f03cfc0b
d329bef8,P2AE,,DONGA,Ouaké,DON_Oua_02,P2AE_Fouille_BT,Fouille réseau basse tension,74.0,e221b25e
06eb3078,P2AE,,DONGA,Ouaké,DON_Oua_03,P2AE_PBA_BT,PBA 9A200,39.0,2ec17c4d
f750ec4e,P2AE,,DONGA,Ouaké,DON_Oua_03,P2AE_PBA_BT,PBA 9A650,63.0,215ac167
8419ca28,P2AE,,DONGA,Ouaké,DON_Oua_03,P2AE_PBA_BT,PBA 9C650,12.0,9c6af0a4
1bc22f74,P2AE,,DONGA,Ouaké,DON_Oua_03,P2AE_PBA_HTA,PBA 11A1250,1.0,058e9b6a
7f86f7d6,P2AE,,DONGA,Ouaké,DON_Oua_03,P2AE_PBA_HTA,PBA 12A800,1.0,46cfa5f8
4c5cbb14,P2AE,,DONGA,Ouaké,DON_Oua_03,P2AE_PBA_HTA,PBA 13C800,2.0,d6344558
fdb96314,P2AE,,DONGA,Ouaké,DON_Oua_03,P2AE_Cable_HTA,ASTER 54mm²,100.0,e9e0a228
d24eb0ed,P2AE,,DONGA,Ouaké,DON_Oua_03,P2AE_Cable_BT,PRC 50mm²,2760.0,8e6b4946
dfbc4cca,P2AE,,DONGA,Ouaké,DON_Oua_03,P2AE_Cable_BT,PRC 70mm²,1512.0,59dc5a38
622a3cd2,P2AE,,DONGA,Ouaké,DON_Oua_03,P2AE_DMT,Point Double DMT-CC,1.0,a4425df9
11dabb8a,P2AE,,DONGA,Ouaké,DON_Oua_03,P2AE_IACM,IACM,1.0,21f4f4d7
cd09f0eb,P2AE,,DONGA,Ouaké,DON_Oua_03,P2AE_TFO,Transformateur 160 kVA,1.0,8ae558c8
a68383f3,P2AE,,DONGA,Ouaké,DON_Oua_03,P2AE_EP,EP,42.0,fbeef696
69ddc81c,P2AE,,DONGA,Ouaké,DON_Oua_03,P2AE_Terre,Mise à la terre,37.0,002f1a3d
18ecefa9,P2AE,,DONGA,Ouaké,DON_Oua_03,P2AE_Fouille_HTA,Fouille réseau haute tension,4.0,f03cfc0b
b71982ca,P2AE,,DONGA,Ouaké,DON_Oua_03,P2AE_Fouille_BT,Fouille réseau basse tension,134.0,e221b25e
0838afd1,P2AE,,DONGA,Ouaké,DON_Oua_04,P2AE_PBA_BT,PBA 11C650,1.0,29ef61f5
ab43aceb,P2AE,,DONGA,Ouaké,DON_Oua_04,P2AE_PBA_BT,PBA 9A200,79.0,2ec17c4d
b97ddc08,P2AE,,DONGA,Ouaké,DON_Oua_04,P2AE_PBA_BT,PBA 9A650,93.0,215ac167
9e6ff264,P2AE,,DONGA,Ouaké,DON_Oua_04,P2AE_PBA_BT,PBA 9C650,20.0,9c6af0a4
43273c31,P2AE,,DONGA,Ouaké,DON_Oua_04,P2AE_PBA_BT,PBA 9C800,1.0,526229bb
5296c6436,P2AE,,DONGA,Ouaké,DON_Oua_04,P2AE_PBA_HTA,PBA 11A1250,2.0,058e9b6a
ca80c5a3,P2AE,,DONGA,Ouaké,DON_Oua_04,P2AE_PBA_HTA,PBA 12A800,10.0,46cfa5f8
d59c6756,P2AE,,DONGA,Ouaké,DON_Oua_04,P2AE_PBA_HTA,PBA 13C800,7.0,d6344558
720de8a5,P2AE,,DONGA,Ouaké,DON_Oua_04,P2AE_Cable_HTA,ASTER 54mm²,190.0,e9e0a228
141eb7b8,P2AE,,DONGA,Ouaké,DON_Oua_04,P2AE_Cable_BT,PRC 50mm²,5190.0,8e6b4946
c392ef9d,P2AE,,DONGA,Ouaké,DON_Oua_04,P2AE_Cable_BT,PRC 70mm²,3102.0,59dc5a38
93e644c3,P2AE,,DONGA,Ouaké,DON_Oua_04,P2AE_DMT,Point Double DMT-CC,2.0,a4425df9
fee60c9d,P2AE,,DONGA,Ouaké,DON_Oua_04,P2AE_IACM,IACM,2.0,21f4f4d7
44418f90,P2AE,,DONGA,Ouaké,DON_Oua_04,P2AE_TFO,Transformateur 160 kVA,2.0,8ae558c8
7acb97c0,P2AE,,DONGA,Ouaké,DON_Oua_04,P2AE_EP,EP,80.0,fbeef696
e905f8ad,P2AE,,DONGA,Ouaké,DON_Oua_04,P2AE_Terre,Mise à la terre,55.0,002f1a3d
cafc02a9,P2AE,,DONGA,Ouaké,DON_Oua_04,P2AE_Fouille_HTA,Fouille réseau haute tension,19.0,f03cfc0b
387eab7e,P2AE,,DONGA,Ouaké,DON_Oua_04,P2AE_Fouille_BT,Fouille réseau basse tension,199.0,e221b25e
7c451706,P2AE,,DONGA,Ouaké,DON_Oua_05,P2AE_PBA_BT,PBA 11C650,3.0,26e8ec03
62b15656,P2AE,,DONGA,Ouaké,DON_Oua_05,P2AE_PBA_BT,PBA 9A200,92.0,2ec17c4d
849fb9ed,P2AE,,DONGA,Ouaké,DON_Oua_05,P2AE_PBA_BT,PBA 9A650,44.0,215ac167
4cb67980,P2AE,,DONGA,Ouaké,DON_Oua_05,P2AE_PBA_BT,PBA 9C650,9.0,9c6af0a4
8fbbe74d,P2AE,,DONGA,Ouaké,DON_Oua_05,P2AE_PBA_BT,PBA 9C800,1.0,526229bb
70899c15,P2AE,,DONGA,Ouaké,DON_Oua_05,P2AE_PBA_HTA,PBA 11A1250,1.0,058e9b6a
180fc13d,P2AE,,DONGA,Ouaké,DON_Oua_05,P2AE_PBA_HTA,PBA 12A800,12.0,46cfa5f8
b6e21ffe,P2AE,,DONGA,Ouaké,DON_Oua_05,P2AE_PBA_HTA,PBA 13C800,3.0,d6344558
828315f2,P2AE,,DONGA,Ouaké,DON_Oua_05,P2AE_Cable_HTA,ASTER 54mm²,65.0,e9e0a228
967d0529,P2AE,,DONGA,Ouaké,DON_Oua_05,P2AE_Cable_BT,PRC 50mm²,5155.0,8e6b4946
f69fd041,P2AE,,DONGA,Ouaké,DON_Oua_05,P2AE_Cable_BT,PRC 70mm²,3855.0,59dc5a38
7d1c4a9c,P2AE,,DONGA,Ouaké,DON_Oua_05,P2AE_DMT,Point Double DMT-CC,1.0,a4425df9
36716f06,P2AE,,DONGA,Ouaké,DON_Oua_05,P2AE_IACM,IACM,1.0,21f4f4d7
248bee2c,P2AE,,DONGA,Ouaké,DON_Oua_05,P2AE_TFO,Transformateur 160 kVA,1.0,8ae558c8
f4254fd6,P2AE,,DONGA,Ouaké,DON_Oua_05,P2AE_EP,EP,84.0,fbeef696
545c9836,P2AE,,DONGA,Ouaké,DON_Oua_05,P2AE_Terre,Mise à la terre,34.0,002f1a3d
06205ca3,P2AE,,DONGA,Ouaké,DON_Oua_05,P2AE_Fouille_HTA,Fouille réseau haute tension,16.0,f03cfc0b
f07c5d8d,P2AE,,DONGA,Ouaké,DON_Oua_05,P2AE_Fouille_BT,Fouille réseau basse tension,167.0,e221b25e
acb41d19,P2AE,,BORGOU,N'Dali,BOR_Dal_01,P2AE_PBA_BT,PBA 9A200,52.0,2ec17c4d
73f914d0,P2AE,,BORGOU,N'Dali,BOR_Dal_01,P2AE_PBA_HTA,PBA 11A1250,0.0,058e9b6a
0f27a0d0,P2AE,,BORGOU,N'Dali,BOR_Dal_01,P2AE_Cable_HTA,ASTER 75mm²,0.0,630f858d
8c94279b,P2AE,,BORGOU,N'Dali,BOR_Dal_01,P2AE_Cable_BT,PRC 70mm²,3156.0,59dc5a38
f9b5bb1c,P2AE,,BORGOU,N'Dali,BOR_Dal_01,P2AE_DMT,Point Double DMT-CC,1.0,a4425df9
af87ed42,P2AE,,BORGOU,N'Dali,BOR_Dal_01,P2AE_IACM,IACM,1.0,21f4f4d7
962b8573,P2AE,,BORGOU,N'Dali,BOR_Dal_01,P2AE_EP,EP,54.0,fbeef696
777f0856,P2AE,,BORGOU,N'Dali,BOR_Dal_01,P2AE_Terre,Mise à la terre,37.0,002f1a3d
a088150e,P2AE,,BORGOU,N'Dali,BOR_Dal_01,P2AE_Fouille_HTA,Fouille réseau haute tension,15.0,f03cfc0b
360f6f8f,P2AE,,BORGOU,N'Dali,BOR_Dal_01,P2AE_Fouille_BT,Fouille réseau basse tension,90.0,e221b25e
bd5582d1,P2AE,,BORGOU,N'Dali,BOR_Dal_02,P2AE_PBA_BT,PBA 9A200,216.0,2ec17c4d
142ab1a2,P2AE,,BORGOU,N'Dali,BOR_Dal_02,P2AE_PBA_BT,PBA 9A650,124.0,215ac167
48d58c9f,P2AE,,BORGOU,N'Dali,BOR_Dal_02,P2AE_PBA_BT,PBA 9C650,21.0,9c6af0a4
4d649164,P2AE,,BORGOU,N'Dali,BOR_Dal_02,P2AE_PBA_BT,PBA 9C800,1.0,526229bb
d313edd0,P2AE,,BORGOU,N'Dali,BOR_Dal_02,P2AE_PBA_HTA,PBA 11A1250,1.0,058e9b6a
2a36a598,P2AE,,BORGOU,N'Dali,BOR_Dal_02,P2AE_PBA_HTA,PBA 12A800,1.0,46cfa5f8
7fdf98e7,P2AE,,BORGOU,N'Dali,BOR_Dal_02,P2AE_PBA_HTA,PBA 13A400,4.0,cd39f595
f855bd37,P2AE,,BORGOU,N'Dali,BOR_Dal_02,P2AE_PBA_HTA,PBA 13C800,4.0,d6344558
1c080681,P2AE,,BORGOU,N'Dali,BOR_Dal_02,P2AE_Cable_HTA,ASTER 54mm²,388.24,e9e0a228
2fab6710,P2AE,,BORGOU,N'Dali,BOR_Dal_02,P2AE_Cable_BT,PRC 50mm²,10933.0,8e6b4946
223bf758,P2AE,,BORGOU,N'Dali,BOR_Dal_02,P2AE_Cable_BT,PRC 70mm²,6214.0,59dc5a38
daeb4d01,P2AE,,BORGOU,N'Dali,BOR_Dal_02,P2AE_DMT,Point Double DMT-CC,1.0,a4425df9
5105b98b,P2AE,,BORGOU,N'Dali,BOR_Dal_02,P2AE_IACM,IACM,1.0,21f4f4d7
2fd83668,P2AE,,BORGOU,N'Dali,BOR_Dal_02,P2AE_EP,EP,130.0,fbeef696
28f9e9b0,P2AE,,BORGOU,N'Dali,BOR_Dal_02,P2AE_Terre,Mise à la terre,101.0,002f1a3d
ee02887d,P2AE,,BORGOU,N'Dali,BOR_Dal_02,P2AE_Fouille_HTA,Fouille réseau haute tension,10.0,f03cfc0b
570339fd,P2AE,,BORGOU,N'Dali,BOR_Dal_02,P2AE_Fouille_BT,Fouille réseau basse tension,363.0,e221b25e
e01f4baf,P2AE,,BORGOU,N'Dali,BOR_Dal_03,P2AE_PBA_BT,PBA 11C650,2.0,26e8ec03
e5474fbf,P2AE,,BORGOU,N'Dali,BOR_Dal_03,P2AE_PBA_BT,PBA 9A200,120.0,2ec17c4d
1c7fe0bd,P2AE,,BORGOU,N'Dali,BOR_Dal_03,P2AE_PBA_BT,PBA 9A650,101.0,215ac167
b4409b88,P2AE,,BORGOU,N'Dali,BOR_Dal_03,P2AE_PBA_BT,PBA 9C650,19.0,9c6af0a4
29e7d2b7,P2AE,,BORGOU,N'Dali,BOR_Dal_03,P2AE_Cable_BT,PRC 50mm²,7730.0,8e6b4946
db8db2ed,P2AE,,BORGOU,N'Dali,BOR_Dal_03,P2AE_Cable_BT,PRC 70mm²,2715.0,59dc5a38
3d5835ac,P2AE,,BORGOU,N'Dali,BOR_Dal_03,P2AE_EP,EP,61.0,fbeef696
d3104aeb,P2AE,,BORGOU,N'Dali,BOR_Dal_03,P2AE_Terre,Mise à la terre,49.0,002f1a3d
c346c06f,P2AE,,BORGOU,N'Dali,BOR_Dal_03,P2AE_Fouille_BT,Fouille réseau basse tension,242.0,e221b25e
69cedd8c,P2AE,,BORGOU,Parakou,BOR_Par_01,P2AE_PBA_BT,PBA 9A200,71.0,2ec17c4d
8501u1557,P2AE,,BORGOU,Parakou,BOR_Par_01,P2AE_PBA_BT,PBA 9A650,66.0,215ac167
cd4b4e10,P2AE,,BORGOU,Parakou,BOR_Par_01,P2AE_PBA_BT,PBA 9C650,12.0,9c6af0a4
7abebc4d,P2AE,,BORGOU,Parakou,BOR_Par_01,P2AE_PBA_BT,PBA 11C650,1.0,26e8ec03
9ab37f26,P2AE,,BORGOU,Parakou,BOR_Par_01,P2AE_Cable_BT,PRC 70mm²,1980.0,59dc5a38
a59941e2,P2AE,,BORGOU,Parakou,BOR_Par_01,P2AE_Cable_BT,PRC 50mm²,4010.0,8e6b4946
ce537eb5,P2AE,,BORGOU,Parakou,BOR_Par_01,P2AE_PBA_HTA,PBA 13A400,4.0,cd39f595
56412c9f,P2AE,,BORGOU,Parakou,BOR_Par_01,P2AE_PBA_HTA,PBA 12A800,1.0,46cfa5f8
40934e6c,P2AE,,BORGOU,Parakou,BOR_Par_01,P2AE_PBA_HTA,PBA 11A1250,1.0,058e9b6a
2aa195e8,P2AE,,BORGOU,Parakou,BOR_Par_01,P2AE_PBA_HTA,PBA 13C800,7.0,d6344558
514e4c9c,P2AE,,BORGOU,Parakou,BOR_Par_01,P2AE_Cable_HTA,ASTER 54mm²,330.0,e9e0a228
c6d93d91,P2AE,,BORGOU,Parakou,BOR_Par_01,P2AE_DMT,Point Double DMT-CC,1.0,a4425df9
545b09d4,P2AE,,BORGOU,Parakou,BOR_Par_01,P2AE_IACM,IACM,3.0,21f4f4d7
a9461dbe,P2AE,,BORGOU,Parakou,BOR_Par_01,P2AE_TFO,Transformateur 160 kVA,9.0,8ae558c8
e48a05e7,P2AE,,BORGOU,Parakou,BOR_Par_01,P2AE_EP,EP,57.0,fbeef696
e40d8d02,P2AE,,BORGOU,Parakou,BOR_Par_01,P2AE_Terre,Mise à la terre,47.0,002f1a3d
b4e16d19,P2AE,,BORGOU,Parakou,BOR_Par_01,P2AE_Fouille_HTA,Fouille réseau haute tension,13.0,f03cfc0b
5ba09d65,P2AE,,BORGOU,Parakou,BOR_Par_01,P2AE_Fouille_BT,Fouille réseau basse tension,148.0,e221b25e
1a0ec717,P2AE,,BORGOU,Parakou,BOR_Par_02,P2AE_PBA_BT,PBA 9A200,229.0,2ec17c4d
9a4f792a,P2AE,,BORGOU,Parakou,BOR_Par_02,P2AE_PBA_BT,PBA 9A650,126.0,215ac167
200c96ef,P2AE,,BORGOU,Parakou,BOR_Par_02,P2AE_PBA_BT,PBA 9C650,15.0,9c6af0a4
7637eb98,P2AE,,BORGOU,Parakou,BOR_Par_02,P2AE_PBA_HTA,PBA 11A1250,2.0,058e9b6a
de3d3c17,P2AE,,BORGOU,Parakou,BOR_Par_02,P2AE_PBA_HTA,PBA 12A800,1.0,46cfa5f8
33e4c3ea,P2AE,,BORGOU,Parakou,BOR_Par_02,P2AE_PBA_HTA,PBA 13A400,11.0,cd39f595
5d8db428,P2AE,,BORGOU,Parakou,BOR_Par_02,P2AE_PBA_HTA,PBA 13C1250,1.0,50dc40e9
1abae342,P2AE,,BORGOU,Parakou,BOR_Par_02,P2AE_PBA_HTA,PBA 13C800,7.0,d6344558
9b6c73b6,P2AE,,BORGOU,Parakou,BOR_Par_02,P2AE_Cable_HTA,ASTER 54mm²,720.0,e9e0a228
912e4b06,P2AE,,BORGOU,Parakou,BOR_Par_02,P2AE_Cable_BT,PRC 50mm²,13850.0,8e6b4946
effa4d16,P2AE,,BORGOU,Parakou,BOR_Par_02,P2AE_Cable_BT,PRC 70mm²,7000.0,59dc5a38
34b184cc,P2AE,,BORGOU,Parakou,BOR_Par_02,P2AE_DMT,Point Double DMT-CC,2.0,a4425df9
86fdb04f,P2AE,,BORGOU,Parakou,BOR_Par_02,P2AE_IACM,IACM,2.0,21f4f4d7
de4a78fd,P2AE,,BORGOU,Parakou,BOR_Par_02,P2AE_TFO,Transformateur 160 kVA,2.0,8ae558c8
81668c5f,P2AE,,BORGOU,Parakou,BOR_Par_02,P2AE_EP,EP,119.0,fbeef696
6a5db012,P2AE,,BORGOU,Parakou,BOR_Par_02,P2AE_Terre,Mise à la terre,102.0,002f1a3d
7b919569,P2AE,,BORGOU,Parakou,BOR_Par_02,P2AE_Fouille_HTA,Fouille réseau haute tension,22.0,f03cfc0b
92d9fd75,P2AE,,BORGOU,Parakou,BOR_Par_02,P2AE_Fouille_BT,Fouille réseau basse tension,372.0,e221b25e
b9e5d6a0,P2AE,,BORGOU,Parakou,BOR_Par_03,P2AE_PBA_BT,PBA 9A200,92.0,2ec17c4d
38c8a61c,P2AE,,BORGOU,Parakou,BOR_Par_03,P2AE_PBA_BT,PBA 9A650,48.0,215ac167
350j39843,P2AE,,BORGOU,Parakou,BOR_Par_03,P2AE_PBA_BT,PBA 9C650,6.0,9c6af0a4
b23a2ab1,P2AE,,BORGOU,Parakou,BOR_Par_03,P2AE_PBA_HTA,PBA 11A1250,1.0,058e9b6a
bd2c83fa,P2AE,,BORGOU,Parakou,BOR_Par_03,P2AE_PBA_HTA,PBA 12A800,1.0,46cfa5f8
68d7cac6,P2AE,,BORGOU,Parakou,BOR_Par_03,P2AE_PBA_HTA,PBA 13A400,2.0,cd39f595
2z0510657,P2AE,,BORGOU,Parakou,BOR_Par_03,P2AE_PBA_HTA,PBA 13C800,4.0,d6344558
3b9ae7bf,P2AE,,BORGOU,Parakou,BOR_Par_03,P2AE_Cable_HTA,ASTER 54mm²,295.0,e9e0a228
1f16a896,P2AE,,BORGOU,Parakou,BOR_Par_03,P2AE_Cable_BT,PRC 50mm²,3840.0,8e6b4946
f7cc5dad,P2AE,,BORGOU,Parakou,BOR_Par_03,P2AE_Cable_BT,PRC 70mm²,2510.0,59dc5a38
c8be21e0,P2AE,,BORGOU,Parakou,BOR_Par_03,P2AE_DMT,Point Double DMT-CC,1.0,a4425df9
ca18e069,P2AE,,BORGOU,Parakou,BOR_Par_03,P2AE_IACM,IACM,1.0,21f4f4d7
327f754e,P2AE,,BORGOU,Parakou,BOR_Par_03,P2AE_TFO,Transformateur 160 kVA,1.0,8ae558c8
a3d71cc5,P2AE,,BORGOU,Parakou,BOR_Par_03,P2AE_EP,EP,44.0,fbeef696
3ef2793f,P2AE,,BORGOU,Parakou,BOR_Par_03,P2AE_Terre,Mise à la terre,43.0,002f1a3d
34beb747,P2AE,,BORGOU,Parakou,BOR_Par_03,P2AE_Fouille_HTA,Fouille réseau haute tension,8.0,f03cfc0b
14cbe35f,P2AE,,BORGOU,Parakou,BOR_Par_03,P2AE_Fouille_BT,Fouille réseau basse tension,146.0,e221b25e
7e8660c1,P2AE,,BORGOU,Parakou,BOR_Par_04,P2AE_PBA_BT,PBA 11C650,20.0,29ef61f5
9efe5442,P2AE,,BORGOU,Parakou,BOR_Par_04,P2AE_PBA_BT,PBA 9A200,288.0,2ec17c4d
ac6abb95,P2AE,,BORGOU,Parakou,BOR_Par_04,P2AE_PBA_BT,PBA 9A650,188.0,215ac167
97db0e47,P2AE,,BORGOU,Parakou,BOR_Par_04,P2AE_PBA_BT,PBA 9C650,30.0,9c6af0a4
0c10778f,P2AE,,BORGOU,Parakou,BOR_Par_04,P2AE_PBA_BT,PBA 9C800,2.0,526229bb
aab08059,P2AE,,BORGOU,Parakou,BOR_Par_04,P2AE_PBA_HTA,PBA 11A1250,4.0,058e9b6a
fbcc8526,P2AE,,BORGOU,Parakou,BOR_Par_04,P2AE_PBA_HTA,PBA 12A800,4.0,46cfa5f8
d23ae406,P2AE,,BORGOU,Parakou,BOR_Par_04,P2AE_PBA_HTA,PBA 13A400,34.0,cd39f595
feb50dad,P2AE,,BORGOU,Parakou,BOR_Par_04,P2AE_PBA_HTA,PBA 13C1250,1.0,50dc40e9
426a87e2,P2AE,,BORGOU,Parakou,BOR_Par_04,P2AE_PBA_HTA,PBA 13C800,17.0,d6344558
26260348o,P2AE,,BORGOU,Parakou,BOR_Par_04,P2AE_Cable_HTA,ASTER 54mm²,957.0,e9e0a228
22c05b2e,P2AE,,BORGOU,Parakou,BOR_Par_04,P2AE_Cable_HTA,ASTER 75mm²,2030.0,630f858d
ac110117,P2AE,,BORGOU,Parakou,BOR_Par_04,P2AE_Cable_BT,PRC 50mm²,16330.0,8e6b4946
1a49aa89,P2AE,,BORGOU,Parakou,BOR_Par_04,P2AE_Cable_BT,PRC 70mm²,8862.0,59dc5a38
3fb88553,P2AE,,BORGOU,Parakou,BOR_Par_04,P2AE_DMT,Point Double DMT-CC,4.0,a4425df9
43130f43,P2AE,,BORGOU,Parakou,BOR_Par_04,P2AE_IACM,IACM,4.0,21f4f4d7
79c2367b,P2AE,,BORGOU,Parakou,BOR_Par_04,P2AE_TFO,Transformateur 160 kVA,4.0,8ae558c8
cbdc8e74,P2AE,,BORGOU,Parakou,BOR_Par_04,P2AE_EP,EP,167.0,fbeef696
307b8a6d,P2AE,,BORGOU,Parakou,BOR_Par_04,P2AE_Terre,Mise à la terre,175.0,002f1a3d
79b4008c,P2AE,,BORGOU,Parakou,BOR_Par_04,P2AE_Fouille_HTA,Fouille réseau haute tension,60.0,f03cfc0b
419ae2a6,P2AE,,BORGOU,Parakou,BOR_Par_04,P2AE_Fouille_BT,Fouille réseau basse tension,607.0,e221b25e
b4a7ec84,P2AE,,BORGOU,Parakou,BOR_Par_05,P2AE_PBA_BT,PBA 11C650,1.0,29ef61f5
e6bd2564,P2AE,,BORGOU,Parakou,BOR_Par_05,P2AE_PBA_BT,PBA 9A200,258.0,2ec17c4d
6d898f41,P2AE,,BORGOU,Parakou,BOR_Par_05,P2AE_PBA_BT,PBA 9A650,132.0,215ac167
746a34ce,P2AE,,BORGOU,Parakou,BOR_Par_05,P2AE_PBA_BT,PBA 9C650,17.0,9c6af0a4
3ca71575,P2AE,,BORGOU,Parakou,BOR_Par_05,P2AE_PBA_BT,PBA 9C800,1.0,526229bb
157f4e0c,P2AE,,BORGOU,Parakou,BOR_Par_05,P2AE_PBA_HTA,PBA 11A1250,3.0,058e9b6a
9c29f0bc,P2AE,,BORGOU,Parakou,BOR_Par_05,P2AE_PBA_HTA,PBA 12A800,4.0,46cfa5f8
3ecd0be7,P2AE,,BORGOU,Parakou,BOR_Par_05,P2AE_PBA_HTA,PBA 13A400,26.0,cd39f595
7a7232fd,P2AE,,BORGOU,Parakou,BOR_Par_05,P2AE_PBA_HTA,PBA 13C800,14.0,d6344558
68cec3dd,P2AE,,BORGOU,Parakou,BOR_Par_05,P2AE_Cable_HTA,ASTER 54mm²,760.0,e9e0a228
f713eed8,P2AE,,BORGOU,Parakou,BOR_Par_05,P2AE_Cable_HTA,ASTER 75mm²,1860.0,630f858d
37ee6cae,P2AE,,BORGOU,Parakou,BOR_Par_05,P2AE_Cable_BT,PRC 50mm²,11370.0,8e6b4946
b0f9b68b,P2AE,,BORGOU,Parakou,BOR_Par_05,P2AE_Cable_BT,PRC 70mm²,7800.0,59dc5a38
8e29400b,P2AE,,BORGOU,Parakou,BOR_Par_05,P2AE_DMT,Point Double DMT-CC,3.0,a4425df9
faf4209c,P2AE,,BORGOU,Parakou,BOR_Par_05,P2AE_IACM,IACM,3.0,21f4f4d7
79190c7d,P2AE,,BORGOU,Parakou,BOR_Par_05,P2AE_TFO,Transformateur 160 kVA,3.0,8ae558c8
54f0712b,P2AE,,BORGOU,Parakou,BOR_Par_05,P2AE_EP,EP,132.0,fbeef696
955c6d5f,P2AE,,BORGOU,Parakou,BOR_Par_05,P2AE_Terre,Mise à la terre,126.0,002f1a3d
905bb8c6,P2AE,,BORGOU,Parakou,BOR_Par_05,P2AE_Fouille_HTA,Fouille réseau haute tension,47.0,f03cfc0b
b0efc3b2,P2AE,,BORGOU,Parakou,BOR_Par_05,P2AE_Fouille_BT,Fouille réseau basse tension,412.0,e221b25e
7d3729b3,P2AE,,BORGOU,Parakou,BOR_Par_06,P2AE_PBA_BT,PBA 9A200,217.0,2ec17c4d
d58d54da,P2AE,,BORGOU,Parakou,BOR_Par_06,P2AE_PBA_BT,PBA 9A650,184.0,215ac167
e15ee0b1,P2AE,,BORGOU,Parakou,BOR_Par_06,P2AE_PBA_BT,PBA 9C650,59.0,9c6af0a4
bbe7f1d1,P2AE,,BORGOU,Parakou,BOR_Par_06,P2AE_PBA_HTA,PBA 11A1250,3.0,058e9b6a
205134bf,P2AE,,BORGOU,Parakou,BOR_Par_06,P2AE_PBA_HTA,PBA 12A800,3.0,46cfa5f8
205f134bf,P2AE,,BORGOU,Parakou,BOR_Par_06,P2AE_PBA_HTA,PBA 13A400,25.0,cd39f595
1652a548,P2AE,,BORGOU,Parakou,BOR_Par_06,P2AE_PBA_HTA,PBA 13C800,26.0,d6344558
dc0d2840,P2AE,,BORGOU,Parakou,BOR_Par_06,P2AE_Cable_HTA,ASTER 54mm²,790.0,e9e0a228
9cdf8375,P2AE,,BORGOU,Parakou,BOR_Par_06,P2AE_Cable_HTA,ASTER 75mm²,1485.0,630f858d
22650bd9,P2AE,,BORGOU,Parakou,BOR_Par_06,P2AE_Cable_BT,PRC 50mm²,12860.0,8e6b4946
296k79892,P2AE,,BORGOU,Parakou,BOR_Par_06,P2AE_Cable_BT,PRC 70mm²,5770.0,59dc5a38
41e0e195,P2AE,,BORGOU,Parakou,BOR_Par_06,P2AE_DMT,Point Double DMT-CC,3.0,a4425df9
20ee5d08,P2AE,,BORGOU,Parakou,BOR_Par_06,P2AE_IACM,IACM,3.0,21f4f4d7
27d331ec,P2AE,,BORGOU,Parakou,BOR_Par_06,P2AE_TFO,Transformateur 160 kVA,3.0,8ae558c8
9a496e0d,P2AE,,BORGOU,Parakou,BOR_Par_06,P2AE_EP,EP,171.0,fbeef696
38f9cfe4,P2AE,,BORGOU,Parakou,BOR_Par_06,P2AE_Terre,Mise à la terre,114.0,002f1a3d
67cd6881,P2AE,,BORGOU,Parakou,BOR_Par_06,P2AE_Fouille_HTA,Fouille réseau haute tension,57.0,f03cfc0b
954ff139,P2AE,,BORGOU,Parakou,BOR_Par_06,P2AE_Fouille_BT,Fouille réseau basse tension,454.0,e221b25e
9f18285d,P2AE,,BORGOU,Parakou,BOR_Par_07,P2AE_PBA_BT,PBA 11C650,16.0,29ef61f5
0be0e267,P2AE,,BORGOU,Parakou,BOR_Par_07,P2AE_PBA_BT,PBA 9A200,623.0,2ec17c4d
fc4d9735,P2AE,,BORGOU,Parakou,BOR_Par_07,P2AE_PBA_BT,PBA 9A650,374.0,215ac167
866a8b06,P2AE,,BORGOU,Parakou,BOR_Par_07,P2AE_PBA_BT,PBA 9C650,53.0,9c6af0a4
43b071ab,P2AE,,BORGOU,Parakou,BOR_Par_07,P2AE_PBA_HTA,PBA 11A1250,6.0,058e9b6a
6109a74a,P2AE,,BORGOU,Parakou,BOR_Par_07,P2AE_PBA_HTA,PBA 12A800,7.0,46cfa5f8
c0eac664,P2AE,,BORGOU,Parakou,BOR_Par_07,P2AE_PBA_HTA,PBA 13A400,43.0,cd39f595
6016206d,P2AE,,BORGOU,Parakou,BOR_Par_07,P2AE_PBA_HTA,PBA 13C1250,4.0,50dc40e9
f07a2683,P2AE,,BORGOU,Parakou,BOR_Par_07,P2AE_PBA_HTA,PBA 13C800,33.0,d6344558
14c7b85c,P2AE,,BORGOU,Parakou,BOR_Par_07,P2AE_Cable_HTA,ASTER 54mm²,1868.0,e9e0a228
5feadc2f,P2AE,,BORGOU,Parakou,BOR_Par_07,P2AE_Cable_HTA,ASTER 75mm²,1555.0,630f858d
70f53b98,P2AE,,BORGOU,Parakou,BOR_Par_07,P2AE_Cable_BT,PRC 50mm²,32600.0,8e6b4946
ba715ede,P2AE,,BORGOU,Parakou,BOR_Par_07,P2AE_Cable_BT,PRC 70mm²,16629.0,59dc5a38
6664c2c8,P2AE,,BORGOU,Parakou,BOR_Par_07,P2AE_DMT,Point Double DMT-CC,6.0,a4425df9
0380d004,P2AE,,BORGOU,Parakou,BOR_Par_07,P2AE_IACM,IACM,6.0,21f4f4d7
7e6d1447,P2AE,,BORGOU,Parakou,BOR_Par_07,P2AE_TFO,Transformateur 160 kVA,6.0,8ae558c8
27bc4230,P2AE,,BORGOU,Parakou,BOR_Par_07,P2AE_EP,EP,366.0,fbeef696
43a06dd5,P2AE,,BORGOU,Parakou,BOR_Par_07,P2AE_Terre,Mise à la terre,316.0,002f1a3d
f13dcd0e,P2AE,,BORGOU,Parakou,BOR_Par_07,P2AE_Fouille_HTA,Fouille réseau haute tension,93.0,f03cfc0b
9effd2fc,P2AE,,BORGOU,Parakou,BOR_Par_07,P2AE_Fouille_BT,Fouille réseau basse tension,1066.0,e221b25e
1ab69bbe,P2AE,,BORGOU,Parakou,BOR_Par_08,P2AE_PBA_BT,PBA 11C650,3.0,29ef61f5
7392a1487,P2AE,,BORGOU,Parakou,BOR_Par_08,P2AE_PBA_BT,PBA 9A200,377.0,2ec17c4d
83729d0e,P2AE,,BORGOU,Parakou,BOR_Par_08,P2AE_PBA_BT,PBA 9A650,178.0,215ac167
4cb8d0a2,P2AE,,BORGOU,Parakou,BOR_Par_08,P2AE_PBA_BT,PBA 9C650,35.0,9c6af0a4
f286993d,P2AE,,BORGOU,Parakou,BOR_Par_08,P2AE_PBA_HTA,PBA 11A1250,3.0,058e9b6a
4e732755,P2AE,,BORGOU,Parakou,BOR_Par_08,P2AE_PBA_HTA,PBA 12A800,3.0,46cfa5f8
1c48efae,P2AE,,BORGOU,Parakou,BOR_Par_08,P2AE_PBA_HTA,PBA 13A400,27.0,cd39f595
6cf9058a,P2AE,,BORGOU,Parakou,BOR_Par_08,P2AE_PBA_HTA,PBA 13C800,17.0,d6344558
7q0985427,P2AE,,BORGOU,Parakou,BOR_Par_08,P2AE_Cable_HTA,ASTER 54mm²,630.0,e9e0a228
ff87e787,P2AE,,BORGOU,Parakou,BOR_Par_08,P2AE_Cable_HTA,ASTER 75mm²,1360.0,630f858d
8ed3259b,P2AE,,BORGOU,Parakou,BOR_Par_08,P2AE_Cable_BT,PRC 50mm²,17090.0,8e6b4946
f9076ae5,P2AE,,BORGOU,Parakou,BOR_Par_08,P2AE_Cable_BT,PRC 70mm²,10750.0,59dc5a38
b013d28d,P2AE,,BORGOU,Parakou,BOR_Par_08,P2AE_DMT,Point Double DMT-CC,3.0,a4425df9
07344f0a,P2AE,,BORGOU,Parakou,BOR_Par_08,P2AE_IACM,IACM,3.0,21f4f4d7
852e4b42,P2AE,,BORGOU,Parakou,BOR_Par_08,P2AE_TFO,Transformateur 160 kVA,3.0,8ae558c8
9e8519f3,P2AE,,BORGOU,Parakou,BOR_Par_08,P2AE_EP,EP,183.0,fbeef696
8a069ed2,P2AE,,BORGOU,Parakou,BOR_Par_08,P2AE_Terre,Mise à la terre,163.0,002f1a3d
ea81842f,P2AE,,BORGOU,Parakou,BOR_Par_08,P2AE_Fouille_HTA,Fouille réseau haute tension,50.0,f03cfc0b
ba6c5e71,P2AE,,BORGOU,Parakou,BOR_Par_08,P2AE_Fouille_BT,Fouille réseau basse tension,596.0,e221b25e
63aee59a,P2AE,,BORGOU,Parakou,BOR_Par_09,P2AE_PBA_BT,PBA 11C650,4.0,29ef61f5
f76b7771,P2AE,,BORGOU,Parakou,BOR_Par_09,P2AE_PBA_BT,PBA 9A200,480.0,2ec17c4d
732766cc,P2AE,,BORGOU,Parakou,BOR_Par_09,P2AE_PBA_BT,PBA 9A650,259.0,215ac167
f4190a5d,P2AE,,BORGOU,Parakou,BOR_Par_09,P2AE_PBA_BT,PBA 9C650,38.0,9c6af0a4
11b9d43e,P2AE,,BORGOU,Parakou,BOR_Par_09,P2AE_PBA_BT,PBA 9C800,1.0,526229bb
e2618d03,P2AE,,BORGOU,Parakou,BOR_Par_09,P2AE_PBA_HTA,PBA 11A1250,5.0,058e9b6a
efcc84c4,P2AE,,BORGOU,Parakou,BOR_Par_09,P2AE_PBA_HTA,PBA 12A800,5.0,46cfa5f8
8621f898,P2AE,,BORGOU,Parakou,BOR_Par_09,P2AE_PBA_HTA,PBA 13A400,35.0,cd39f595
32eba73e,P2AE,,BORGOU,Parakou,BOR_Par_09,P2AE_PBA_HTA,PBA 13C1250,1.0,50dc40e9
5d5892b9,P2AE,,BORGOU,Parakou,BOR_Par_09,P2AE_PBA_HTA,PBA 13C800,18.0,d6344558
dc8d120a,P2AE,,BORGOU,Parakou,BOR_Par_09,P2AE_Cable_HTA,ASTER 54mm²,1091.0,e9e0a228
1046c187,P2AE,,BORGOU,Parakou,BOR_Par_09,P2AE_Cable_HTA,ASTER 75mm²,2180.0,630f858d
e805f2fd,P2AE,,BORGOU,Parakou,BOR_Par_09,P2AE_Cable_BT,PRC 50mm²,22761.0,8e6b4946
7ec1b0c1,P2AE,,BORGOU,Parakou,BOR_Par_09,P2AE_Cable_BT,PRC 70mm²,12571.0,59dc5a38
746de047,P2AE,,BORGOU,Parakou,BOR_Par_09,P2AE_DMT,Point Double DMT-CC,5.0,a4425df9
e273ce8e,P2AE,,BORGOU,Parakou,BOR_Par_09,P2AE_IACM,IACM,5.0,21f4f4d7
3e6beab5,P2AE,,BORGOU,Parakou,BOR_Par_09,P2AE_TFO,Transformateur 160 kVA,5.0,8ae558c8
24ae6fb2,P2AE,,BORGOU,Parakou,BOR_Par_09,P2AE_EP,EP,229.0,fbeef696
6a97f9f2,P2AE,,BORGOU,Parakou,BOR_Par_09,P2AE_Terre,Mise à la terre,216.0,002f1a3d
2a4c07f8,P2AE,,BORGOU,Parakou,BOR_Par_09,P2AE_Fouille_HTA,Fouille réseau haute tension,64.0,f03cfc0b
2c77da4d,P2AE,,BORGOU,Parakou,BOR_Par_09,P2AE_Fouille_BT,Fouille réseau basse tension,758.0,e221b25e
332f83f7,P2AE,,BORGOU,Tchaourou,BOR_Tcha_01,P2AE_PBA_BT,PBA 11C650,5.0,29ef61f5
03e64732,P2AE,,BORGOU,Tchaourou,BOR_Tcha_01,P2AE_PBA_BT,PBA 9A200,66.0,2ec17c4d
53f2b20e,P2AE,,BORGOU,Tchaourou,BOR_Tcha_01,P2AE_PBA_BT,PBA 9A650,39.0,215ac167
ad32dc26,P2AE,,BORGOU,Tchaourou,BOR_Tcha_01,P2AE_PBA_BT,PBA 9C650,5.0,9c6af0a4
71169bac,P2AE,,BORGOU,Tchaourou,BOR_Tcha_01,P2AE_PBA_HTA,PBA 11A1250,1.0,058e9b6a
89f19841,P2AE,,BORGOU,Tchaourou,BOR_Tcha_01,P2AE_PBA_HTA,PBA 12A800,1.0,46cfa5f8
e0419913,P2AE,,BORGOU,Tchaourou,BOR_Tcha_01,P2AE_PBA_HTA,PBA 13A400,8.0,cd39f595
fc331779,P2AE,,BORGOU,Tchaourou,BOR_Tcha_01,P2AE_PBA_HTA,PBA 13C800,1.0,d6344558
41be1136,P2AE,,BORGOU,Tchaourou,BOR_Tcha_01,P2AE_PBA_HTA,PBA 14A1000,19.0,ffbf33ef
c9282d92,P2AE,,BORGOU,Tchaourou,BOR_Tcha_01,P2AE_PBA_HTA,PBA 14C1000,3.0,f74fbc64
cd50c45d,P2AE,,BORGOU,Tchaourou,BOR_Tcha_01,P2AE_Cable_HTA,ASTER 54mm²,370.0,e9e0a228
87fead19,P2AE,,BORGOU,Tchaourou,BOR_Tcha_01,P2AE_Cable_BT,PRC 50mm²,6020.0,8e6b4946
87fead20,P2AE,,BORGOU,Tchaourou,BOR_Tcha_01,P2AE_Cable_BT,PRC 70mm²,350.0,59dc5a38
bec678c2,P2AE,,BORGOU,Tchaourou,BOR_Tcha_01,P2AE_DMT,Point Double DMT-CC,1.0,a4425df9
e579073d,P2AE,,BORGOU,Tchaourou,BOR_Tcha_01,P2AE_IACM,IACM,1.0,21f4f4d7
d9d55cf8,P2AE,,BORGOU,Tchaourou,BOR_Tcha_01,P2AE_TFO,Transformateur 160 kVA,1.0,8ae558c8
cd78303a,P2AE,,BORGOU,Tchaourou,BOR_Tcha_01,P2AE_EP,EP,52.0,fbeef696
ce98695d,P2AE,,BORGOU,Tchaourou,BOR_Tcha_01,P2AE_Terre,Mise à la terre,40.0,002f1a3d
7b506150,P2AE,,BORGOU,Tchaourou,BOR_Tcha_01,P2AE_Fouille_HTA,Fouille réseau haute tension,33.0,f03cfc0b
137d5858,P2AE,,BORGOU,Tchaourou,BOR_Tcha_01,P2AE_Fouille_BT,Fouille réseau basse tension,121.0,e221b25e
b4a033ff,P2AE,,BORGOU,Tchaourou,BOR_Tcha_02,P2AE_PBA_BT,PBA 11C650,5.0,29ef61f5
3fc7c3b6,P2AE,,BORGOU,Tchaourou,BOR_Tcha_02,P2AE_PBA_BT,PBA 9A200,9.0,2ec17c4d
cb881354,P2AE,,BORGOU,Tchaourou,BOR_Tcha_02,P2AE_PBA_BT,PBA 9A650,15.0,215ac167
1f880df6,P2AE,,BORGOU,Tchaourou,BOR_Tcha_02,P2AE_PBA_BT,PBA 9C650,1.0,9c6af0a4
73e8b84d,P2AE,,BORGOU,Tchaourou,BOR_Tcha_02,P2AE_PBA_HTA,PBA 11A1250,1.0,058e9b6a
7e9e477c,P2AE,,BORGOU,Tchaourou,BOR_Tcha_02,P2AE_PBA_HTA,PBA 12A800,1.0,46cfa5f8
e48280eb,P2AE,,BORGOU,Tchaourou,BOR_Tcha_02,P2AE_PBA_HTA,PBA 13A400,4.0,cd39f595
d5b2af21,P2AE,,BORGOU,Tchaourou,BOR_Tcha_02,P2AE_PBA_HTA,PBA 13C800,7.0,d6344558
0be3e1d7,P2AE,,BORGOU,Tchaourou,BOR_Tcha_02,P2AE_Cable_HTA,ASTER 54mm²,78.79,e9e0a228
532f881e,P2AE,,BORGOU,Tchaourou,BOR_Tcha_02,P2AE_Cable_BT,PRC 50mm²,1830.0,8e6b4946
9a75a5bd,P2AE,,BORGOU,Tchaourou,BOR_Tcha_02,P2AE_DMT,Point Double DMT-CC,1.0,a4425df9
871f8a4a,P2AE,,BORGOU,Tchaourou,BOR_Tcha_02,P2AE_IACM,IACM,1.0,21f4f4d7
13a91024,P2AE,,BORGOU,Tchaourou,BOR_Tcha_02,P2AE_TFO,Transformateur 160 kVA,1.0,8ae558c8
702b42a7,P2AE,,BORGOU,Tchaourou,BOR_Tcha_02,P2AE_EP,EP,20.0,fbeef696
460b42b2,P2AE,,BORGOU,Tchaourou,BOR_Tcha_02,P2AE_Terre,Mise à la terre,19.0,002f1a3d
3222c307,P2AE,,BORGOU,Tchaourou,BOR_Tcha_02,P2AE_Fouille_HTA,Fouille réseau haute tension,13.0,f03cfc0b
02d5e652,P2AE,,BORGOU,Tchaourou,BOR_Tcha_02,P2AE_Fouille_BT,Fouille réseau basse tension,30.0,e221b25e
a6107a5e,P2AE,e9e0a2281,BORGOU,Tchaourou,BOR_Tcha_03,P2AE_PBA_BT,PBA 11C650,2.0,29ef61f5
0f5ae7cb,P2AE,,BORGOU,Tchaourou,BOR_Tcha_03,P2AE_PBA_BT,PBA 9A200,34.0,2ec17c4d
d843b262,P2AE,,BORGOU,Tchaourou,BOR_Tcha_03,P2AE_PBA_BT,PBA 9A650,31.0,215ac167
7fec8e1e,P2AE,,BORGOU,Tchaourou,BOR_Tcha_03,P2AE_PBA_BT,PBA 9C650,6.0,9c6af0a4
1565b0147,P2AE,,BORGOU,Tchaourou,BOR_Tcha_03,P2AE_PBA_HTA,PBA 12A800,2.0,46cfa5f8
c005f395,P2AE,,BORGOU,Tchaourou,BOR_Tcha_03,P2AE_PBA_HTA,PBA 13C800,5.0,d6344558
392796c8,P2AE,,BORGOU,Tchaourou,BOR_Tcha_03,P2AE_Cable_HTA,ASTER 54mm²,1221.0,e9e0a228
40b3eacd,P2AE,,BORGOU,Tchaourou,BOR_Tcha_03,P2AE_Cable_BT,PRC 50mm²,1396.0,8e6b4946
cb7771dc,P2AE,,BORGOU,Tchaourou,BOR_Tcha_03,P2AE_Cable_BT,PRC 70mm²,1862.0,59dc5a38
9919e9f5,P2AE,,BORGOU,Tchaourou,BOR_Tcha_03,P2AE_EP,EP,29.0,fbeef696
84e99616,P2AE,,BORGOU,Tchaourou,BOR_Tcha_03,P2AE_Terre,Mise à la terre,27.0,002f1a3d
9b0026f1,P2AE,,BORGOU,Tchaourou,BOR_Tcha_03,P2AE_Fouille_HTA,Fouille réseau haute tension,7.0,f03cfc0b
fb3bba75,P2AE,,BORGOU,Tchaourou,BOR_Tcha_03,P2AE_Fouille_BT,Fouille réseau basse tension,73.0,e221b25e
55bc03aa,P2AE,,BORGOU,Tchaourou,BOR_Tcha_04,P2AE_PBA_BT,PBA 9A200,12.0,2ec17c4d
a096ac30,P2AE,,BORGOU,Tchaourou,BOR_Tcha_04,P2AE_PBA_BT,PBA 9A650,10.0,215ac167
bbc22fec,P2AE,,BORGOU,Tchaourou,BOR_Tcha_04,P2AE_PBA_BT,PBA 9C650,3.0,9c6af0a4
1083c9ba,P2AE,,BORGOU,Tchaourou,BOR_Tcha_04,P2AE_PBA_HTA,PBA 13A400,2.0,cd39f595
af84c445,P2AE,,BORGOU,Tchaourou,BOR_Tcha_04,P2AE_PBA_HTA,PBA 13C800,1.0,d6344558
758bf13d,P2AE,,BORGOU,Tchaourou,BOR_Tcha_04,P2AE_Cable_BT,PRC 50mm²,1133.0,8e6b4946
755b0540,P2AE,,BORGOU,Tchaourou,BOR_Tcha_04,P2AE_Cable_BT,PRC 70mm²,191.0,59dc5a38
992b3bfd,P2AE,,BORGOU,Tchaourou,BOR_Tcha_04,P2AE_EP,EP,13.0,fbeef696
71a159b7,P2AE,,BORGOU,Tchaourou,BOR_Tcha_04,P2AE_Terre,Mise à la terre,10.0,002f1a3d
5990b71c,P2AE,,BORGOU,Tchaourou,BOR_Tcha_04,P2AE_Fouille_HTA,Fouille réseau haute tension,3.0,f03cfc0b
ff3f3493,P2AE,,BORGOU,Tchaourou,BOR_Tcha_04,P2AE_Fouille_BT,Fouille réseau basse tension,25.0,e221b25e
404ad2fc,P2AE,,ALIBORI,Kandi,ALI_Kan_01,P2AE_DMT,Point Double DMT-CC,1.0,a4425df9
885b5bda,P2AE,,ALIBORI,Kandi,ALI_Kan_01,P2AE_IACM,IACM,1.0,21f4f4d7
9cd479ed,P2AE,,ALIBORI,Kandi,ALI_Kan_01,P2AE_TFO,Transformateur 160 kVA,1.0,8ae558c8
3a09df86,P2AE,,ALIBORI,Kandi,ALI_Kan_01,P2AE_PBA_HTA,PBA 11C650,1.0,26e8ec03
c8b06299,P2AE,,ALIBORI,Kandi,ALI_Kan_02,P2AE_PBA_HTA,PBA 11C650,2.0,26e8ec03
56aa1d2f,P2AE,,ALIBORI,Kandi,ALI_Kan_03,P2AE_PBA_HTA,PBA 11C650,1.0,26e8ec03
d5668efd,P2AE,,ALIBORI,Kandi,ALI_Kan_04,P2AE_PBA_HTA,PBA 11C650,2.0,26e8ec03
ad10f1c1,P2AE,,ALIBORI,Kandi,ALI_Kan_05,P2AE_PBA_HTA,PBA 11C650,1.0,26e8ec03
1a088064,P2AE,,ALIBORI,Kandi,ALI_Kan_06,P2AE_PBA_HTA,PBA 11C650,1.0,26e8ec03
P2AE-OBJ-92295bbb,P2AE,,ATACORA,Natitingou,ATA_Nat_11,P2AE_PBA_HTA,PBA 11C650,2.0,26e8ec03
P2AE-OBJ-219b9e6d,P2AE,,ALIBORI,Gogounou,ALI_Gog_04,P2AE_PBA_HTA,PBA 11C650,2.0,26e8ec03
P2AE-OBJ-9ec7b462,P2AE,,ALIBORI,Gogounou,ALI_Gog_05,P2AE_PBA_HTA,PBA 11C650,1.0,26e8ec03
P2AE-OBJ-8894ecde,P2AE,,BORGOU,Parakou,BOR_Par_07,P2AE_PBA_HTA,PBA 11C650,6.0,26e8ec03
P2AE-OBJ-5b0259b2,P2AE,,BORGOU,Parakou,BOR_Par_08,P2AE_PBA_HTA,PBA 11C650,3.0,26e8ec03
P2AE-OBJ-0f012762,P2AE,,BORGOU,Tchaourou,BOR_Tcha_01,P2AE_PBA_HTA,PBA 11C650,1.0,26e8ec03
P2AE-OBJ-a0cc85b1,P2AE,,BORGOU,Tchaourou,BOR_Tcha_02,P2AE_PBA_HTA,PBA 11C650,1.0,26e8ec03
P2AE-OBJ-97682699,P2AE,,ATACORA,Natitingou,ATA_Nat_02,P2AE_PBA_HTA,PBA 11C650,1.0,26e8ec03
P2AE-OBJ-0a4c0354,P2AE,,ATACORA,Natitingou,ATA_Nat_03,P2AE_PBA_HTA,PBA 11C650,3.0,26e8ec03
P2AE-OBJ-e36effe8,P2AE,,ATACORA,Natitingou,ATA_Nat_01,P2AE_PBA_HTA,PBA 11C650,1.0,26e8ec03
P2AE-OBJ-a47036f9,P2AE,,ATACORA,Natitingou,ATA_Nat_14,P2AE_PBA_HTA,PBA 11C650,1.0,26e8ec03
P2AE-OBJ-edd4f5b2,P2AE,,ATACORA,Natitingou,ATA_Nat_09,P2AE_PBA_HTA,PBA 11C650,1.0,26e8ec03
P2AE-OBJ-36886d67,P2AE,,ATACORA,Natitingou,ATA_Nat_12,P2AE_PBA_HTA,PBA 11C650,2.0,26e8ec03
P2AE-OBJ-03b6a931,P2AE,,ATACORA,Natitingou,ATA_Nat_07,P2AE_PBA_HTA,PBA 11C650,1.0,26e8ec03
P2AE-OBJ-68ddf39f,P2AE,,ATACORA,Natitingou,ATA_Nat_08,P2AE_PBA_HTA,PBA 11C650,1.0,26e8ec03
P2AE-OBJ-3866cc76,P2AE,,ATACORA,Natitingou,ATA_Nat_05,P2AE_PBA_HTA,PBA 11C650,2.0,26e8ec03
P2AE-OBJ-6001a924,P2AE,,ATACORA,Natitingou,ATA_Nat_06,P2AE_PBA_HTA,PBA 11C650,3.0,26e8ec03
P2AE-OBJ-b20de8ad,P2AE,,ATACORA,Natitingou,ATA_Nat_04,P2AE_PBA_HTA,PBA 11C650,1.0,26e8ec03
P2AE-OBJ-cb6b2a52,P2AE,,ALIBORI,Gogounou,ALI_Gog_02,P2AE_PBA_HTA,PBA 11C650,1.0,26e8ec03
P2AE-OBJ-117b49a8,P2AE,,ALIBORI,Gogounou,ALI_Gog_03,P2AE_PBA_HTA,PBA 11C650,1.0,26e8ec03
P2AE-OBJ-1256cee9,P2AE,,ALIBORI,Gogounou,ALI_Gog_01,P2AE_PBA_HTA,PBA 11C650,1.0,26e8ec03
P2AE-OBJ-a1f2d054,P2AE,,BORGOU,Parakou,BOR_Par_04,P2AE_PBA_HTA,PBA 11C650,4.0,26e8ec03
P2AE-OBJ-9d9f171a,P2AE,,BORGOU,Parakou,BOR_Par_05,P2AE_PBA_HTA,PBA 11C650,3.0,26e8ec03
P2AE-OBJ-0a96d740,P2AE,,BORGOU,Parakou,BOR_Par_02,P2AE_PBA_HTA,PBA 11C650,2.0,26e8ec03
P2AE-OBJ-0206d066,P2AE,,BORGOU,Parakou,BOR_Par_06,P2AE_PBA_HTA,PBA 11C650,3.0,26e8ec03
P2AE-OBJ-d3088a80,P2AE,,BORGOU,Parakou,BOR_Par_09,P2AE_PBA_HTA,PBA 11C650,5.0,26e8ec03
P2AE-OBJ-a3c4cb49,P2AE,,BORGOU,Parakou,BOR_Par_03,P2AE_PBA_HTA,PBA 11C650,1.0,26e8ec03
P2AE-OBJ-b47e558c,P2AE,,BORGOU,N'Dali,BOR_Dal_02,P2AE_PBA_HTA,PBA 11C650,1.0,26e8ec03
P2AE-OBJ-fcf635b8,P2AE,,DONGA,Djougou,DON_Djo_05,P2AE_PBA_HTA,PBA 11C650,1.0,26e8ec03
P2AE-OBJ-ee5e73ad,P2AE,,BORGOU,N'Dali,BOR_Dal_01,P2AE_PBA_BT,PBA 9A650,28.0,215ac167
P2AE-OBJ-a10e0494,P2AE,,BORGOU,N'Dali,BOR_Dal_01,P2AE_PBA_BT,PBA 9C650,9.0,9c6af0a4
P2AE-OBJ-ae005ce0,P2AE,,BORGOU,N'Dali,BOR_Dal_01,P2AE_PBA_BT,PBA 9C800,1.0,526229bb
P2AE-OBJ-82c3bb9d,P2AE,,BORGOU,N'Dali,BOR_Dal_01,P2AE_PBA_HTA,PBA 11C650,1.0,26e8ec03
P2AE-OBJ-0d05c903,P2AE,,BORGOU,N'Dali,BOR_Dal_01,P2AE_PBA_HTA,PBA 12A800,6.0,46cfa5f8
P2AE-OBJ-51817102,P2AE,,BORGOU,N'Dali,BOR_Dal_01,P2AE_PBA_HTA,PBA 14A1000,8.0,ffbf33ef
P2AE-OBJ-b230a8a0,P2AE,,BORGOU,N'Dali,BOR_Dal_01,P2AE_Cable_BT,PRC 50mm²,3185.0,8e6b4946
P2AE-OBJ-1789af48,P2AE,,DONGA,Bassila,DON_Bas_01,P2AE_PBA_HTA,PBA 11C650,1.0,26e8ec03
P2AE-OBJ-6e57c7fb,P2AE,,ALIBORI,Gogounou,ALI_Gog_04,P2AE_TFO,Transformateur 100 kVA,3.0,152ada8c
P2AE-OBJ-a021bb7f,P2AE,,DONGA,Djougou,DON_Djo_02,P2AE_Cable_HTA,ASTER 54mm²,20.0,e9e0a228
P2AE-OBJ-e4782e0e,P2AE,,DONGA,Bassila,DON_Bas_03,P2AE_PBA_HTA,PBA 11C650,3.0,26e8ec03
P2AE-OBJ-1035b0cb,P2AE,,DONGA,Djougou,DON_Djo_03,P2AE_PBA_HTA,PBA 11C650,3.0,26e8ec03
P2AE-OBJ-bf9c4727,P2AE,,DONGA,Djougou,DON_Djo_04,P2AE_PBA_HTA,PBA 11C650,1.0,26e8ec03
P2AE-OBJ-c642265d,P2AE,,DONGA,Ouaké,DON_Oua_01,P2AE_PBA_HTA,PBA 11C650,1.0,26e8ec03
P2AE-OBJ-8077c816,P2AE,,DONGA,Ouaké,DON_Oua_03,P2AE_PBA_HTA,PBA 11C650,1.0,26e8ec03
P2AE-OBJ-356514d7,P2AE,,DONGA,Ouaké,DON_Oua_05,P2AE_PBA_HTA,PBA 13A400,9.0,cd39f595
P2AE-OBJ-65ef45ba,P2AE,,DONGA,Bassila,DON_Bas_02,P2AE_PBA_HTA,PBA 11C650,2.0,26e8ec03
P2AE-OBJ-53bc4f0f,P2AE,,DONGA,Djougou,DON_Djo_01,P2AE_PBA_HTA,PBA 11C650,5.0,26e8ec03
P2AE-OBJ-6ccf35fd,P2AE,c3a68e3f1,ALIBORI,Gogounou,ALI_Gog_01,P2AE_TFO,Transformateur 100 kVA,1.0,152ada8c
P2AE-OBJ-4ad58dee,P2AE,9c6af0a41,DONGA,Ouaké,DON_Oua_04,P2AE_PBA_HTA,PBA 11C650,2.0,26e8ec03
P2AE-OBJ-d5c4a9c5,P2AE,9c6af0a41,DONGA,Ouaké,DON_Oua_02,P2AE_PBA_HTA,PBA 11C650,1.0,26e8ec03
P2AE-OBJ-01f1efcf,P2AE,f64fbc641,ATACORA,Natitingou,ATA_Nat_08,P2AE_IACM,IACM,1.0,21f4f4d7
