ID_Localite,Localite,Departement,ID_Tache,Date,Jours_Ecoules_Depuis_Debut_Chantier,Quantite_Nette_Jour,Quantite_Cumulee_Realisee,Qte_Prevue_Tache,Quantite_Restante_Tache,Taux_Realisation_Tache,Saisie_Aberrante_Neutralisee
ALI_Gog_01,Wara,ALIBORI,P2AE_Cable_BT,2026-08-22,642,3792.33,3792.33,5040.0,1247.67,0.7524464285714285,False
ALI_Gog_01,Wara,ALIBORI,P2AE_Cable_HTA,2026-08-16,636,75.0,75.0,80.0,5.0,0.9375,False
ALI_Gog_01,Wara,ALIBORI,P2AE_EP,2026-08-22,642,40.0,40.0,57.0,17.0,0.7017543859649122,False
ALI_Gog_01,Wara,ALIBORI,P2AE_Fouille_BT,2026-04-08,506,59.0,59.0,117.0,58.0,0.5042735042735043,False
ALI_Gog_01,Wara,ALIBORI,P2AE_Fouille_BT,2026-04-20,518,-1.0,58.0,117.0,59.0,0.49572649572649574,False
ALI_Gog_01,Wara,ALIBORI,P2AE_Fouille_BT,2026-04-27,525,0.0,58.0,117.0,59.0,0.49572649572649574,False
ALI_Gog_01,Wara,ALIBORI,P2AE_Fouille_BT,2026-08-16,636,36.0,94.0,117.0,23.0,0.8034188034188035,False
ALI_Gog_01,Wara,ALIBORI,P2AE_Fouille_BT,2026-08-22,642,16.0,110.0,117.0,7.0,0.9401709401709402,False
ALI_Gog_01,Wara,ALIBORI,P2AE_Fouille_HTA,2026-04-08,506,1.0,1.0,9.0,8.0,0.1111111111111111,False
ALI_Gog_01,Wara,ALIBORI,P2AE_Fouille_HTA,2026-04-20,518,0.0,1.0,9.0,8.0,0.1111111111111111,False
ALI_Gog_01,Wara,ALIBORI,P2AE_Fouille_HTA,2026-04-27,525,0.0,1.0,9.0,8.0,0.1111111111111111,False
ALI_Gog_01,Wara,ALIBORI,P2AE_Fouille_HTA,2026-08-16,636,4.0,5.0,9.0,4.0,0.5555555555555556,False
ALI_Gog_01,Wara,ALIBORI,P2AE_Fouille_HTA,2026-08-22,642,2.0,7.0,9.0,2.0,0.7777777777777778,False
ALI_Gog_01,Wara,ALIBORI,P2AE_IACM,2026-08-16,636,1.0,1.0,1.0,0.0,1.0,False
ALI_Gog_01,Wara,ALIBORI,P2AE_PBA_BT,2026-04-08,506,58.0,58.0,117.0,59.0,0.49572649572649574,False
ALI_Gog_01,Wara,ALIBORI,P2AE_PBA_BT,2026-04-12,510,0.0,58.0,117.0,59.0,0.49572649572649574,False
ALI_Gog_01,Wara,ALIBORI,P2AE_PBA_BT,2026-04-20,518,0.0,58.0,117.0,59.0,0.49572649572649574,False
ALI_Gog_01,Wara,ALIBORI,P2AE_PBA_BT,2026-04-27,525,0.0,58.0,117.0,59.0,0.49572649572649574,False
ALI_Gog_01,Wara,ALIBORI,P2AE_PBA_BT,2026-08-16,636,38.0,96.0,117.0,21.0,0.8205128205128205,False
ALI_Gog_01,Wara,ALIBORI,P2AE_PBA_BT,2026-08-22,642,14.0,110.0,117.0,7.0,0.9401709401709402,False
ALI_Gog_01,Wara,ALIBORI,P2AE_PBA_HTA,2026-04-08,506,1.0,1.0,10.0,9.0,0.1,False
ALI_Gog_01,Wara,ALIBORI,P2AE_PBA_HTA,2026-04-20,518,0.0,1.0,10.0,9.0,0.1,False
ALI_Gog_01,Wara,ALIBORI,P2AE_PBA_HTA,2026-04-27,525,0.0,1.0,10.0,9.0,0.1,False
ALI_Gog_01,Wara,ALIBORI,P2AE_PBA_HTA,2026-08-16,636,5.0,6.0,10.0,4.0,0.6,False
ALI_Gog_01,Wara,ALIBORI,P2AE_TFO,2026-08-16,636,1.0,1.0,1.0,0.0,1.0,False
ALI_Gog_01,Wara,ALIBORI,P2AE_Terre,2026-08-16,636,10.0,10.0,39.0,29.0,0.2564102564102564,False
ALI_Gog_01,Wara,ALIBORI,P2AE_Terre,2026-08-22,642,2.0,12.0,39.0,27.0,0.3076923076923077,False
ALI_Gog_02,Bagou-Sinkparou,ALIBORI,P2AE_Fouille_BT,2026-04-08,506,57.0,57.0,81.0,24.0,0.7037037037037037,False
ALI_Gog_02,Bagou-Sinkparou,ALIBORI,P2AE_Fouille_BT,2026-04-20,518,0.0,57.0,81.0,24.0,0.7037037037037037,False
ALI_Gog_02,Bagou-Sinkparou,ALIBORI,P2AE_Fouille_BT,2026-04-27,525,0.0,57.0,81.0,24.0,0.7037037037037037,False
ALI_Gog_02,Bagou-Sinkparou,ALIBORI,P2AE_PBA_BT,2026-04-08,506,57.0,57.0,80.0,23.0,0.7125,False
ALI_Gog_02,Bagou-Sinkparou,ALIBORI,P2AE_PBA_BT,2026-04-12,510,0.0,57.0,80.0,23.0,0.7125,False
ALI_Gog_02,Bagou-Sinkparou,ALIBORI,P2AE_PBA_BT,2026-04-20,518,0.0,57.0,80.0,23.0,0.7125,False
ALI_Gog_02,Bagou-Sinkparou,ALIBORI,P2AE_PBA_BT,2026-04-27,525,0.0,57.0,80.0,23.0,0.7125,False
ALI_Gog_03,Bagou-Yankpanou,ALIBORI,P2AE_Fouille_BT,2026-04-08,506,37.0,37.0,106.0,69.0,0.3490566037735849,False
ALI_Gog_03,Bagou-Yankpanou,ALIBORI,P2AE_Fouille_BT,2026-04-27,525,0.0,37.0,106.0,69.0,0.3490566037735849,False
ALI_Gog_03,Bagou-Yankpanou,ALIBORI,P2AE_Fouille_HTA,2026-04-08,506,3.0,3.0,13.0,10.0,0.23076923076923078,False
ALI_Gog_03,Bagou-Yankpanou,ALIBORI,P2AE_Fouille_HTA,2026-04-20,518,0.0,3.0,13.0,10.0,0.23076923076923078,False
ALI_Gog_03,Bagou-Yankpanou,ALIBORI,P2AE_Fouille_HTA,2026-04-27,525,0.0,3.0,13.0,10.0,0.23076923076923078,False
ALI_Gog_03,Bagou-Yankpanou,ALIBORI,P2AE_PBA_BT,2026-04-08,506,37.0,37.0,105.0,68.0,0.3523809523809524,False
ALI_Gog_03,Bagou-Yankpanou,ALIBORI,P2AE_PBA_BT,2026-04-12,510,0.0,37.0,105.0,68.0,0.3523809523809524,False
ALI_Gog_03,Bagou-Yankpanou,ALIBORI,P2AE_PBA_BT,2026-04-20,518,0.0,37.0,105.0,68.0,0.3523809523809524,False
ALI_Gog_03,Bagou-Yankpanou,ALIBORI,P2AE_PBA_BT,2026-04-27,525,0.0,37.0,105.0,68.0,0.3523809523809524,False
ALI_Gog_03,Bagou-Yankpanou,ALIBORI,P2AE_PBA_BT,2026-08-09,629,27.0,64.0,105.0,41.0,0.6095238095238096,False
ALI_Gog_03,Bagou-Yankpanou,ALIBORI,P2AE_PBA_HTA,2026-04-08,506,3.0,3.0,14.0,11.0,0.21428571428571427,False
ALI_Gog_03,Bagou-Yankpanou,ALIBORI,P2AE_PBA_HTA,2026-04-27,525,0.0,3.0,14.0,11.0,0.21428571428571427,False
ALI_Gog_04,Sori-Borowanrou,ALIBORI,P2AE_Cable_BT,2026-06-21,580,4059.0,4059.0,14265.0,10206.0,0.28454258675078864,False
ALI_Gog_04,Sori-Borowanrou,ALIBORI,P2AE_Cable_BT,2026-06-27,586,2683.25,6742.25,14265.0,7522.75,0.4726428321065545,False
ALI_Gog_04,Sori-Borowanrou,ALIBORI,P2AE_Cable_BT,2026-07-04,593,856.91,7599.16,14265.0,6665.84,0.5327136347704171,False
ALI_Gog_04,Sori-Borowanrou,ALIBORI,P2AE_Cable_BT,2026-07-11,600,2392.0,9991.16,14265.0,4273.84,0.7003967753242201,False
ALI_Gog_04,Sori-Borowanrou,ALIBORI,P2AE_Cable_BT,2026-07-25,614,723.17,10714.33,14265.0,3550.67,0.7510921836663161,False
ALI_Gog_04,Sori-Borowanrou,ALIBORI,P2AE_Cable_HTA,2026-07-11,600,165.63,165.63,480.0,314.37,0.3450625,False
ALI_Gog_04,Sori-Borowanrou,ALIBORI,P2AE_Cable_HTA,2026-07-25,614,304.12,469.75,480.0,10.25,0.9786458333333333,False
ALI_Gog_04,Sori-Borowanrou,ALIBORI,P2AE_EP,2026-07-21,610,47.0,47.0,123.0,76.0,0.3821138211382114,False
ALI_Gog_04,Sori-Borowanrou,ALIBORI,P2AE_Fouille_BT,2026-04-09,507,203.0,203.0,308.0,105.0,0.6590909090909091,False
ALI_Gog_04,Sori-Borowanrou,ALIBORI,P2AE_Fouille_BT,2026-04-20,518,2.0,205.0,308.0,103.0,0.6655844155844156,False
ALI_Gog_04,Sori-Borowanrou,ALIBORI,P2AE_Fouille_BT,2026-04-27,525,-1.0,204.0,308.0,104.0,0.6623376623376623,False
ALI_Gog_04,Sori-Borowanrou,ALIBORI,P2AE_Fouille_BT,2026-07-01,590,86.0,290.0,308.0,18.0,0.9415584415584416,False
ALI_Gog_04,Sori-Borowanrou,ALIBORI,P2AE_Fouille_BT,2026-07-18,607,4.0,294.0,308.0,14.0,0.9545454545454546,False
ALI_Gog_04,Sori-Borowanrou,ALIBORI,P2AE_Fouille_BT,2026-08-02,622,3.0,297.0,308.0,11.0,0.9642857142857143,False
ALI_Gog_04,Sori-Borowanrou,ALIBORI,P2AE_Fouille_HTA,2026-04-09,507,1.0,1.0,20.0,19.0,0.05,False
ALI_Gog_04,Sori-Borowanrou,ALIBORI,P2AE_Fouille_HTA,2026-04-20,518,0.0,1.0,20.0,19.0,0.05,False
ALI_Gog_04,Sori-Borowanrou,ALIBORI,P2AE_Fouille_HTA,2026-04-27,525,0.0,1.0,20.0,19.0,0.05,False
ALI_Gog_04,Sori-Borowanrou,ALIBORI,P2AE_Fouille_HTA,2026-07-01,590,4.0,5.0,20.0,15.0,0.25,False
ALI_Gog_04,Sori-Borowanrou,ALIBORI,P2AE_Fouille_HTA,2026-08-02,622,10.0,15.0,20.0,5.0,0.75,False
ALI_Gog_04,Sori-Borowanrou,ALIBORI,P2AE_IACM,2026-07-11,600,1.0,1.0,2.0,1.0,0.5,False
ALI_Gog_04,Sori-Borowanrou,ALIBORI,P2AE_IACM,2026-07-25,614,1.0,2.0,2.0,0.0,1.0,False
ALI_Gog_04,Sori-Borowanrou,ALIBORI,P2AE_PBA_BT,2026-04-09,507,193.0,193.0,306.0,113.0,0.630718954248366,False
ALI_Gog_04,Sori-Borowanrou,ALIBORI,P2AE_PBA_BT,2026-04-12,510,0.0,193.0,306.0,113.0,0.630718954248366,False
ALI_Gog_04,Sori-Borowanrou,ALIBORI,P2AE_PBA_BT,2026-04-20,518,0.0,193.0,306.0,113.0,0.630718954248366,False
ALI_Gog_04,Sori-Borowanrou,ALIBORI,P2AE_PBA_BT,2026-04-27,525,0.0,193.0,306.0,113.0,0.630718954248366,False
ALI_Gog_04,Sori-Borowanrou,ALIBORI,P2AE_PBA_BT,2026-06-14,573,3.0,196.0,306.0,110.0,0.6405228758169934,False
ALI_Gog_04,Sori-Borowanrou,ALIBORI,P2AE_PBA_BT,2026-06-21,580,41.0,237.0,306.0,69.0,0.7745098039215687,False
ALI_Gog_04,Sori-Borowanrou,ALIBORI,P2AE_PBA_BT,2026-06-27,586,29.0,266.0,306.0,40.0,0.869281045751634,False
ALI_Gog_04,Sori-Borowanrou,ALIBORI,P2AE_PBA_BT,2026-07-04,593,29.0,295.0,306.0,11.0,0.9640522875816994,False
ALI_Gog_04,Sori-Borowanrou,ALIBORI,P2AE_PBA_BT,2026-07-25,614,7.0,302.0,306.0,4.0,0.9869281045751634,False
ALI_Gog_04,Sori-Borowanrou,ALIBORI,P2AE_PBA_HTA,2026-04-09,507,1.0,1.0,22.0,21.0,0.045454545454545456,False
ALI_Gog_04,Sori-Borowanrou,ALIBORI,P2AE_PBA_HTA,2026-04-27,525,0.0,1.0,22.0,21.0,0.045454545454545456,False
ALI_Gog_04,Sori-Borowanrou,ALIBORI,P2AE_PBA_HTA,2026-06-14,573,3.0,4.0,22.0,18.0,0.18181818181818182,False
ALI_Gog_04,Sori-Borowanrou,ALIBORI,P2AE_PBA_HTA,2026-07-25,614,10.0,14.0,22.0,8.0,0.6363636363636364,False
ALI_Gog_04,Sori-Borowanrou,ALIBORI,P2AE_TFO,2026-07-25,614,1.0,1.0,3.0,2.0,0.3333333333333333,False
ALI_Gog_05,Sori-Kpankpanrou,ALIBORI,P2AE_Cable_BT,2026-06-14,573,1160.58,1160.58,13131.0,11970.42,0.08838473840530042,False
ALI_Gog_05,Sori-Kpankpanrou,ALIBORI,P2AE_Cable_BT,2026-06-21,580,2176.0,3336.58,13131.0,9794.42,0.25409945929479855,False
ALI_Gog_05,Sori-Kpankpanrou,ALIBORI,P2AE_Cable_BT,2026-06-27,586,1314.46,4651.04,13131.0,8479.96,0.3542030309953545,False
ALI_Gog_05,Sori-Kpankpanrou,ALIBORI,P2AE_Cable_BT,2026-07-04,593,517.44,5168.48,13131.0,7962.52,0.3936090168304013,False
ALI_Gog_05,Sori-Kpankpanrou,ALIBORI,P2AE_Cable_BT,2026-07-11,600,293.16,5461.64,13131.0,7669.36,0.4159348107531795,False
ALI_Gog_05,Sori-Kpankpanrou,ALIBORI,P2AE_Cable_BT,2026-07-18,607,2709.89,8171.53,13131.0,4959.47,0.6223082781204783,False
ALI_Gog_05,Sori-Kpankpanrou,ALIBORI,P2AE_Cable_BT,2026-07-25,614,1877.5300000000002,10049.06,13131.0,3081.9400000000005,0.765292818521057,False
ALI_Gog_05,Sori-Kpankpanrou,ALIBORI,P2AE_Cable_HTA,2026-07-18,607,366.9,366.9,425.0,58.10000000000002,0.8632941176470588,False
ALI_Gog_05,Sori-Kpankpanrou,ALIBORI,P2AE_EP,2026-07-21,610,78.0,78.0,84.0,6.0,0.9285714285714286,False
ALI_Gog_05,Sori-Kpankpanrou,ALIBORI,P2AE_Fouille_BT,2026-04-09,507,147.0,147.0,221.0,74.0,0.665158371040724,False
ALI_Gog_05,Sori-Kpankpanrou,ALIBORI,P2AE_Fouille_BT,2026-04-20,518,18.0,165.0,221.0,56.0,0.746606334841629,False
ALI_Gog_05,Sori-Kpankpanrou,ALIBORI,P2AE_Fouille_BT,2026-04-27,525,-18.0,147.0,221.0,74.0,0.665158371040724,False
ALI_Gog_05,Sori-Kpankpanrou,ALIBORI,P2AE_Fouille_BT,2026-07-01,590,64.0,211.0,221.0,10.0,0.9547511312217195,False
ALI_Gog_05,Sori-Kpankpanrou,ALIBORI,P2AE_Fouille_BT,2026-08-02,622,4.0,215.0,221.0,6.0,0.9728506787330317,False
ALI_Gog_05,Sori-Kpankpanrou,ALIBORI,P2AE_Fouille_HTA,2026-04-09,507,7.0,7.0,9.0,2.0,0.7777777777777778,False
ALI_Gog_05,Sori-Kpankpanrou,ALIBORI,P2AE_Fouille_HTA,2026-04-20,518,0.0,7.0,9.0,2.0,0.7777777777777778,False
ALI_Gog_05,Sori-Kpankpanrou,ALIBORI,P2AE_Fouille_HTA,2026-04-27,525,0.0,7.0,9.0,2.0,0.7777777777777778,False
ALI_Gog_05,Sori-Kpankpanrou,ALIBORI,P2AE_Fouille_HTA,2026-07-01,590,3.0,10.0,9.0,0.0,1.1111111111111112,False
ALI_Gog_05,Sori-Kpankpanrou,ALIBORI,P2AE_IACM,2026-07-18,607,1.0,1.0,1.0,0.0,1.0,False
ALI_Gog_05,Sori-Kpankpanrou,ALIBORI,P2AE_PBA_BT,2026-04-09,507,140.0,140.0,220.0,80.0,0.6363636363636364,False
ALI_Gog_05,Sori-Kpankpanrou,ALIBORI,P2AE_PBA_BT,2026-04-12,510,0.0,140.0,220.0,80.0,0.6363636363636364,False
ALI_Gog_05,Sori-Kpankpanrou,ALIBORI,P2AE_PBA_BT,2026-04-20,518,0.0,140.0,220.0,80.0,0.6363636363636364,False
ALI_Gog_05,Sori-Kpankpanrou,ALIBORI,P2AE_PBA_BT,2026-04-27,525,0.0,140.0,220.0,80.0,0.6363636363636364,False
ALI_Gog_05,Sori-Kpankpanrou,ALIBORI,P2AE_PBA_BT,2026-05-31,559,0.0,140.0,220.0,80.0,0.6363636363636364,False
ALI_Gog_05,Sori-Kpankpanrou,ALIBORI,P2AE_PBA_BT,2026-06-14,573,20.0,160.0,220.0,60.0,0.7272727272727273,False
ALI_Gog_05,Sori-Kpankpanrou,ALIBORI,P2AE_PBA_BT,2026-06-21,580,6.0,166.0,220.0,54.0,0.7545454545454545,False
ALI_Gog_05,Sori-Kpankpanrou,ALIBORI,P2AE_PBA_BT,2026-06-27,586,19.0,185.0,220.0,35.0,0.8409090909090909,False
ALI_Gog_05,Sori-Kpankpanrou,ALIBORI,P2AE_PBA_BT,2026-07-04,593,11.0,196.0,220.0,24.0,0.8909090909090909,False
ALI_Gog_05,Sori-Kpankpanrou,ALIBORI,P2AE_PBA_BT,2026-07-18,607,16.0,212.0,220.0,8.0,0.9636363636363636,False
ALI_Gog_05,Sori-Kpankpanrou,ALIBORI,P2AE_PBA_BT,2026-07-25,614,4.0,216.0,220.0,4.0,0.9818181818181818,False
ALI_Gog_05,Sori-Kpankpanrou,ALIBORI,P2AE_PBA_HTA,2026-04-09,507,7.0,7.0,10.0,3.0,0.7,False
ALI_Gog_05,Sori-Kpankpanrou,ALIBORI,P2AE_PBA_HTA,2026-04-12,510,0.0,7.0,10.0,3.0,0.7,False
ALI_Gog_05,Sori-Kpankpanrou,ALIBORI,P2AE_PBA_HTA,2026-04-20,518,0.0,7.0,10.0,3.0,0.7,False
ALI_Gog_05,Sori-Kpankpanrou,ALIBORI,P2AE_PBA_HTA,2026-04-27,525,0.0,7.0,10.0,3.0,0.7,False
ALI_Gog_05,Sori-Kpankpanrou,ALIBORI,P2AE_PBA_HTA,2026-05-31,559,1.0,8.0,10.0,2.0,0.8,False
ALI_Gog_05,Sori-Kpankpanrou,ALIBORI,P2AE_PBA_HTA,2026-07-18,607,2.0,10.0,10.0,0.0,1.0,False
ALI_Gog_05,Sori-Kpankpanrou,ALIBORI,P2AE_TFO,2026-07-25,614,1.0,1.0,1.0,0.0,1.0,False
ALI_Kan_01,Kandi-fô,ALIBORI,P2AE_Cable_BT,2026-05-09,537,1118.0,1118.0,3225.0,2107.0,0.3466666666666667,False
ALI_Kan_01,Kandi-fô,ALIBORI,P2AE_Cable_BT,2026-05-11,539,171.0,1289.0,3225.0,1936.0,0.39968992248062013,False
ALI_Kan_01,Kandi-fô,ALIBORI,P2AE_Cable_HTA,2026-05-11,539,75.0,75.0,80.0,5.0,0.9375,False
ALI_Kan_01,Kandi-fô,ALIBORI,P2AE_Fouille_BT,2026-04-08,506,47.0,47.0,49.0,2.0,0.9591836734693877,False
ALI_Kan_01,Kandi-fô,ALIBORI,P2AE_Fouille_BT,2026-04-20,518,28.0,75.0,49.0,0.0,1.5,False
ALI_Kan_01,Kandi-fô,ALIBORI,P2AE_Fouille_BT,2026-04-27,525,-28.0,47.0,49.0,2.0,0.9591836734693877,False
ALI_Kan_01,Kandi-fô,ALIBORI,P2AE_Fouille_BT,2026-05-05,533,1.0,48.0,49.0,1.0,0.9795918367346939,False
ALI_Kan_01,Kandi-fô,ALIBORI,P2AE_Fouille_HTA,2026-04-20,518,2.0,2.0,20.0,18.0,0.1,False
ALI_Kan_01,Kandi-fô,ALIBORI,P2AE_IACM,2026-05-11,539,1.0,1.0,1.0,0.0,1.0,False
ALI_Kan_01,Kandi-fô,ALIBORI,P2AE_PBA_BT,2026-04-08,506,44.0,44.0,47.0,3.0,0.9361702127659575,False
ALI_Kan_01,Kandi-fô,ALIBORI,P2AE_PBA_BT,2026-04-12,510,1.0,45.0,47.0,2.0,0.9574468085106383,False
ALI_Kan_01,Kandi-fô,ALIBORI,P2AE_PBA_BT,2026-04-20,518,0.0,45.0,47.0,2.0,0.9574468085106383,False
ALI_Kan_01,Kandi-fô,ALIBORI,P2AE_PBA_BT,2026-04-27,525,0.0,45.0,47.0,2.0,0.9574468085106383,False
ALI_Kan_01,Kandi-fô,ALIBORI,P2AE_PBA_BT,2026-05-09,537,3.0,48.0,47.0,0.0,1.0212765957446808,False
ALI_Kan_01,Kandi-fô,ALIBORI,P2AE_PBA_BT,2026-05-31,559,0.0,48.0,47.0,0.0,1.0212765957446808,False
ALI_Kan_01,Kandi-fô,ALIBORI,P2AE_PBA_HTA,2026-04-16,514,2.0,2.0,21.0,19.0,0.09523809523809523,False
ALI_Kan_01,Kandi-fô,ALIBORI,P2AE_PBA_HTA,2026-04-20,518,0.0,2.0,21.0,19.0,0.09523809523809523,False
ALI_Kan_01,Kandi-fô,ALIBORI,P2AE_PBA_HTA,2026-04-27,525,0.0,2.0,21.0,19.0,0.09523809523809523,False
ALI_Kan_01,Kandi-fô,ALIBORI,P2AE_PBA_HTA,2026-05-04,532,1.0,3.0,21.0,18.0,0.14285714285714285,False
ALI_Kan_01,Kandi-fô,ALIBORI,P2AE_Terre,2026-07-21,610,16.0,16.0,32.0,16.0,0.5,False
ALI_Kan_02,Albarika,ALIBORI,P2AE_Cable_BT,2026-05-23,551,4965.12,4965.12,11615.0,6649.88,0.4274748170469221,False
ALI_Kan_02,Albarika,ALIBORI,P2AE_Cable_BT,2026-05-30,558,1305.0,6270.12,11615.0,5344.88,0.5398295307791648,False
ALI_Kan_02,Albarika,ALIBORI,P2AE_Cable_BT,2026-06-14,573,2476.8500000000004,8746.970000000001,11615.0,2868.029999999999,0.7530753336203186,False
ALI_Kan_02,Albarika,ALIBORI,P2AE_Cable_HTA,2026-06-07,566,71.0,71.0,350.0,279.0,0.20285714285714285,False
ALI_Kan_02,Albarika,ALIBORI,P2AE_Cable_HTA,2026-06-14,573,227.0,298.0,350.0,52.0,0.8514285714285714,False
ALI_Kan_02,Albarika,ALIBORI,P2AE_EP,2026-07-21,610,53.0,53.0,128.0,75.0,0.4140625,False
ALI_Kan_02,Albarika,ALIBORI,P2AE_Fouille_BT,2026-04-08,506,172.0,172.0,253.0,81.0,0.6798418972332015,False
ALI_Kan_02,Albarika,ALIBORI,P2AE_Fouille_BT,2026-04-20,518,14.0,186.0,253.0,67.0,0.7351778656126482,False
ALI_Kan_02,Albarika,ALIBORI,P2AE_Fouille_BT,2026-04-27,525,-2.0,184.0,253.0,69.0,0.7272727272727273,False
ALI_Kan_02,Albarika,ALIBORI,P2AE_Fouille_BT,2026-05-04,532,15.0,199.0,253.0,54.0,0.7865612648221344,False
ALI_Kan_02,Albarika,ALIBORI,P2AE_Fouille_BT,2026-05-05,533,14.0,213.0,253.0,40.0,0.841897233201581,False
ALI_Kan_02,Albarika,ALIBORI,P2AE_Fouille_BT,2026-05-09,537,-5.0,208.0,253.0,45.0,0.8221343873517787,False
ALI_Kan_02,Albarika,ALIBORI,P2AE_Fouille_BT,2026-05-14,542,8.0,216.0,253.0,37.0,0.8537549407114624,False
ALI_Kan_02,Albarika,ALIBORI,P2AE_Fouille_BT,2026-07-01,590,22.0,238.0,253.0,15.0,0.9407114624505929,False
ALI_Kan_02,Albarika,ALIBORI,P2AE_Fouille_HTA,2026-04-20,518,2.0,2.0,14.0,12.0,0.14285714285714285,False
ALI_Kan_02,Albarika,ALIBORI,P2AE_Fouille_HTA,2026-04-27,525,0.0,2.0,14.0,12.0,0.14285714285714285,False
ALI_Kan_02,Albarika,ALIBORI,P2AE_Fouille_HTA,2026-05-05,533,1.0,3.0,14.0,11.0,0.21428571428571427,False
ALI_Kan_02,Albarika,ALIBORI,P2AE_Fouille_HTA,2026-05-10,538,4.0,7.0,14.0,7.0,0.5,False
ALI_Kan_02,Albarika,ALIBORI,P2AE_Fouille_HTA,2026-05-14,542,1.0,8.0,14.0,6.0,0.5714285714285714,False
ALI_Kan_02,Albarika,ALIBORI,P2AE_Fouille_HTA,2026-07-01,590,5.0,13.0,14.0,1.0,0.9285714285714286,False
ALI_Kan_02,Albarika,ALIBORI,P2AE_PBA_BT,2026-04-08,506,172.0,172.0,251.0,79.0,0.6852589641434262,False
ALI_Kan_02,Albarika,ALIBORI,P2AE_PBA_BT,2026-04-16,514,11.0,183.0,251.0,68.0,0.7290836653386454,False
ALI_Kan_02,Albarika,ALIBORI,P2AE_PBA_BT,2026-04-20,518,0.0,183.0,251.0,68.0,0.7290836653386454,False
ALI_Kan_02,Albarika,ALIBORI,P2AE_PBA_BT,2026-04-27,525,0.0,183.0,251.0,68.0,0.7290836653386454,False
ALI_Kan_02,Albarika,ALIBORI,P2AE_PBA_BT,2026-05-04,532,4.0,187.0,251.0,64.0,0.7450199203187251,False
ALI_Kan_02,Albarika,ALIBORI,P2AE_PBA_BT,2026-05-09,537,10.0,197.0,251.0,54.0,0.7848605577689243,False
ALI_Kan_02,Albarika,ALIBORI,P2AE_PBA_BT,2026-05-19,547,15.0,212.0,251.0,39.0,0.8446215139442231,False
ALI_Kan_02,Albarika,ALIBORI,P2AE_PBA_BT,2026-06-07,566,21.0,233.0,251.0,18.0,0.9282868525896414,False
ALI_Kan_02,Albarika,ALIBORI,P2AE_PBA_BT,2026-06-14,573,5.0,238.0,251.0,13.0,0.9482071713147411,False
ALI_Kan_02,Albarika,ALIBORI,P2AE_PBA_HTA,2026-04-12,510,2.0,2.0,16.0,14.0,0.125,False
ALI_Kan_02,Albarika,ALIBORI,P2AE_PBA_HTA,2026-04-20,518,0.0,2.0,16.0,14.0,0.125,False
ALI_Kan_02,Albarika,ALIBORI,P2AE_PBA_HTA,2026-04-27,525,0.0,2.0,16.0,14.0,0.125,False
ALI_Kan_02,Albarika,ALIBORI,P2AE_PBA_HTA,2026-05-04,532,9.0,11.0,16.0,5.0,0.6875,False
ALI_Kan_02,Albarika,ALIBORI,P2AE_PBA_HTA,2026-06-07,566,4.0,15.0,16.0,1.0,0.9375,False
ALI_Kan_02,Albarika,ALIBORI,P2AE_PBA_HTA,2026-06-14,573,1.0,16.0,16.0,0.0,1.0,False
ALI_Kan_02,Albarika,ALIBORI,P2AE_Terre,2026-05-23,551,12.0,12.0,76.0,64.0,0.15789473684210525,False
ALI_Kan_02,Albarika,ALIBORI,P2AE_Terre,2026-05-30,558,21.0,33.0,76.0,43.0,0.4342105263157895,False
ALI_Kan_02,Albarika,ALIBORI,P2AE_Terre,2026-07-21,610,0.0,33.0,76.0,43.0,0.4342105263157895,False
ALI_Kan_03,Kéféré-Senté,ALIBORI,P2AE_Fouille_BT,2026-04-08,506,14.0,14.0,34.0,20.0,0.4117647058823529,False
ALI_Kan_03,Kéféré-Senté,ALIBORI,P2AE_Fouille_BT,2026-04-20,518,3.0,17.0,34.0,17.0,0.5,False
ALI_Kan_03,Kéféré-Senté,ALIBORI,P2AE_Fouille_BT,2026-04-27,525,-2.0,15.0,34.0,19.0,0.4411764705882353,False
ALI_Kan_03,Kéféré-Senté,ALIBORI,P2AE_Fouille_BT,2026-05-09,537,0.0,15.0,34.0,19.0,0.4411764705882353,True
ALI_Kan_03,Kéféré-Senté,ALIBORI,P2AE_Fouille_BT,2026-05-14,542,1.0,16.0,34.0,18.0,0.47058823529411764,False
ALI_Kan_03,Kéféré-Senté,ALIBORI,P2AE_Fouille_BT,2026-07-01,590,2.0,18.0,34.0,16.0,0.5294117647058824,False
ALI_Kan_03,Kéféré-Senté,ALIBORI,P2AE_Fouille_HTA,2026-04-20,518,2.0,2.0,7.0,5.0,0.2857142857142857,False
ALI_Kan_03,Kéféré-Senté,ALIBORI,P2AE_Fouille_HTA,2026-04-27,525,0.0,2.0,7.0,5.0,0.2857142857142857,False
ALI_Kan_03,Kéféré-Senté,ALIBORI,P2AE_Fouille_HTA,2026-05-14,542,2.0,4.0,7.0,3.0,0.5714285714285714,False
ALI_Kan_03,Kéféré-Senté,ALIBORI,P2AE_Fouille_HTA,2026-07-01,590,1.0,5.0,7.0,2.0,0.7142857142857143,False
ALI_Kan_03,Kéféré-Senté,ALIBORI,P2AE_PBA_BT,2026-04-08,506,14.0,14.0,33.0,19.0,0.42424242424242425,False
ALI_Kan_03,Kéféré-Senté,ALIBORI,P2AE_PBA_BT,2026-04-12,510,0.0,14.0,33.0,19.0,0.42424242424242425,False
ALI_Kan_03,Kéféré-Senté,ALIBORI,P2AE_PBA_BT,2026-04-20,518,1.0,15.0,33.0,18.0,0.45454545454545453,False
ALI_Kan_03,Kéféré-Senté,ALIBORI,P2AE_PBA_BT,2026-04-27,525,0.0,15.0,33.0,18.0,0.45454545454545453,False
ALI_Kan_03,Kéféré-Senté,ALIBORI,P2AE_PBA_BT,2026-05-31,559,0.0,15.0,33.0,18.0,0.45454545454545453,False
ALI_Kan_03,Kéféré-Senté,ALIBORI,P2AE_PBA_BT,2026-06-14,573,4.0,19.0,33.0,14.0,0.5757575757575758,False
ALI_Kan_03,Kéféré-Senté,ALIBORI,P2AE_PBA_HTA,2026-04-20,518,2.0,2.0,8.0,6.0,0.25,False
ALI_Kan_03,Kéféré-Senté,ALIBORI,P2AE_PBA_HTA,2026-04-27,525,0.0,2.0,8.0,6.0,0.25,False
ALI_Kan_03,Kéféré-Senté,ALIBORI,P2AE_PBA_HTA,2026-05-04,532,1.0,3.0,8.0,5.0,0.375,False
ALI_Kan_03,Kéféré-Senté,ALIBORI,P2AE_PBA_HTA,2026-06-14,573,2.0,5.0,8.0,3.0,0.625,False
ALI_Kan_04,Ganssoso-Gbiga,ALIBORI,P2AE_Cable_BT,2026-05-04,532,3915.8599999999997,3915.8599999999997,10370.0,6454.14,0.37761427193828345,False
ALI_Kan_04,Ganssoso-Gbiga,ALIBORI,P2AE_Cable_BT,2026-05-05,533,1000.0,4915.86,10370.0,5454.14,0.47404628736740595,False
ALI_Kan_04,Ganssoso-Gbiga,ALIBORI,P2AE_Cable_BT,2026-05-06,534,1137.63,6053.49,10370.0,4316.51,0.5837502410800386,False
ALI_Kan_04,Ganssoso-Gbiga,ALIBORI,P2AE_Cable_BT,2026-05-09,537,1764.05,7817.54,10370.0,2552.46,0.7538611378977821,False
ALI_Kan_04,Ganssoso-Gbiga,ALIBORI,P2AE_Cable_BT,2026-05-30,558,381.0,8198.539999999999,10370.0,2171.460000000001,0.7906017357762777,False
ALI_Kan_04,Ganssoso-Gbiga,ALIBORI,P2AE_Cable_HTA,2026-05-12,540,146.3,146.3,420.0,273.7,0.3483333333333334,False
ALI_Kan_04,Ganssoso-Gbiga,ALIBORI,P2AE_EP,2026-07-21,610,67.0,67.0,94.0,27.0,0.7127659574468085,False
ALI_Kan_04,Ganssoso-Gbiga,ALIBORI,P2AE_Fouille_BT,2026-04-08,506,196.0,196.0,208.0,12.0,0.9423076923076923,False
ALI_Kan_04,Ganssoso-Gbiga,ALIBORI,P2AE_Fouille_BT,2026-04-20,518,146.0,342.0,208.0,0.0,1.5,False
ALI_Kan_04,Ganssoso-Gbiga,ALIBORI,P2AE_Fouille_BT,2026-04-27,525,-143.0,199.0,208.0,9.0,0.9567307692307693,False
ALI_Kan_04,Ganssoso-Gbiga,ALIBORI,P2AE_Fouille_BT,2026-05-04,532,8.0,207.0,208.0,1.0,0.9951923076923077,False
ALI_Kan_04,Ganssoso-Gbiga,ALIBORI,P2AE_Fouille_BT,2026-05-09,537,-3.0,204.0,208.0,4.0,0.9807692307692307,False
ALI_Kan_04,Ganssoso-Gbiga,ALIBORI,P2AE_Fouille_BT,2026-05-14,542,1.0,205.0,208.0,3.0,0.9855769230769231,False
ALI_Kan_04,Ganssoso-Gbiga,ALIBORI,P2AE_Fouille_HTA,2026-04-20,518,6.0,6.0,16.0,10.0,0.375,False
ALI_Kan_04,Ganssoso-Gbiga,ALIBORI,P2AE_Fouille_HTA,2026-04-27,525,0.0,6.0,16.0,10.0,0.375,False
ALI_Kan_04,Ganssoso-Gbiga,ALIBORI,P2AE_Fouille_HTA,2026-05-09,537,3.0,9.0,16.0,7.0,0.5625,False
ALI_Kan_04,Ganssoso-Gbiga,ALIBORI,P2AE_Fouille_HTA,2026-07-01,590,2.0,11.0,16.0,5.0,0.6875,False
ALI_Kan_04,Ganssoso-Gbiga,ALIBORI,P2AE_IACM,2026-05-13,541,2.0,2.0,2.0,0.0,1.0,False
ALI_Kan_04,Ganssoso-Gbiga,ALIBORI,P2AE_PBA_BT,2026-04-08,506,189.0,189.0,205.0,16.0,0.9219512195121952,False
ALI_Kan_04,Ganssoso-Gbiga,ALIBORI,P2AE_PBA_BT,2026-04-12,510,1.0,190.0,205.0,15.0,0.926829268292683,False
ALI_Kan_04,Ganssoso-Gbiga,ALIBORI,P2AE_PBA_BT,2026-04-20,518,5.0,195.0,205.0,10.0,0.9512195121951219,False
ALI_Kan_04,Ganssoso-Gbiga,ALIBORI,P2AE_PBA_BT,2026-04-27,525,0.0,195.0,205.0,10.0,0.9512195121951219,False
ALI_Kan_04,Ganssoso-Gbiga,ALIBORI,P2AE_PBA_BT,2026-05-04,532,7.0,202.0,205.0,3.0,0.9853658536585366,False
ALI_Kan_04,Ganssoso-Gbiga,ALIBORI,P2AE_PBA_BT,2026-05-09,537,2.0,204.0,205.0,1.0,0.9951219512195122,False
ALI_Kan_04,Ganssoso-Gbiga,ALIBORI,P2AE_PBA_BT,2026-05-19,547,1.0,205.0,205.0,0.0,1.0,False
ALI_Kan_04,Ganssoso-Gbiga,ALIBORI,P2AE_PBA_BT,2026-05-31,559,0.0,205.0,205.0,0.0,1.0,False
ALI_Kan_04,Ganssoso-Gbiga,ALIBORI,P2AE_PBA_HTA,2026-04-16,514,3.0,3.0,18.0,15.0,0.16666666666666666,False
ALI_Kan_04,Ganssoso-Gbiga,ALIBORI,P2AE_PBA_HTA,2026-04-20,518,3.0,6.0,18.0,12.0,0.3333333333333333,False
ALI_Kan_04,Ganssoso-Gbiga,ALIBORI,P2AE_PBA_HTA,2026-04-27,525,0.0,6.0,18.0,12.0,0.3333333333333333,False
ALI_Kan_04,Ganssoso-Gbiga,ALIBORI,P2AE_PBA_HTA,2026-05-04,532,5.0,11.0,18.0,7.0,0.6111111111111112,False
ALI_Kan_04,Ganssoso-Gbiga,ALIBORI,P2AE_PBA_HTA,2026-05-31,559,0.0,11.0,18.0,7.0,0.6111111111111112,False
ALI_Kan_04,Ganssoso-Gbiga,ALIBORI,P2AE_Terre,2026-05-23,551,38.0,38.0,74.0,36.0,0.5135135135135135,False
ALI_Kan_04,Ganssoso-Gbiga,ALIBORI,P2AE_Terre,2026-07-21,610,10.0,48.0,74.0,26.0,0.6486486486486487,False
ALI_Kan_05,Soundou,ALIBORI,P2AE_Cable_BT,2026-05-04,532,1770.0,1770.0,2180.0,410.0,0.8119266055045872,False
ALI_Kan_05,Soundou,ALIBORI,P2AE_Cable_BT,2026-05-14,542,260.0,2030.0,2180.0,150.0,0.9311926605504587,False
ALI_Kan_05,Soundou,ALIBORI,P2AE_Cable_HTA,2026-05-15,543,150.0,150.0,190.0,40.0,0.7894736842105263,False
ALI_Kan_05,Soundou,ALIBORI,P2AE_Fouille_BT,2026-04-08,506,41.0,41.0,53.0,12.0,0.7735849056603774,False
ALI_Kan_05,Soundou,ALIBORI,P2AE_Fouille_BT,2026-04-20,518,8.0,49.0,53.0,4.0,0.9245283018867925,False
ALI_Kan_05,Soundou,ALIBORI,P2AE_Fouille_BT,2026-04-27,525,4.0,53.0,53.0,0.0,1.0,False
ALI_Kan_05,Soundou,ALIBORI,P2AE_Fouille_BT,2026-05-09,537,-2.0,51.0,53.0,2.0,0.9622641509433962,False
ALI_Kan_05,Soundou,ALIBORI,P2AE_Fouille_HTA,2026-04-20,518,2.0,2.0,6.0,4.0,0.3333333333333333,False
ALI_Kan_05,Soundou,ALIBORI,P2AE_Fouille_HTA,2026-04-27,525,1.0,3.0,6.0,3.0,0.5,False
ALI_Kan_05,Soundou,ALIBORI,P2AE_Fouille_HTA,2026-05-10,538,2.0,5.0,6.0,1.0,0.8333333333333334,False
ALI_Kan_05,Soundou,ALIBORI,P2AE_PBA_BT,2026-04-08,506,35.0,35.0,52.0,17.0,0.6730769230769231,False
ALI_Kan_05,Soundou,ALIBORI,P2AE_PBA_BT,2026-04-12,510,11.0,46.0,52.0,6.0,0.8846153846153846,False
ALI_Kan_05,Soundou,ALIBORI,P2AE_PBA_BT,2026-04-20,518,0.0,46.0,52.0,6.0,0.8846153846153846,False
ALI_Kan_05,Soundou,ALIBORI,P2AE_PBA_BT,2026-04-27,525,6.0,52.0,52.0,0.0,1.0,False
ALI_Kan_05,Soundou,ALIBORI,P2AE_PBA_BT,2026-05-31,559,22.0,74.0,52.0,0.0,1.4230769230769231,False
ALI_Kan_05,Soundou,ALIBORI,P2AE_PBA_HTA,2026-04-12,510,2.0,2.0,7.0,5.0,0.2857142857142857,False
ALI_Kan_05,Soundou,ALIBORI,P2AE_PBA_HTA,2026-04-20,518,0.0,2.0,7.0,5.0,0.2857142857142857,False
ALI_Kan_05,Soundou,ALIBORI,P2AE_PBA_HTA,2026-04-27,525,1.0,3.0,7.0,4.0,0.42857142857142855,False
ALI_Kan_05,Soundou,ALIBORI,P2AE_PBA_HTA,2026-05-04,532,3.0,6.0,7.0,1.0,0.8571428571428571,False
ALI_Kan_05,Soundou,ALIBORI,P2AE_PBA_HTA,2026-05-31,559,0.0,6.0,7.0,1.0,0.8571428571428571,False
ALI_Kan_06,Fafa,ALIBORI,P2AE_Cable_BT,2026-05-04,532,1772.5,1772.5,3360.0,1587.5,0.5275297619047619,False
ALI_Kan_06,Fafa,ALIBORI,P2AE_Cable_HTA,2026-05-03,531,58.18,58.18,100.0,41.82,0.5818,False
ALI_Kan_06,Fafa,ALIBORI,P2AE_Fouille_BT,2026-04-08,506,18.0,18.0,51.0,33.0,0.35294117647058826,False
ALI_Kan_06,Fafa,ALIBORI,P2AE_Fouille_BT,2026-04-20,518,39.0,57.0,51.0,0.0,1.1176470588235294,False
ALI_Kan_06,Fafa,ALIBORI,P2AE_Fouille_BT,2026-04-27,525,-11.0,46.0,51.0,5.0,0.9019607843137255,False
ALI_Kan_06,Fafa,ALIBORI,P2AE_Fouille_HTA,2026-04-20,518,1.0,1.0,16.0,15.0,0.0625,False
ALI_Kan_06,Fafa,ALIBORI,P2AE_Fouille_HTA,2026-04-27,525,1.0,2.0,16.0,14.0,0.125,False
ALI_Kan_06,Fafa,ALIBORI,P2AE_PBA_BT,2026-04-12,510,37.0,37.0,50.0,13.0,0.74,False
ALI_Kan_06,Fafa,ALIBORI,P2AE_PBA_BT,2026-04-20,518,0.0,37.0,50.0,13.0,0.74,False
ALI_Kan_06,Fafa,ALIBORI,P2AE_PBA_BT,2026-04-27,525,6.0,43.0,50.0,7.0,0.86,False
ALI_Kan_06,Fafa,ALIBORI,P2AE_PBA_HTA,2026-04-12,510,1.0,1.0,17.0,16.0,0.058823529411764705,False
ALI_Kan_06,Fafa,ALIBORI,P2AE_PBA_HTA,2026-04-20,518,0.0,1.0,17.0,16.0,0.058823529411764705,False
ALI_Kan_06,Fafa,ALIBORI,P2AE_PBA_HTA,2026-04-27,525,1.0,2.0,17.0,15.0,0.11764705882352941,False
ALI_Kan_06,Fafa,ALIBORI,P2AE_PBA_HTA,2026-05-04,532,1.0,3.0,17.0,14.0,0.17647058823529413,False
ATA_Nat_01,Kotopounga,ATACORA,P2AE_Cable_BT,2026-06-23,582,1274.0,1274.0,7680.0,6406.0,0.16588541666666667,False
ATA_Nat_01,Kotopounga,ATACORA,P2AE_Cable_BT,2026-06-24,583,877.0,2151.0,7680.0,5529.0,0.280078125,False
ATA_Nat_01,Kotopounga,ATACORA,P2AE_Cable_BT,2026-06-25,584,911.0,3062.0,7680.0,4618.0,0.39869791666666665,False
ATA_Nat_01,Kotopounga,ATACORA,P2AE_Cable_BT,2026-06-27,586,437.0,3499.0,7680.0,4181.0,0.45559895833333336,False
ATA_Nat_01,Kotopounga,ATACORA,P2AE_Cable_HTA,2026-08-10,630,49.72,49.72,330.0,280.28,0.15066666666666667,False
ATA_Nat_01,Kotopounga,ATACORA,P2AE_Cable_HTA,2026-08-12,632,84.91,134.63,330.0,195.37,0.407969696969697,False
ATA_Nat_01,Kotopounga,ATACORA,P2AE_Cable_HTA,2026-08-13,633,102.0,236.63,330.0,93.37,0.7170606060606061,False
ATA_Nat_01,Kotopounga,ATACORA,P2AE_DMT,2026-08-10,630,1.0,1.0,1.0,0.0,1.0,False
ATA_Nat_01,Kotopounga,ATACORA,P2AE_Fouille_BT,2026-04-06,504,0.0,0.0,159.0,159.0,0.0,True
ATA_Nat_01,Kotopounga,ATACORA,P2AE_Fouille_BT,2026-04-19,517,0.0,0.0,159.0,159.0,0.0,False
ATA_Nat_01,Kotopounga,ATACORA,P2AE_Fouille_HTA,2026-04-08,506,31.0,31.0,31.0,0.0,1.0,False
ATA_Nat_01,Kotopounga,ATACORA,P2AE_Fouille_HTA,2026-04-20,518,0.0,31.0,31.0,0.0,1.0,False
ATA_Nat_01,Kotopounga,ATACORA,P2AE_IACM,2026-08-10,630,1.0,1.0,1.0,0.0,1.0,False
ATA_Nat_01,Kotopounga,ATACORA,P2AE_PBA_BT,2026-04-07,505,141.0,141.0,158.0,17.0,0.8924050632911392,False
ATA_Nat_01,Kotopounga,ATACORA,P2AE_PBA_BT,2026-04-19,517,17.0,158.0,158.0,0.0,1.0,False
ATA_Nat_01,Kotopounga,ATACORA,P2AE_PBA_BT,2026-04-20,518,-3.0,155.0,158.0,3.0,0.9810126582278481,False
ATA_Nat_01,Kotopounga,ATACORA,P2AE_PBA_BT,2026-07-19,608,1.0,156.0,158.0,2.0,0.9873417721518988,False
ATA_Nat_01,Kotopounga,ATACORA,P2AE_PBA_BT,2026-07-24,613,0.0,156.0,158.0,2.0,0.9873417721518988,False
ATA_Nat_01,Kotopounga,ATACORA,P2AE_PBA_BT,2026-08-06,626,2.0,158.0,158.0,0.0,1.0,False
ATA_Nat_01,Kotopounga,ATACORA,P2AE_PBA_HTA,2026-04-08,506,7.0,7.0,32.0,25.0,0.21875,False
ATA_Nat_01,Kotopounga,ATACORA,P2AE_PBA_HTA,2026-04-20,518,0.0,7.0,32.0,25.0,0.21875,False
ATA_Nat_01,Kotopounga,ATACORA,P2AE_PBA_HTA,2026-05-09,537,0.0,7.0,32.0,25.0,0.21875,False
ATA_Nat_01,Kotopounga,ATACORA,P2AE_PBA_HTA,2026-07-19,608,1.0,8.0,32.0,24.0,0.25,False
ATA_Nat_01,Kotopounga,ATACORA,P2AE_PBA_HTA,2026-07-24,613,0.0,8.0,32.0,24.0,0.25,False
ATA_Nat_01,Kotopounga,ATACORA,P2AE_PBA_HTA,2026-08-06,626,13.0,21.0,32.0,11.0,0.65625,False
ATA_Nat_02,Winkè,ATACORA,P2AE_Cable_BT,2026-04-07,505,3941.0,3941.0,4180.0,239.0,0.942822966507177,False
ATA_Nat_02,Winkè,ATACORA,P2AE_Cable_BT,2026-04-12,510,0.0,3941.0,4180.0,239.0,0.942822966507177,False
ATA_Nat_02,Winkè,ATACORA,P2AE_Cable_BT,2026-04-20,518,189.0,4130.0,4180.0,50.0,0.9880382775119617,False
ATA_Nat_02,Winkè,ATACORA,P2AE_Cable_BT,2026-05-28,556,152.0,4282.0,4180.0,0.0,1.024401913875598,False
ATA_Nat_02,Winkè,ATACORA,P2AE_Cable_BT,2026-08-19,639,72.0,4354.0,4180.0,0.0,1.0416267942583732,False
ATA_Nat_02,Winkè,ATACORA,P2AE_Cable_HTA,2026-06-04,563,49.0,49.0,73.4,24.400000000000006,0.667574931880109,False
ATA_Nat_02,Winkè,ATACORA,P2AE_DMT,2026-08-17,637,1.0,1.0,1.0,0.0,1.0,False
ATA_Nat_02,Winkè,ATACORA,P2AE_EP,2026-08-17,637,19.0,19.0,46.0,27.0,0.41304347826086957,False
ATA_Nat_02,Winkè,ATACORA,P2AE_EP,2026-08-19,639,27.0,46.0,46.0,0.0,1.0,False
ATA_Nat_02,Winkè,ATACORA,P2AE_Fouille_BT,2026-04-06,504,0.0,0.0,104.0,104.0,0.0,True
ATA_Nat_02,Winkè,ATACORA,P2AE_Fouille_BT,2026-04-12,510,0.0,0.0,104.0,104.0,0.0,False
ATA_Nat_02,Winkè,ATACORA,P2AE_Fouille_BT,2026-04-19,517,0.0,0.0,104.0,104.0,0.0,False
ATA_Nat_02,Winkè,ATACORA,P2AE_Fouille_HTA,2026-04-08,506,3.0,3.0,3.0,0.0,1.0,False
ATA_Nat_02,Winkè,ATACORA,P2AE_IACM,2026-06-16,575,1.0,1.0,1.0,0.0,1.0,False
ATA_Nat_02,Winkè,ATACORA,P2AE_PBA_BT,2026-04-12,510,0.0,0.0,103.0,103.0,0.0,True
ATA_Nat_02,Winkè,ATACORA,P2AE_PBA_BT,2026-04-19,517,0.0,0.0,103.0,103.0,0.0,False
ATA_Nat_02,Winkè,ATACORA,P2AE_PBA_BT,2026-04-20,518,0.0,0.0,103.0,103.0,0.0,False
ATA_Nat_02,Winkè,ATACORA,P2AE_PBA_BT,2026-05-31,559,-1.0,0.0,103.0,103.0,0.0,False
ATA_Nat_02,Winkè,ATACORA,P2AE_PBA_HTA,2026-04-08,506,2.0,2.0,4.0,2.0,0.5,False
ATA_Nat_02,Winkè,ATACORA,P2AE_PBA_HTA,2026-04-20,518,0.0,2.0,4.0,2.0,0.5,False
ATA_Nat_02,Winkè,ATACORA,P2AE_PBA_HTA,2026-05-31,559,1.0,3.0,4.0,1.0,0.75,False
ATA_Nat_02,Winkè,ATACORA,P2AE_PBA_HTA,2026-08-11,631,2.0,5.0,4.0,0.0,1.25,False
ATA_Nat_02,Winkè,ATACORA,P2AE_TFO,2026-07-09,598,1.0,1.0,1.0,0.0,1.0,False
ATA_Nat_02,Winkè,ATACORA,P2AE_Terre,2026-07-15,604,9.0,9.0,34.0,25.0,0.2647058823529412,False
ATA_Nat_02,Winkè,ATACORA,P2AE_Terre,2026-07-16,605,16.0,25.0,34.0,9.0,0.7352941176470589,False
ATA_Nat_02,Winkè,ATACORA,P2AE_Terre,2026-08-17,637,9.0,34.0,34.0,0.0,1.0,False
ATA_Nat_03,Yimporima,ATACORA,P2AE_Cable_BT,2026-04-07,505,1235.0,1235.0,25510.0,24275.0,0.04841238729909839,False
ATA_Nat_03,Yimporima,ATACORA,P2AE_Cable_BT,2026-04-12,510,3564.0,4799.0,25510.0,20711.0,0.18812230497843982,False
ATA_Nat_03,Yimporima,ATACORA,P2AE_Cable_BT,2026-04-20,518,3005.0,7804.0,25510.0,17706.0,0.30591924735397885,False
ATA_Nat_03,Yimporima,ATACORA,P2AE_Cable_BT,2026-04-21,519,1171.81,8975.81,25510.0,16534.190000000002,0.35185456683653465,False
ATA_Nat_03,Yimporima,ATACORA,P2AE_Cable_BT,2026-04-22,520,429.0,9404.81,25510.0,16105.19,0.36867150137201093,False
ATA_Nat_03,Yimporima,ATACORA,P2AE_Cable_BT,2026-04-23,521,541.0,9945.81,25510.0,15564.19,0.38987887103096824,False
ATA_Nat_03,Yimporima,ATACORA,P2AE_Cable_BT,2026-04-24,522,976.12,10921.93,25510.0,14588.07,0.42814308114464916,False
ATA_Nat_03,Yimporima,ATACORA,P2AE_Cable_BT,2026-04-25,523,205.0,11126.93,25510.0,14383.07,0.4361791454331635,False
ATA_Nat_03,Yimporima,ATACORA,P2AE_Cable_BT,2026-05-04,532,244.0,11370.93,25510.0,14139.07,0.4457440219521756,False
ATA_Nat_03,Yimporima,ATACORA,P2AE_Cable_BT,2026-05-05,533,413.0,11783.93,25510.0,13726.07,0.46193375147001176,False
ATA_Nat_03,Yimporima,ATACORA,P2AE_Cable_BT,2026-05-06,534,1046.0,12829.93,25510.0,12680.07,0.502937279498236,False
ATA_Nat_03,Yimporima,ATACORA,P2AE_Cable_BT,2026-05-07,535,457.0,13286.93,25510.0,12223.07,0.5208518228145825,False
ATA_Nat_03,Yimporima,ATACORA,P2AE_Cable_BT,2026-05-08,536,574.0,13860.93,25510.0,11649.07,0.5433528028224226,False
ATA_Nat_03,Yimporima,ATACORA,P2AE_Cable_BT,2026-05-09,537,2001.0,15861.93,25510.0,9648.07,0.6217926303410427,False
ATA_Nat_03,Yimporima,ATACORA,P2AE_Cable_BT,2026-06-01,560,541.0,16402.93,25510.0,9107.07,0.643,False
ATA_Nat_03,Yimporima,ATACORA,P2AE_Cable_BT,2026-06-02,561,89.0,16491.93,25510.0,9018.07,0.6464888279106233,False
ATA_Nat_03,Yimporima,ATACORA,P2AE_Cable_BT,2026-06-04,563,308.0,16799.93,25510.0,8710.07,0.658562524500196,False
ATA_Nat_03,Yimporima,ATACORA,P2AE_Cable_BT,2026-07-25,614,2135.0,18934.93,25510.0,6575.07,0.7422551940415524,False
ATA_Nat_03,Yimporima,ATACORA,P2AE_Cable_BT,2026-07-27,616,1406.71,20341.64,25510.0,5168.360000000001,0.7973986671893375,False
ATA_Nat_03,Yimporima,ATACORA,P2AE_Cable_BT,2026-07-28,617,515.24,20856.88,25510.0,4653.119999999999,0.8175962367698942,False
ATA_Nat_03,Yimporima,ATACORA,P2AE_Cable_BT,2026-08-10,630,207.0,21063.88,25510.0,4446.119999999999,0.8257107016856136,False
ATA_Nat_03,Yimporima,ATACORA,P2AE_Cable_BT,2026-08-22,642,291.02,21354.9,25510.0,4155.0999999999985,0.8371187769502156,False
ATA_Nat_03,Yimporima,ATACORA,P2AE_Cable_HTA,2026-06-03,562,89.0,89.0,2850.0,2761.0,0.031228070175438598,False
ATA_Nat_03,Yimporima,ATACORA,P2AE_Cable_HTA,2026-06-08,567,194.0,283.0,2850.0,2567.0,0.0992982456140351,False
ATA_Nat_03,Yimporima,ATACORA,P2AE_Cable_HTA,2026-07-17,606,446.0,729.0,2850.0,2121.0,0.2557894736842105,False
ATA_Nat_03,Yimporima,ATACORA,P2AE_Cable_HTA,2026-07-18,607,773.0,1502.0,2850.0,1348.0,0.5270175438596492,False
ATA_Nat_03,Yimporima,ATACORA,P2AE_Cable_HTA,2026-07-25,614,941.0,2443.0,2850.0,407.0,0.8571929824561404,False
ATA_Nat_03,Yimporima,ATACORA,P2AE_DMT,2026-06-02,561,1.0,1.0,3.0,2.0,0.3333333333333333,False
ATA_Nat_03,Yimporima,ATACORA,P2AE_DMT,2026-06-05,564,1.0,2.0,3.0,1.0,0.6666666666666666,False
ATA_Nat_03,Yimporima,ATACORA,P2AE_DMT,2026-06-08,567,1.0,3.0,3.0,0.0,1.0,False
ATA_Nat_03,Yimporima,ATACORA,P2AE_Fouille_BT,2026-05-09,537,527.0,527.0,530.0,3.0,0.9943396226415094,False
ATA_Nat_03,Yimporima,ATACORA,P2AE_Fouille_HTA,2026-04-08,506,82.0,82.0,83.0,1.0,0.9879518072289156,False
ATA_Nat_03,Yimporima,ATACORA,P2AE_IACM,2026-06-16,575,1.0,1.0,3.0,2.0,0.3333333333333333,False
ATA_Nat_03,Yimporima,ATACORA,P2AE_IACM,2026-06-17,576,2.0,3.0,3.0,0.0,1.0,False
ATA_Nat_03,Yimporima,ATACORA,P2AE_PBA_BT,2026-04-07,505,502.0,502.0,539.0,37.0,0.9313543599257885,False
ATA_Nat_03,Yimporima,ATACORA,P2AE_PBA_BT,2026-04-20,518,16.0,518.0,539.0,21.0,0.961038961038961,False
ATA_Nat_03,Yimporima,ATACORA,P2AE_PBA_BT,2026-05-07,535,2.0,520.0,539.0,19.0,0.9647495361781077,False
ATA_Nat_03,Yimporima,ATACORA,P2AE_PBA_BT,2026-05-31,559,-3.0,517.0,539.0,22.0,0.9591836734693877,False
ATA_Nat_03,Yimporima,ATACORA,P2AE_PBA_BT,2026-07-16,605,4.0,521.0,539.0,18.0,0.9666048237476809,False
ATA_Nat_03,Yimporima,ATACORA,P2AE_PBA_BT,2026-07-19,608,3.0,524.0,539.0,15.0,0.9721706864564007,False
ATA_Nat_03,Yimporima,ATACORA,P2AE_PBA_BT,2026-07-24,613,354.0,878.0,539.0,0.0,1.5,False
ATA_Nat_03,Yimporima,ATACORA,P2AE_PBA_BT,2026-07-25,614,11.0,889.0,539.0,0.0,1.5,False
ATA_Nat_03,Yimporima,ATACORA,P2AE_PBA_BT,2026-07-28,617,1.0,890.0,539.0,0.0,1.5,False
ATA_Nat_03,Yimporima,ATACORA,P2AE_PBA_BT,2026-08-12,632,2.0,892.0,539.0,0.0,1.5,False
ATA_Nat_03,Yimporima,ATACORA,P2AE_PBA_HTA,2026-04-08,506,43.0,43.0,86.0,43.0,0.5,False
ATA_Nat_03,Yimporima,ATACORA,P2AE_PBA_HTA,2026-04-20,518,10.0,53.0,86.0,33.0,0.6162790697674418,False
ATA_Nat_03,Yimporima,ATACORA,P2AE_PBA_HTA,2026-05-31,559,3.0,56.0,86.0,30.0,0.6511627906976745,False
ATA_Nat_03,Yimporima,ATACORA,P2AE_PBA_HTA,2026-07-16,605,7.0,63.0,86.0,23.0,0.7325581395348837,False
ATA_Nat_03,Yimporima,ATACORA,P2AE_PBA_HTA,2026-07-19,608,1.0,64.0,86.0,22.0,0.7441860465116279,False
ATA_Nat_03,Yimporima,ATACORA,P2AE_PBA_HTA,2026-07-24,613,17.0,81.0,86.0,5.0,0.9418604651162791,False
ATA_Nat_03,Yimporima,ATACORA,P2AE_PBA_HTA,2026-07-25,614,4.0,85.0,86.0,1.0,0.9883720930232558,False
ATA_Nat_03,Yimporima,ATACORA,P2AE_PBA_HTA,2026-08-22,642,6.0,91.0,86.0,0.0,1.058139534883721,False
ATA_Nat_03,Yimporima,ATACORA,P2AE_TFO,2026-07-09,598,1.0,1.0,3.0,2.0,0.3333333333333333,False
ATA_Nat_03,Yimporima,ATACORA,P2AE_TFO,2026-07-11,600,2.0,3.0,3.0,0.0,1.0,False
ATA_Nat_03,Yimporima,ATACORA,P2AE_Terre,2026-08-13,633,2.0,2.0,171.0,169.0,0.011695906432748537,False
ATA_Nat_04,Kantaborifa,ATACORA,P2AE_Cable_BT,2026-06-15,574,76.0,76.0,6416.0,6340.0,0.011845386533665835,False
ATA_Nat_04,Kantaborifa,ATACORA,P2AE_Cable_BT,2026-06-16,575,924.0,1000.0,6416.0,5416.0,0.15586034912718205,False
ATA_Nat_04,Kantaborifa,ATACORA,P2AE_Cable_BT,2026-06-19,578,729.0,1729.0,6416.0,4687.0,0.26948254364089774,False
ATA_Nat_04,Kantaborifa,ATACORA,P2AE_Cable_BT,2026-07-25,614,1170.0,2899.0,6416.0,3517.0,0.45183915211970077,False
ATA_Nat_04,Kantaborifa,ATACORA,P2AE_Cable_BT,2026-07-30,619,691.0,3590.0,6416.0,2826.0,0.5595386533665836,False
ATA_Nat_04,Kantaborifa,ATACORA,P2AE_Cable_BT,2026-07-31,620,1241.0,4831.0,6416.0,1585.0,0.7529613466334164,False
ATA_Nat_04,Kantaborifa,ATACORA,P2AE_Cable_BT,2026-08-21,641,250.0,5081.0,6416.0,1335.0,0.791926433915212,False
ATA_Nat_04,Kantaborifa,ATACORA,P2AE_Cable_HTA,2026-07-25,614,0.0,0.0,330.0,330.0,0.0,True
ATA_Nat_04,Kantaborifa,ATACORA,P2AE_Cable_HTA,2026-08-21,641,49.0,49.0,330.0,281.0,0.1484848484848485,False
ATA_Nat_04,Kantaborifa,ATACORA,P2AE_Fouille_BT,2026-04-06,504,166.0,166.0,166.0,0.0,1.0,False
ATA_Nat_04,Kantaborifa,ATACORA,P2AE_Fouille_BT,2026-05-09,537,-4.0,162.0,166.0,4.0,0.9759036144578314,False
ATA_Nat_04,Kantaborifa,ATACORA,P2AE_Fouille_HTA,2026-04-08,506,8.0,8.0,11.0,3.0,0.7272727272727273,False
ATA_Nat_04,Kantaborifa,ATACORA,P2AE_PBA_BT,2026-04-08,506,134.0,134.0,165.0,31.0,0.8121212121212121,False
ATA_Nat_04,Kantaborifa,ATACORA,P2AE_PBA_BT,2026-04-20,518,0.0,134.0,165.0,31.0,0.8121212121212121,False
ATA_Nat_04,Kantaborifa,ATACORA,P2AE_PBA_BT,2026-06-19,578,2.0,136.0,165.0,29.0,0.8242424242424242,False
ATA_Nat_04,Kantaborifa,ATACORA,P2AE_PBA_BT,2026-07-18,607,11.0,147.0,165.0,18.0,0.8909090909090909,False
ATA_Nat_04,Kantaborifa,ATACORA,P2AE_PBA_BT,2026-07-25,614,1.0,148.0,165.0,17.0,0.896969696969697,False
ATA_Nat_04,Kantaborifa,ATACORA,P2AE_PBA_BT,2026-07-28,617,4.0,152.0,165.0,13.0,0.9212121212121213,False
ATA_Nat_04,Kantaborifa,ATACORA,P2AE_PBA_BT,2026-07-31,620,1.0,153.0,165.0,12.0,0.9272727272727272,False
ATA_Nat_04,Kantaborifa,ATACORA,P2AE_PBA_HTA,2026-07-17,606,7.0,7.0,12.0,5.0,0.5833333333333334,False
ATA_Nat_04,Kantaborifa,ATACORA,P2AE_PBA_HTA,2026-07-18,607,2.0,9.0,12.0,3.0,0.75,False
ATA_Nat_04,Kantaborifa,ATACORA,P2AE_PBA_HTA,2026-07-25,614,1.0,10.0,12.0,2.0,0.8333333333333334,False
ATA_Nat_04,Kantaborifa,ATACORA,P2AE_PBA_HTA,2026-08-11,631,1.0,11.0,12.0,1.0,0.9166666666666666,False
ATA_Nat_04,Kantaborifa,ATACORA,P2AE_PBA_HTA,2026-08-22,642,1.0,12.0,12.0,0.0,1.0,False
ATA_Nat_04,Kantaborifa,ATACORA,P2AE_Terre,2026-08-22,642,9.0,9.0,53.0,44.0,0.16981132075471697,False
ATA_Nat_05,Ouroubouga,ATACORA,P2AE_Cable_BT,2026-05-12,540,807.0,807.0,9938.0,9131.0,0.08120346146105856,False
ATA_Nat_05,Ouroubouga,ATACORA,P2AE_Cable_BT,2026-05-13,541,632.0,1439.0,9938.0,8499.0,0.14479774602535722,False
ATA_Nat_05,Ouroubouga,ATACORA,P2AE_Cable_BT,2026-05-14,542,666.0,2105.0,9938.0,7833.0,0.21181324210102637,False
ATA_Nat_05,Ouroubouga,ATACORA,P2AE_Cable_BT,2026-05-15,543,464.0,2569.0,9938.0,7369.0,0.2585027168444355,False
ATA_Nat_05,Ouroubouga,ATACORA,P2AE_Cable_BT,2026-05-26,554,755.0,3324.0,9938.0,6614.0,0.3344737371704568,False
ATA_Nat_05,Ouroubouga,ATACORA,P2AE_Cable_BT,2026-05-27,555,394.0,3718.0,9938.0,6220.0,0.374119541155162,False
ATA_Nat_05,Ouroubouga,ATACORA,P2AE_Cable_BT,2026-06-06,565,407.0,4125.0,9938.0,5813.0,0.4150734554236265,False
ATA_Nat_05,Ouroubouga,ATACORA,P2AE_Cable_BT,2026-06-08,567,203.0,4328.0,9938.0,5610.0,0.43550010062386796,False
ATA_Nat_05,Ouroubouga,ATACORA,P2AE_Cable_BT,2026-06-10,569,709.0,5037.0,9938.0,4901.0,0.506842423022741,False
ATA_Nat_05,Ouroubouga,ATACORA,P2AE_Cable_BT,2026-07-29,618,527.52,5564.52,9938.0,4373.48,0.5599235258603341,False
ATA_Nat_05,Ouroubouga,ATACORA,P2AE_Cable_BT,2026-07-30,619,753.55,6318.07,9938.0,3619.9300000000003,0.6357486415777822,False
ATA_Nat_05,Ouroubouga,ATACORA,P2AE_Cable_BT,2026-08-01,621,437.0,6755.07,9938.0,3182.9300000000003,0.6797212718856912,False
ATA_Nat_05,Ouroubouga,ATACORA,P2AE_Cable_HTA,2026-06-04,563,76.0,76.0,390.0,314.0,0.19487179487179487,False
ATA_Nat_05,Ouroubouga,ATACORA,P2AE_Cable_HTA,2026-06-06,565,262.0,338.0,390.0,52.0,0.8666666666666667,False
ATA_Nat_05,Ouroubouga,ATACORA,P2AE_DMT,2026-06-04,563,2.0,2.0,2.0,0.0,1.0,False
ATA_Nat_05,Ouroubouga,ATACORA,P2AE_Fouille_BT,2026-04-06,504,197.0,197.0,197.0,0.0,1.0,False
ATA_Nat_05,Ouroubouga,ATACORA,P2AE_Fouille_BT,2026-04-20,518,-8.0,189.0,197.0,8.0,0.9593908629441624,False
ATA_Nat_05,Ouroubouga,ATACORA,P2AE_Fouille_BT,2026-05-09,537,1.0,190.0,197.0,7.0,0.9644670050761421,False
ATA_Nat_05,Ouroubouga,ATACORA,P2AE_Fouille_BT,2026-05-10,538,4.0,194.0,197.0,3.0,0.9847715736040609,False
ATA_Nat_05,Ouroubouga,ATACORA,P2AE_Fouille_HTA,2026-04-08,506,12.0,12.0,12.0,0.0,1.0,False
ATA_Nat_05,Ouroubouga,ATACORA,P2AE_Fouille_HTA,2026-04-20,518,0.0,12.0,12.0,0.0,1.0,False
ATA_Nat_05,Ouroubouga,ATACORA,P2AE_IACM,2026-06-18,577,2.0,2.0,2.0,0.0,1.0,False
ATA_Nat_05,Ouroubouga,ATACORA,P2AE_PBA_BT,2026-04-08,506,169.0,169.0,195.0,26.0,0.8666666666666667,False
ATA_Nat_05,Ouroubouga,ATACORA,P2AE_PBA_BT,2026-04-20,518,-5.0,164.0,195.0,31.0,0.841025641025641,False
ATA_Nat_05,Ouroubouga,ATACORA,P2AE_PBA_BT,2026-05-31,559,-2.0,162.0,195.0,33.0,0.8307692307692308,False
ATA_Nat_05,Ouroubouga,ATACORA,P2AE_PBA_BT,2026-07-27,616,2.0,164.0,195.0,31.0,0.841025641025641,False
ATA_Nat_05,Ouroubouga,ATACORA,P2AE_PBA_BT,2026-07-31,620,4.0,168.0,195.0,27.0,0.8615384615384616,False
ATA_Nat_05,Ouroubouga,ATACORA,P2AE_PBA_BT,2026-08-11,631,1.0,169.0,195.0,26.0,0.8666666666666667,False
ATA_Nat_05,Ouroubouga,ATACORA,P2AE_PBA_BT,2026-08-12,632,2.0,171.0,195.0,24.0,0.8769230769230769,False
ATA_Nat_05,Ouroubouga,ATACORA,P2AE_PBA_HTA,2026-04-08,506,10.0,10.0,14.0,4.0,0.7142857142857143,False
ATA_Nat_05,Ouroubouga,ATACORA,P2AE_PBA_HTA,2026-04-20,518,0.0,10.0,14.0,4.0,0.7142857142857143,False
ATA_Nat_05,Ouroubouga,ATACORA,P2AE_PBA_HTA,2026-05-31,559,2.0,12.0,14.0,2.0,0.8571428571428571,False
ATA_Nat_05,Ouroubouga,ATACORA,P2AE_PBA_HTA,2026-08-11,631,2.0,14.0,14.0,0.0,1.0,False
ATA_Nat_05,Ouroubouga,ATACORA,P2AE_TFO,2026-07-09,598,2.0,2.0,2.0,0.0,1.0,False
ATA_Nat_06,Perma-centre,ATACORA,P2AE_Cable_BT,2026-07-02,591,1135.0,1135.0,14221.0,13086.0,0.07981154630476056,False
ATA_Nat_06,Perma-centre,ATACORA,P2AE_Cable_BT,2026-07-04,593,842.0,1977.0,14221.0,12244.0,0.13901975951058293,False
ATA_Nat_06,Perma-centre,ATACORA,P2AE_Cable_BT,2026-07-06,595,1329.0,3306.0,14221.0,10915.0,0.23247310315730257,False
ATA_Nat_06,Perma-centre,ATACORA,P2AE_Cable_BT,2026-07-07,596,695.0,4001.0,14221.0,10220.0,0.281344490542156,False
ATA_Nat_06,Perma-centre,ATACORA,P2AE_Cable_BT,2026-07-08,597,1139.0,5140.0,14221.0,9081.0,0.3614373110189157,False
ATA_Nat_06,Perma-centre,ATACORA,P2AE_Cable_HTA,2026-07-09,598,105.11,105.11,250.0,144.89,0.42044,False
ATA_Nat_06,Perma-centre,ATACORA,P2AE_Cable_HTA,2026-07-11,600,49.94,155.05,250.0,94.94999999999999,0.6202000000000001,False
ATA_Nat_06,Perma-centre,ATACORA,P2AE_Cable_HTA,2026-08-20,640,25.1,180.15,250.0,69.85,0.7206,False
ATA_Nat_06,Perma-centre,ATACORA,P2AE_Fouille_BT,2026-05-10,538,266.0,266.0,268.0,2.0,0.9925373134328358,False
ATA_Nat_06,Perma-centre,ATACORA,P2AE_Fouille_HTA,2026-04-08,506,62.0,62.0,62.0,0.0,1.0,False
ATA_Nat_06,Perma-centre,ATACORA,P2AE_Fouille_HTA,2026-04-20,518,0.0,62.0,62.0,0.0,1.0,False
ATA_Nat_06,Perma-centre,ATACORA,P2AE_IACM,2026-07-09,598,2.0,2.0,3.0,1.0,0.6666666666666666,False
ATA_Nat_06,Perma-centre,ATACORA,P2AE_IACM,2026-07-11,600,1.0,3.0,3.0,0.0,1.0,False
ATA_Nat_06,Perma-centre,ATACORA,P2AE_PBA_BT,2026-05-10,538,253.0,253.0,265.0,12.0,0.9547169811320755,False
ATA_Nat_06,Perma-centre,ATACORA,P2AE_PBA_BT,2026-05-31,559,-3.0,250.0,265.0,15.0,0.9433962264150944,False
ATA_Nat_06,Perma-centre,ATACORA,P2AE_PBA_BT,2026-08-18,638,7.0,257.0,265.0,8.0,0.969811320754717,False
ATA_Nat_06,Perma-centre,ATACORA,P2AE_PBA_HTA,2026-04-08,506,5.0,5.0,65.0,60.0,0.07692307692307693,False
ATA_Nat_06,Perma-centre,ATACORA,P2AE_PBA_HTA,2026-04-20,518,0.0,5.0,65.0,60.0,0.07692307692307693,False
ATA_Nat_06,Perma-centre,ATACORA,P2AE_PBA_HTA,2026-05-31,559,3.0,8.0,65.0,57.0,0.12307692307692308,False
ATA_Nat_06,Perma-centre,ATACORA,P2AE_PBA_HTA,2026-08-18,638,1.0,9.0,65.0,56.0,0.13846153846153847,False
ATA_Nat_06,Perma-centre,ATACORA,P2AE_PBA_HTA,2026-08-20,640,17.0,26.0,65.0,39.0,0.4,False
ATA_Nat_07,Boriyouré,ATACORA,P2AE_Cable_BT,2026-06-29,588,671.0,671.0,3435.0,2764.0,0.19534206695778747,False
ATA_Nat_07,Boriyouré,ATACORA,P2AE_Cable_BT,2026-07-01,590,414.0,1085.0,3435.0,2350.0,0.3158660844250364,False
ATA_Nat_07,Boriyouré,ATACORA,P2AE_Fouille_BT,2026-04-06,504,57.0,57.0,57.0,0.0,1.0,False
ATA_Nat_07,Boriyouré,ATACORA,P2AE_Fouille_BT,2026-05-10,538,-1.0,56.0,57.0,1.0,0.9824561403508771,False
ATA_Nat_07,Boriyouré,ATACORA,P2AE_PBA_BT,2026-04-07,505,34.0,34.0,49.0,15.0,0.6938775510204082,False
ATA_Nat_07,Boriyouré,ATACORA,P2AE_PBA_BT,2026-04-20,518,0.0,34.0,49.0,15.0,0.6938775510204082,False
ATA_Nat_07,Boriyouré,ATACORA,P2AE_PBA_BT,2026-07-25,614,10.0,44.0,49.0,5.0,0.8979591836734694,False
ATA_Nat_07,Boriyouré,ATACORA,P2AE_PBA_HTA,2026-07-25,614,8.0,8.0,15.0,7.0,0.5333333333333333,False
ATA_Nat_07,Boriyouré,ATACORA,P2AE_PBA_HTA,2026-08-11,631,2.0,10.0,15.0,5.0,0.6666666666666666,False
ATA_Nat_08,Ouroubonna,ATACORA,P2AE_Cable_BT,2026-04-08,506,0.0,0.0,7691.0,7691.0,0.0,True
ATA_Nat_08,Ouroubonna,ATACORA,P2AE_Cable_BT,2026-04-12,510,0.0,0.0,7691.0,7691.0,0.0,False
ATA_Nat_08,Ouroubonna,ATACORA,P2AE_Cable_BT,2026-04-20,518,-2166.0,0.0,7691.0,7691.0,0.0,False
ATA_Nat_08,Ouroubonna,ATACORA,P2AE_Cable_HTA,2026-08-14,634,80.0,80.0,100.0,20.0,0.8,False
ATA_Nat_08,Ouroubonna,ATACORA,P2AE_DMT,2026-06-03,562,1.0,1.0,1.0,0.0,1.0,False
ATA_Nat_08,Ouroubonna,ATACORA,P2AE_Fouille_BT,2026-04-08,506,203.0,203.0,203.0,0.0,1.0,False
ATA_Nat_08,Ouroubonna,ATACORA,P2AE_Fouille_BT,2026-05-10,538,2.0,205.0,203.0,0.0,1.0098522167487685,False
ATA_Nat_08,Ouroubonna,ATACORA,P2AE_Fouille_HTA,2026-04-08,506,3.0,3.0,3.0,0.0,1.0,False
ATA_Nat_08,Ouroubonna,ATACORA,P2AE_IACM,2026-08-11,631,1.0,1.0,1.0,0.0,1.0,False
ATA_Nat_08,Ouroubonna,ATACORA,P2AE_PBA_BT,2026-04-08,506,201.0,201.0,202.0,1.0,0.995049504950495,False
ATA_Nat_08,Ouroubonna,ATACORA,P2AE_PBA_BT,2026-04-20,518,4.0,205.0,202.0,0.0,1.0148514851485149,False
ATA_Nat_08,Ouroubonna,ATACORA,P2AE_PBA_BT,2026-05-31,559,0.0,205.0,202.0,0.0,1.0148514851485149,False
ATA_Nat_08,Ouroubonna,ATACORA,P2AE_PBA_HTA,2026-04-08,506,3.0,3.0,4.0,1.0,0.75,False
ATA_Nat_08,Ouroubonna,ATACORA,P2AE_PBA_HTA,2026-04-20,518,0.0,3.0,4.0,1.0,0.75,False
ATA_Nat_08,Ouroubonna,ATACORA,P2AE_PBA_HTA,2026-05-31,559,1.0,4.0,4.0,0.0,1.0,False
ATA_Nat_08,Ouroubonna,ATACORA,P2AE_PBA_HTA,2026-08-14,634,1.0,5.0,4.0,0.0,1.25,False
ATA_Nat_09,Dassakaté,ATACORA,P2AE_Cable_BT,2026-06-09,568,170.0,170.0,2383.0,2213.0,0.07133864876206462,False
ATA_Nat_09,Dassakaté,ATACORA,P2AE_Cable_BT,2026-06-11,570,498.0,668.0,2383.0,1715.0,0.28031892572387745,False
ATA_Nat_09,Dassakaté,ATACORA,P2AE_Cable_BT,2026-06-15,574,512.0,1180.0,2383.0,1203.0,0.4951741502308015,False
ATA_Nat_09,Dassakaté,ATACORA,P2AE_Fouille_BT,2026-04-07,505,49.0,49.0,51.0,2.0,0.9607843137254902,False
ATA_Nat_09,Dassakaté,ATACORA,P2AE_Fouille_BT,2026-05-10,538,-1.0,48.0,51.0,3.0,0.9411764705882353,False
ATA_Nat_09,Dassakaté,ATACORA,P2AE_Fouille_HTA,2026-04-08,506,4.0,4.0,5.0,1.0,0.8,False
ATA_Nat_09,Dassakaté,ATACORA,P2AE_PBA_BT,2026-04-07,505,44.0,44.0,50.0,6.0,0.88,False
ATA_Nat_09,Dassakaté,ATACORA,P2AE_PBA_BT,2026-04-20,518,4.0,48.0,50.0,2.0,0.96,False
ATA_Nat_09,Dassakaté,ATACORA,P2AE_PBA_BT,2026-08-12,632,2.0,50.0,50.0,0.0,1.0,False
ATA_Nat_10,Yokossi,ATACORA,P2AE_Cable_BT,2026-04-08,506,1943.0,1943.0,2248.0,305.0,0.8643238434163701,False
ATA_Nat_10,Yokossi,ATACORA,P2AE_Cable_BT,2026-04-16,514,0.0,1943.0,2248.0,305.0,0.8643238434163701,False
ATA_Nat_10,Yokossi,ATACORA,P2AE_Cable_BT,2026-04-20,518,307.0,2250.0,2248.0,0.0,1.0008896797153024,False
ATA_Nat_10,Yokossi,ATACORA,P2AE_Cable_BT,2026-05-04,532,107.0,2357.0,2248.0,0.0,1.0484875444839858,False
ATA_Nat_10,Yokossi,ATACORA,P2AE_EP,2026-08-05,625,13.0,13.0,15.0,2.0,0.8666666666666667,False
ATA_Nat_10,Yokossi,ATACORA,P2AE_EP,2026-08-21,641,2.0,15.0,15.0,0.0,1.0,False
ATA_Nat_10,Yokossi,ATACORA,P2AE_Fouille_BT,2026-04-08,506,55.0,55.0,56.0,1.0,0.9821428571428571,False
ATA_Nat_10,Yokossi,ATACORA,P2AE_Fouille_BT,2026-05-10,538,1.0,56.0,56.0,0.0,1.0,False
ATA_Nat_10,Yokossi,ATACORA,P2AE_PBA_BT,2026-04-08,506,55.0,55.0,55.0,0.0,1.0,False
ATA_Nat_10,Yokossi,ATACORA,P2AE_PBA_BT,2026-04-20,518,0.0,55.0,55.0,0.0,1.0,False
ATA_Nat_10,Yokossi,ATACORA,P2AE_Terre,2026-08-08,628,9.0,9.0,15.0,6.0,0.6,False
ATA_Nat_10,Yokossi,ATACORA,P2AE_Terre,2026-08-10,630,8.0,17.0,15.0,0.0,1.1333333333333333,False
ATA_Nat_11,Tchrimina,ATACORA,P2AE_Cable_BT,2026-04-12,510,9112.0,9112.0,11448.0,2336.0,0.7959468902865129,False
ATA_Nat_11,Tchrimina,ATACORA,P2AE_Cable_BT,2026-04-20,518,209.0,9321.0,11448.0,2127.0,0.814203354297694,False
ATA_Nat_11,Tchrimina,ATACORA,P2AE_Cable_BT,2026-05-28,556,518.0,9839.0,11448.0,1609.0,0.8594514325646401,False
ATA_Nat_11,Tchrimina,ATACORA,P2AE_Cable_HTA,2026-06-01,560,460.0,460.0,600.0,140.0,0.7666666666666667,False
ATA_Nat_11,Tchrimina,ATACORA,P2AE_Cable_HTA,2026-06-03,562,99.0,559.0,600.0,41.0,0.9316666666666666,False
ATA_Nat_11,Tchrimina,ATACORA,P2AE_DMT,2026-06-02,561,1.0,1.0,2.0,1.0,0.5,False
ATA_Nat_11,Tchrimina,ATACORA,P2AE_Fouille_BT,2026-04-08,506,236.0,236.0,242.0,6.0,0.9752066115702479,False
ATA_Nat_11,Tchrimina,ATACORA,P2AE_Fouille_BT,2026-05-10,538,6.0,242.0,242.0,0.0,1.0,False
ATA_Nat_11,Tchrimina,ATACORA,P2AE_Fouille_HTA,2026-04-08,506,16.0,16.0,18.0,2.0,0.8888888888888888,False
ATA_Nat_11,Tchrimina,ATACORA,P2AE_Fouille_HTA,2026-05-31,559,2.0,18.0,18.0,0.0,1.0,False
ATA_Nat_11,Tchrimina,ATACORA,P2AE_IACM,2026-05-29,557,1.0,1.0,2.0,1.0,0.5,False
ATA_Nat_11,Tchrimina,ATACORA,P2AE_IACM,2026-06-15,574,1.0,2.0,2.0,0.0,1.0,False
ATA_Nat_11,Tchrimina,ATACORA,P2AE_PBA_BT,2026-04-08,506,236.0,236.0,240.0,4.0,0.9833333333333333,False
ATA_Nat_11,Tchrimina,ATACORA,P2AE_PBA_BT,2026-04-20,518,1.0,237.0,240.0,3.0,0.9875,False
ATA_Nat_11,Tchrimina,ATACORA,P2AE_PBA_BT,2026-05-31,559,0.0,237.0,240.0,3.0,0.9875,False
ATA_Nat_11,Tchrimina,ATACORA,P2AE_PBA_BT,2026-07-27,616,1.0,238.0,240.0,2.0,0.9916666666666667,False
ATA_Nat_11,Tchrimina,ATACORA,P2AE_PBA_HTA,2026-04-08,506,15.0,15.0,18.0,3.0,0.8333333333333334,False
ATA_Nat_11,Tchrimina,ATACORA,P2AE_PBA_HTA,2026-04-20,518,1.0,16.0,18.0,2.0,0.8888888888888888,False
ATA_Nat_11,Tchrimina,ATACORA,P2AE_TFO,2026-07-11,600,1.0,1.0,2.0,1.0,0.5,False
ATA_Nat_11,Tchrimina,ATACORA,P2AE_Terre,2026-07-11,600,13.0,13.0,78.0,65.0,0.16666666666666666,False
ATA_Nat_11,Tchrimina,ATACORA,P2AE_Terre,2026-07-13,602,15.0,28.0,78.0,50.0,0.358974358974359,False
ATA_Nat_11,Tchrimina,ATACORA,P2AE_Terre,2026-07-14,603,13.0,41.0,78.0,37.0,0.5256410256410257,False
ATA_Nat_11,Tchrimina,ATACORA,P2AE_Terre,2026-07-15,604,11.0,52.0,78.0,26.0,0.6666666666666666,False
ATA_Nat_11,Tchrimina,ATACORA,P2AE_Terre,2026-08-12,632,3.0,55.0,78.0,23.0,0.7051282051282052,False
ATA_Nat_11,Tchrimina,ATACORA,P2AE_Terre,2026-08-13,633,1.0,56.0,78.0,22.0,0.717948717948718,False
ATA_Nat_12,Kantchagoutamou,ATACORA,P2AE_Cable_BT,2026-08-14,634,616.0,616.0,3350.0,2734.0,0.18388059701492537,False
ATA_Nat_12,Kantchagoutamou,ATACORA,P2AE_Cable_BT,2026-08-15,635,543.0,1159.0,3350.0,2191.0,0.3459701492537313,False
ATA_Nat_12,Kantchagoutamou,ATACORA,P2AE_Cable_HTA,2026-06-09,568,108.0,108.0,1000.0,892.0,0.108,False
ATA_Nat_12,Kantchagoutamou,ATACORA,P2AE_DMT,2026-06-09,568,2.0,2.0,2.0,0.0,1.0,False
ATA_Nat_12,Kantchagoutamou,ATACORA,P2AE_Fouille_BT,2026-04-08,506,31.0,31.0,35.0,4.0,0.8857142857142857,False
ATA_Nat_12,Kantchagoutamou,ATACORA,P2AE_Fouille_BT,2026-05-10,538,-2.0,29.0,35.0,6.0,0.8285714285714286,False
ATA_Nat_12,Kantchagoutamou,ATACORA,P2AE_Fouille_HTA,2026-04-08,506,23.0,23.0,40.0,17.0,0.575,False
ATA_Nat_12,Kantchagoutamou,ATACORA,P2AE_IACM,2026-06-19,578,2.0,2.0,2.0,0.0,1.0,False
ATA_Nat_12,Kantchagoutamou,ATACORA,P2AE_PBA_BT,2026-04-08,506,26.0,26.0,33.0,7.0,0.7878787878787878,False
ATA_Nat_12,Kantchagoutamou,ATACORA,P2AE_PBA_BT,2026-04-20,518,0.0,26.0,33.0,7.0,0.7878787878787878,False
ATA_Nat_12,Kantchagoutamou,ATACORA,P2AE_PBA_BT,2026-05-31,559,0.0,26.0,33.0,7.0,0.7878787878787878,False
ATA_Nat_12,Kantchagoutamou,ATACORA,P2AE_PBA_BT,2026-07-25,614,2.0,28.0,33.0,5.0,0.8484848484848485,False
ATA_Nat_12,Kantchagoutamou,ATACORA,P2AE_PBA_HTA,2026-04-08,506,12.0,12.0,42.0,30.0,0.2857142857142857,False
ATA_Nat_12,Kantchagoutamou,ATACORA,P2AE_PBA_HTA,2026-04-20,518,-1.0,11.0,42.0,31.0,0.2619047619047619,False
ATA_Nat_12,Kantchagoutamou,ATACORA,P2AE_PBA_HTA,2026-05-31,559,2.0,13.0,42.0,29.0,0.30952380952380953,False
ATA_Nat_12,Kantchagoutamou,ATACORA,P2AE_PBA_HTA,2026-08-02,622,1.0,14.0,42.0,28.0,0.3333333333333333,False
ATA_Nat_12,Kantchagoutamou,ATACORA,P2AE_PBA_HTA,2026-08-10,630,8.0,22.0,42.0,20.0,0.5238095238095238,False
ATA_Nat_12,Kantchagoutamou,ATACORA,P2AE_TFO,2026-07-11,600,1.0,1.0,2.0,1.0,0.5,False
ATA_Nat_12,Kantchagoutamou,ATACORA,P2AE_Terre,2026-08-15,635,9.0,9.0,25.0,16.0,0.36,False
ATA_Nat_13,Sountchirantikou,ATACORA,P2AE_Cable_BT,2026-04-07,505,0.0,0.0,2390.0,2390.0,0.0,True
ATA_Nat_13,Sountchirantikou,ATACORA,P2AE_Cable_BT,2026-04-12,510,0.0,0.0,2390.0,2390.0,0.0,True
ATA_Nat_13,Sountchirantikou,ATACORA,P2AE_Cable_BT,2026-04-14,512,0.0,0.0,2390.0,2390.0,0.0,True
ATA_Nat_13,Sountchirantikou,ATACORA,P2AE_Cable_BT,2026-04-20,518,0.0,0.0,2390.0,2390.0,0.0,False
ATA_Nat_13,Sountchirantikou,ATACORA,P2AE_EP,2026-08-05,625,21.0,21.0,29.0,8.0,0.7241379310344828,False
ATA_Nat_13,Sountchirantikou,ATACORA,P2AE_EP,2026-08-07,627,8.0,29.0,29.0,0.0,1.0,False
ATA_Nat_13,Sountchirantikou,ATACORA,P2AE_Fouille_BT,2026-04-07,505,60.0,60.0,64.0,4.0,0.9375,False
ATA_Nat_13,Sountchirantikou,ATACORA,P2AE_Fouille_BT,2026-05-10,538,4.0,64.0,64.0,0.0,1.0,False
ATA_Nat_13,Sountchirantikou,ATACORA,P2AE_PBA_BT,2026-04-08,506,0.0,0.0,59.0,59.0,0.0,True
ATA_Nat_13,Sountchirantikou,ATACORA,P2AE_PBA_BT,2026-04-20,518,0.0,0.0,59.0,59.0,0.0,False
ATA_Nat_13,Sountchirantikou,ATACORA,P2AE_Terre,2026-07-30,619,8.0,8.0,21.0,13.0,0.38095238095238093,False
ATA_Nat_13,Sountchirantikou,ATACORA,P2AE_Terre,2026-08-07,627,14.0,22.0,21.0,0.0,1.0476190476190477,False
ATA_Nat_14,Sossouna,ATACORA,P2AE_Cable_BT,2026-05-09,537,872.0,872.0,6425.0,5553.0,0.13571984435797665,False
ATA_Nat_14,Sossouna,ATACORA,P2AE_Cable_BT,2026-05-11,539,630.0,1502.0,6425.0,4923.0,0.23377431906614787,False
ATA_Nat_14,Sossouna,ATACORA,P2AE_Cable_BT,2026-05-12,540,74.0,1576.0,6425.0,4849.0,0.2452918287937743,False
ATA_Nat_14,Sossouna,ATACORA,P2AE_Cable_HTA,2026-07-13,602,25.0,25.0,110.0,85.0,0.22727272727272727,False
ATA_Nat_14,Sossouna,ATACORA,P2AE_Fouille_BT,2026-04-08,506,104.0,104.0,105.0,1.0,0.9904761904761905,False
ATA_Nat_14,Sossouna,ATACORA,P2AE_Fouille_BT,2026-05-10,538,1.0,105.0,105.0,0.0,1.0,False
ATA_Nat_14,Sossouna,ATACORA,P2AE_Fouille_HTA,2026-04-08,506,20.0,20.0,20.0,0.0,1.0,False
ATA_Nat_14,Sossouna,ATACORA,P2AE_IACM,2026-07-13,602,1.0,1.0,1.0,0.0,1.0,False
ATA_Nat_14,Sossouna,ATACORA,P2AE_PBA_BT,2026-04-08,506,100.0,100.0,104.0,4.0,0.9615384615384616,False
ATA_Nat_14,Sossouna,ATACORA,P2AE_PBA_BT,2026-04-20,518,5.0,105.0,104.0,0.0,1.0096153846153846,False
ATA_Nat_14,Sossouna,ATACORA,P2AE_PBA_BT,2026-05-31,559,0.0,105.0,104.0,0.0,1.0096153846153846,False
ATA_Nat_14,Sossouna,ATACORA,P2AE_PBA_BT,2026-07-19,608,-1.0,104.0,104.0,0.0,1.0,False
ATA_Nat_14,Sossouna,ATACORA,P2AE_PBA_BT,2026-07-24,613,0.0,104.0,104.0,0.0,1.0,False
ATA_Nat_14,Sossouna,ATACORA,P2AE_PBA_HTA,2026-04-08,506,1.0,1.0,21.0,20.0,0.047619047619047616,False
ATA_Nat_14,Sossouna,ATACORA,P2AE_PBA_HTA,2026-04-20,518,0.0,1.0,21.0,20.0,0.047619047619047616,False
ATA_Nat_14,Sossouna,ATACORA,P2AE_PBA_HTA,2026-05-31,559,1.0,2.0,21.0,19.0,0.09523809523809523,False
ATA_Nat_14,Sossouna,ATACORA,P2AE_PBA_HTA,2026-07-25,614,1.0,3.0,21.0,18.0,0.14285714285714285,False
BOR_Dal_01,Yankoï,BORGOU,P2AE_Fouille_BT,2026-07-13,602,86.0,86.0,90.0,4.0,0.9555555555555556,False
BOR_Dal_01,Yankoï,BORGOU,P2AE_Fouille_HTA,2026-07-13,602,14.0,14.0,15.0,1.0,0.9333333333333333,False
BOR_Dal_01,Yankoï,BORGOU,P2AE_PBA_BT,2026-07-18,607,82.0,82.0,90.0,8.0,0.9111111111111111,False
BOR_Dal_02,Tounré,BORGOU,P2AE_Fouille_BT,2026-04-01,499,300.0,300.0,363.0,63.0,0.8264462809917356,False
BOR_Dal_02,Tounré,BORGOU,P2AE_Fouille_BT,2026-04-08,506,3.0,303.0,363.0,60.0,0.8347107438016529,False
BOR_Dal_02,Tounré,BORGOU,P2AE_Fouille_BT,2026-04-12,510,-135.0,168.0,363.0,195.0,0.4628099173553719,False
BOR_Dal_02,Tounré,BORGOU,P2AE_Fouille_BT,2026-04-20,518,135.0,303.0,363.0,60.0,0.8347107438016529,False
BOR_Dal_02,Tounré,BORGOU,P2AE_Fouille_BT,2026-04-27,525,0.0,303.0,363.0,60.0,0.8347107438016529,False
BOR_Dal_02,Tounré,BORGOU,P2AE_Fouille_BT,2026-05-04,532,18.0,321.0,363.0,42.0,0.8842975206611571,False
BOR_Dal_02,Tounré,BORGOU,P2AE_PBA_BT,2026-04-01,499,100.0,100.0,362.0,262.0,0.27624309392265195,False
BOR_Dal_02,Tounré,BORGOU,P2AE_PBA_BT,2026-04-08,506,75.0,175.0,362.0,187.0,0.48342541436464087,False
BOR_Dal_02,Tounré,BORGOU,P2AE_PBA_BT,2026-04-12,510,-7.0,168.0,362.0,194.0,0.46408839779005523,False
BOR_Dal_02,Tounré,BORGOU,P2AE_PBA_BT,2026-04-20,518,0.0,168.0,362.0,194.0,0.46408839779005523,False
BOR_Dal_02,Tounré,BORGOU,P2AE_PBA_BT,2026-04-27,525,0.0,168.0,362.0,194.0,0.46408839779005523,False
BOR_Dal_02,Tounré,BORGOU,P2AE_PBA_BT,2026-05-04,532,64.0,232.0,362.0,130.0,0.6408839779005525,False
BOR_Dal_02,Tounré,BORGOU,P2AE_PBA_BT,2026-06-21,580,77.0,309.0,362.0,53.0,0.8535911602209945,False
BOR_Dal_02,Tounré,BORGOU,P2AE_PBA_BT,2026-08-15,635,38.0,347.0,362.0,15.0,0.9585635359116023,False
BOR_Dal_02,Tounré,BORGOU,P2AE_PBA_HTA,2026-08-15,635,10.0,10.0,11.0,1.0,0.9090909090909091,False
BOR_Dal_03,Komiguéa,BORGOU,P2AE_Fouille_BT,2026-04-08,506,156.0,156.0,242.0,86.0,0.6446280991735537,False
BOR_Dal_03,Komiguéa,BORGOU,P2AE_Fouille_BT,2026-04-16,514,-86.0,70.0,242.0,172.0,0.2892561983471074,False
BOR_Dal_03,Komiguéa,BORGOU,P2AE_Fouille_BT,2026-04-20,518,86.0,156.0,242.0,86.0,0.6446280991735537,False
BOR_Dal_03,Komiguéa,BORGOU,P2AE_Fouille_BT,2026-04-27,525,0.0,156.0,242.0,86.0,0.6446280991735537,False
BOR_Dal_03,Komiguéa,BORGOU,P2AE_PBA_BT,2026-04-08,506,65.0,65.0,242.0,177.0,0.26859504132231404,False
BOR_Dal_03,Komiguéa,BORGOU,P2AE_PBA_BT,2026-04-16,514,5.0,70.0,242.0,172.0,0.2892561983471074,False
BOR_Dal_03,Komiguéa,BORGOU,P2AE_PBA_BT,2026-04-20,518,0.0,70.0,242.0,172.0,0.2892561983471074,False
BOR_Dal_03,Komiguéa,BORGOU,P2AE_PBA_BT,2026-04-27,525,0.0,70.0,242.0,172.0,0.2892561983471074,False
BOR_Dal_03,Komiguéa,BORGOU,P2AE_PBA_BT,2026-05-09,537,58.0,128.0,242.0,114.0,0.5289256198347108,False
BOR_Dal_03,Komiguéa,BORGOU,P2AE_PBA_BT,2026-07-12,601,29.0,157.0,242.0,85.0,0.6487603305785123,False
BOR_Dal_03,Komiguéa,BORGOU,P2AE_PBA_BT,2026-08-15,635,58.0,215.0,242.0,27.0,0.8884297520661157,False
BOR_Par_01,Assagbinin-Baka,BORGOU,P2AE_Fouille_BT,2026-07-23,612,37.0,37.0,148.0,111.0,0.25,False
BOR_Par_01,Assagbinin-Baka,BORGOU,P2AE_Fouille_BT,2026-07-25,614,37.0,74.0,148.0,74.0,0.5,False
BOR_Par_01,Assagbinin-Baka,BORGOU,P2AE_Fouille_HTA,2026-07-23,612,12.0,12.0,13.0,1.0,0.9230769230769231,False
BOR_Par_01,Assagbinin-Baka,BORGOU,P2AE_PBA_BT,2026-07-26,615,84.0,84.0,150.0,66.0,0.56,False
BOR_Par_01,Assagbinin-Baka,BORGOU,P2AE_PBA_BT,2026-08-01,621,29.0,113.0,150.0,37.0,0.7533333333333333,False
BOR_Par_02,Banikani-Rose-croix,BORGOU,P2AE_Fouille_BT,2026-04-09,507,227.0,227.0,372.0,145.0,0.6102150537634409,False
BOR_Par_02,Banikani-Rose-croix,BORGOU,P2AE_Fouille_BT,2026-04-12,510,-116.0,111.0,372.0,261.0,0.29838709677419356,False
BOR_Par_02,Banikani-Rose-croix,BORGOU,P2AE_Fouille_BT,2026-04-20,518,116.0,227.0,372.0,145.0,0.6102150537634409,False
BOR_Par_02,Banikani-Rose-croix,BORGOU,P2AE_Fouille_BT,2026-04-27,525,0.0,227.0,372.0,145.0,0.6102150537634409,False
BOR_Par_02,Banikani-Rose-croix,BORGOU,P2AE_PBA_BT,2026-04-09,507,111.0,111.0,370.0,259.0,0.3,False
BOR_Par_02,Banikani-Rose-croix,BORGOU,P2AE_PBA_BT,2026-04-12,510,0.0,111.0,370.0,259.0,0.3,False
BOR_Par_02,Banikani-Rose-croix,BORGOU,P2AE_PBA_BT,2026-04-20,518,50.0,161.0,370.0,209.0,0.43513513513513513,False
BOR_Par_02,Banikani-Rose-croix,BORGOU,P2AE_PBA_BT,2026-04-27,525,93.0,254.0,370.0,116.0,0.6864864864864865,False
BOR_Par_02,Banikani-Rose-croix,BORGOU,P2AE_PBA_BT,2026-05-04,532,11.0,265.0,370.0,105.0,0.7162162162162162,False
BOR_Par_02,Banikani-Rose-croix,BORGOU,P2AE_PBA_BT,2026-05-30,558,-12.0,253.0,370.0,117.0,0.6837837837837838,False
BOR_Par_02,Banikani-Rose-croix,BORGOU,P2AE_PBA_BT,2026-07-12,601,38.0,291.0,370.0,79.0,0.7864864864864864,False
BOR_Par_02,Banikani-Rose-croix,BORGOU,P2AE_PBA_BT,2026-07-26,615,21.0,312.0,370.0,58.0,0.8432432432432433,False
BOR_Par_02,Banikani-Rose-croix,BORGOU,P2AE_PBA_BT,2026-08-06,626,6.0,318.0,370.0,52.0,0.8594594594594595,False
BOR_Par_02,Banikani-Rose-croix,BORGOU,P2AE_PBA_BT,2026-08-22,642,27.0,345.0,370.0,25.0,0.9324324324324325,False
BOR_Par_02,Banikani-Rose-croix,BORGOU,P2AE_PBA_HTA,2026-08-22,642,17.0,17.0,24.0,7.0,0.7083333333333334,False
BOR_Par_03,Zongo,BORGOU,P2AE_Cable_BT,2026-07-18,607,5655.0,5655.0,6350.0,695.0,0.8905511811023622,False
BOR_Par_03,Zongo,BORGOU,P2AE_Cable_HTA,2026-07-26,615,292.0,292.0,295.0,3.0,0.9898305084745763,False
BOR_Par_03,Zongo,BORGOU,P2AE_Fouille_BT,2026-04-09,507,128.0,128.0,146.0,18.0,0.8767123287671232,False
BOR_Par_03,Zongo,BORGOU,P2AE_Fouille_BT,2026-04-12,510,-19.0,109.0,146.0,37.0,0.7465753424657534,False
BOR_Par_03,Zongo,BORGOU,P2AE_Fouille_BT,2026-04-20,518,19.0,128.0,146.0,18.0,0.8767123287671232,False
BOR_Par_03,Zongo,BORGOU,P2AE_Fouille_BT,2026-04-27,525,0.0,128.0,146.0,18.0,0.8767123287671232,False
BOR_Par_03,Zongo,BORGOU,P2AE_Fouille_BT,2026-05-04,532,10.0,138.0,146.0,8.0,0.9452054794520548,False
BOR_Par_03,Zongo,BORGOU,P2AE_Fouille_BT,2026-08-02,622,8.0,146.0,146.0,0.0,1.0,False
BOR_Par_03,Zongo,BORGOU,P2AE_Fouille_HTA,2026-07-25,614,7.0,7.0,8.0,1.0,0.875,False
BOR_Par_03,Zongo,BORGOU,P2AE_Fouille_HTA,2026-08-02,622,1.0,8.0,8.0,0.0,1.0,False
BOR_Par_03,Zongo,BORGOU,P2AE_IACM,2026-08-01,621,1.0,1.0,1.0,0.0,1.0,False
BOR_Par_03,Zongo,BORGOU,P2AE_PBA_BT,2026-04-09,507,109.0,109.0,146.0,37.0,0.7465753424657534,False
BOR_Par_03,Zongo,BORGOU,P2AE_PBA_BT,2026-04-12,510,0.0,109.0,146.0,37.0,0.7465753424657534,False
BOR_Par_03,Zongo,BORGOU,P2AE_PBA_BT,2026-04-20,518,0.0,109.0,146.0,37.0,0.7465753424657534,False
BOR_Par_03,Zongo,BORGOU,P2AE_PBA_BT,2026-04-27,525,37.0,146.0,146.0,0.0,1.0,False
BOR_Par_03,Zongo,BORGOU,P2AE_PBA_HTA,2026-07-18,607,8.0,8.0,9.0,1.0,0.8888888888888888,False
BOR_Par_04,Guerma,BORGOU,P2AE_Fouille_BT,2026-05-27,555,109.0,109.0,607.0,498.0,0.17957166392092258,False
BOR_Par_04,Guerma,BORGOU,P2AE_Fouille_BT,2026-06-14,573,175.0,284.0,607.0,323.0,0.46787479406919275,False
BOR_Par_04,Guerma,BORGOU,P2AE_Fouille_BT,2026-06-21,580,155.0,439.0,607.0,168.0,0.7232289950576606,False
BOR_Par_04,Guerma,BORGOU,P2AE_Fouille_BT,2026-07-15,604,20.0,459.0,607.0,148.0,0.7561779242174629,False
BOR_Par_04,Guerma,BORGOU,P2AE_Fouille_HTA,2026-07-01,590,0.0,0.0,60.0,60.0,0.0,True
BOR_Par_04,Guerma,BORGOU,P2AE_Fouille_HTA,2026-07-15,604,6.0,6.0,60.0,54.0,0.1,False
BOR_Par_04,Guerma,BORGOU,P2AE_Fouille_HTA,2026-07-28,617,2.0,8.0,60.0,52.0,0.13333333333333333,False
BOR_Par_04,Guerma,BORGOU,P2AE_PBA_BT,2026-05-30,558,68.0,68.0,528.0,460.0,0.12878787878787878,False
BOR_Par_04,Guerma,BORGOU,P2AE_PBA_BT,2026-06-14,573,154.0,222.0,528.0,306.0,0.42045454545454547,False
BOR_Par_04,Guerma,BORGOU,P2AE_PBA_BT,2026-06-21,580,64.0,286.0,528.0,242.0,0.5416666666666666,False
BOR_Par_04,Guerma,BORGOU,P2AE_PBA_BT,2026-07-02,591,70.0,356.0,528.0,172.0,0.6742424242424242,False
BOR_Par_04,Guerma,BORGOU,P2AE_PBA_BT,2026-07-18,607,68.0,424.0,528.0,104.0,0.803030303030303,False
BOR_Par_04,Guerma,BORGOU,P2AE_PBA_BT,2026-07-24,613,2.0,426.0,528.0,102.0,0.8068181818181818,False
BOR_Par_04,Guerma,BORGOU,P2AE_PBA_BT,2026-07-26,615,8.0,434.0,528.0,94.0,0.821969696969697,False
BOR_Par_04,Guerma,BORGOU,P2AE_PBA_BT,2026-08-01,621,10.0,444.0,528.0,84.0,0.8409090909090909,False
BOR_Par_04,Guerma,BORGOU,P2AE_PBA_BT,2026-08-06,626,13.0,457.0,528.0,71.0,0.865530303030303,False
BOR_Par_04,Guerma,BORGOU,P2AE_PBA_BT,2026-08-09,629,20.0,477.0,528.0,51.0,0.9034090909090909,False
BOR_Par_04,Guerma,BORGOU,P2AE_PBA_BT,2026-08-22,642,27.0,504.0,528.0,24.0,0.9545454545454546,False
BOR_Par_04,Guerma,BORGOU,P2AE_PBA_HTA,2026-07-02,591,27.0,27.0,64.0,37.0,0.421875,False
BOR_Par_04,Guerma,BORGOU,P2AE_PBA_HTA,2026-07-24,613,2.0,29.0,64.0,35.0,0.453125,False
BOR_Par_04,Guerma,BORGOU,P2AE_PBA_HTA,2026-08-01,621,16.0,45.0,64.0,19.0,0.703125,False
BOR_Par_04,Guerma,BORGOU,P2AE_PBA_HTA,2026-08-09,629,6.0,51.0,64.0,13.0,0.796875,False
BOR_Par_05,Bahmora,BORGOU,P2AE_Fouille_BT,2026-04-09,507,284.0,284.0,412.0,128.0,0.6893203883495146,False
BOR_Par_05,Bahmora,BORGOU,P2AE_Fouille_BT,2026-04-16,514,-49.0,235.0,412.0,177.0,0.5703883495145631,False
BOR_Par_05,Bahmora,BORGOU,P2AE_Fouille_BT,2026-04-20,518,49.0,284.0,412.0,128.0,0.6893203883495146,False
BOR_Par_05,Bahmora,BORGOU,P2AE_Fouille_BT,2026-04-27,525,0.0,284.0,412.0,128.0,0.6893203883495146,False
BOR_Par_05,Bahmora,BORGOU,P2AE_Fouille_BT,2026-05-04,532,38.0,322.0,412.0,90.0,0.7815533980582524,False
BOR_Par_05,Bahmora,BORGOU,P2AE_Fouille_BT,2026-05-16,544,15.0,337.0,412.0,75.0,0.8179611650485437,False
BOR_Par_05,Bahmora,BORGOU,P2AE_Fouille_BT,2026-07-28,617,18.0,355.0,412.0,57.0,0.8616504854368932,False
BOR_Par_05,Bahmora,BORGOU,P2AE_Fouille_BT,2026-08-02,622,51.0,406.0,412.0,6.0,0.9854368932038835,False
BOR_Par_05,Bahmora,BORGOU,P2AE_Fouille_HTA,2026-06-26,585,46.0,46.0,47.0,1.0,0.9787234042553191,False
BOR_Par_05,Bahmora,BORGOU,P2AE_Fouille_HTA,2026-08-02,622,1.0,47.0,47.0,0.0,1.0,False
BOR_Par_05,Bahmora,BORGOU,P2AE_PBA_BT,2026-04-09,507,193.0,193.0,409.0,216.0,0.4718826405867971,False
BOR_Par_05,Bahmora,BORGOU,P2AE_PBA_BT,2026-04-16,514,42.0,235.0,409.0,174.0,0.5745721271393643,False
BOR_Par_05,Bahmora,BORGOU,P2AE_PBA_BT,2026-04-20,518,0.0,235.0,409.0,174.0,0.5745721271393643,False
BOR_Par_05,Bahmora,BORGOU,P2AE_PBA_BT,2026-04-27,525,36.0,271.0,409.0,138.0,0.6625916870415648,False
BOR_Par_05,Bahmora,BORGOU,P2AE_PBA_BT,2026-05-04,532,57.0,328.0,409.0,81.0,0.8019559902200489,False
BOR_Par_05,Bahmora,BORGOU,P2AE_PBA_BT,2026-05-09,537,0.0,328.0,409.0,81.0,0.8019559902200489,False
BOR_Par_05,Bahmora,BORGOU,P2AE_PBA_BT,2026-05-16,544,3.0,331.0,409.0,78.0,0.8092909535452323,False
BOR_Par_05,Bahmora,BORGOU,P2AE_PBA_BT,2026-07-26,615,52.0,383.0,409.0,26.0,0.9364303178484108,False
BOR_Par_05,Bahmora,BORGOU,P2AE_PBA_BT,2026-08-06,626,23.0,406.0,409.0,3.0,0.9926650366748166,False
BOR_Par_05,Bahmora,BORGOU,P2AE_PBA_HTA,2026-07-26,615,9.0,9.0,50.0,41.0,0.18,False
BOR_Par_05,Bahmora,BORGOU,P2AE_PBA_HTA,2026-08-06,626,38.0,47.0,50.0,3.0,0.94,False
BOR_Par_06,Bawé,BORGOU,P2AE_Fouille_BT,2026-04-16,514,62.0,62.0,454.0,392.0,0.13656387665198239,False
BOR_Par_06,Bawé,BORGOU,P2AE_Fouille_BT,2026-04-20,518,56.0,118.0,454.0,336.0,0.2599118942731278,False
BOR_Par_06,Bawé,BORGOU,P2AE_Fouille_BT,2026-04-27,525,0.0,118.0,454.0,336.0,0.2599118942731278,False
BOR_Par_06,Bawé,BORGOU,P2AE_Fouille_BT,2026-05-16,544,254.0,372.0,454.0,82.0,0.8193832599118943,False
BOR_Par_06,Bawé,BORGOU,P2AE_Fouille_BT,2026-07-03,592,35.0,407.0,454.0,47.0,0.8964757709251101,False
BOR_Par_06,Bawé,BORGOU,P2AE_Fouille_BT,2026-07-04,593,15.0,422.0,454.0,32.0,0.9295154185022027,False
BOR_Par_06,Bawé,BORGOU,P2AE_Fouille_BT,2026-08-02,622,59.0,481.0,454.0,0.0,1.0594713656387664,False
BOR_Par_06,Bawé,BORGOU,P2AE_Fouille_HTA,2026-07-04,593,32.0,32.0,57.0,25.0,0.5614035087719298,False
BOR_Par_06,Bawé,BORGOU,P2AE_PBA_BT,2026-04-16,514,62.0,62.0,460.0,398.0,0.13478260869565217,False
BOR_Par_06,Bawé,BORGOU,P2AE_PBA_BT,2026-04-20,518,0.0,62.0,460.0,398.0,0.13478260869565217,False
BOR_Par_06,Bawé,BORGOU,P2AE_PBA_BT,2026-04-27,525,0.0,62.0,460.0,398.0,0.13478260869565217,False
BOR_Par_06,Bawé,BORGOU,P2AE_PBA_BT,2026-05-09,537,11.0,73.0,460.0,387.0,0.15869565217391304,False
BOR_Par_06,Bawé,BORGOU,P2AE_PBA_BT,2026-05-16,544,-5.0,68.0,460.0,392.0,0.14782608695652175,False
BOR_Par_06,Bawé,BORGOU,P2AE_PBA_BT,2026-07-02,591,59.0,127.0,460.0,333.0,0.27608695652173915,False
BOR_Par_06,Bawé,BORGOU,P2AE_PBA_BT,2026-07-04,593,38.0,165.0,460.0,295.0,0.358695652173913,False
BOR_Par_06,Bawé,BORGOU,P2AE_PBA_BT,2026-08-01,621,33.0,198.0,460.0,262.0,0.43043478260869567,False
BOR_Par_06,Bawé,BORGOU,P2AE_PBA_HTA,2026-08-01,621,28.0,28.0,60.0,32.0,0.4666666666666667,False
BOR_Par_07,Thian,BORGOU,P2AE_Fouille_BT,2026-05-09,537,81.0,81.0,1066.0,985.0,0.07598499061913697,False
BOR_Par_07,Thian,BORGOU,P2AE_Fouille_BT,2026-05-16,544,246.0,327.0,1066.0,739.0,0.3067542213883677,False
BOR_Par_07,Thian,BORGOU,P2AE_Fouille_BT,2026-05-30,558,228.0,555.0,1066.0,511.0,0.5206378986866792,False
BOR_Par_07,Thian,BORGOU,P2AE_Fouille_BT,2026-06-14,573,374.0,929.0,1066.0,137.0,0.8714821763602252,False
BOR_Par_07,Thian,BORGOU,P2AE_Fouille_BT,2026-06-21,580,5.0,934.0,1066.0,132.0,0.8761726078799249,False
BOR_Par_07,Thian,BORGOU,P2AE_Fouille_HTA,2026-05-16,544,11.0,11.0,93.0,82.0,0.11827956989247312,False
BOR_Par_07,Thian,BORGOU,P2AE_Fouille_HTA,2026-06-06,565,26.0,37.0,93.0,56.0,0.3978494623655914,False
BOR_Par_07,Thian,BORGOU,P2AE_Fouille_HTA,2026-06-14,573,12.0,49.0,93.0,44.0,0.5268817204301075,False
BOR_Par_07,Thian,BORGOU,P2AE_Fouille_HTA,2026-06-21,580,38.0,87.0,93.0,6.0,0.9354838709677419,False
BOR_Par_07,Thian,BORGOU,P2AE_PBA_BT,2026-05-09,537,-3.0,0.0,1066.0,1066.0,0.0,False
BOR_Par_07,Thian,BORGOU,P2AE_PBA_BT,2026-05-16,544,-7.0,0.0,1066.0,1066.0,0.0,False
BOR_Par_07,Thian,BORGOU,P2AE_PBA_BT,2026-05-30,558,38.0,28.0,1066.0,1038.0,0.02626641651031895,False
BOR_Par_07,Thian,BORGOU,P2AE_PBA_BT,2026-06-06,565,290.0,318.0,1066.0,748.0,0.29831144465290804,False
BOR_Par_07,Thian,BORGOU,P2AE_PBA_BT,2026-06-14,573,285.0,603.0,1066.0,463.0,0.5656660412757973,False
BOR_Par_07,Thian,BORGOU,P2AE_PBA_BT,2026-06-21,580,19.0,622.0,1066.0,444.0,0.5834896810506567,False
BOR_Par_07,Thian,BORGOU,P2AE_PBA_BT,2026-07-04,593,61.0,683.0,1066.0,383.0,0.6407129455909943,False
BOR_Par_07,Thian,BORGOU,P2AE_PBA_BT,2026-07-12,601,29.0,712.0,1066.0,354.0,0.6679174484052532,False
BOR_Par_07,Thian,BORGOU,P2AE_PBA_BT,2026-08-15,635,47.0,759.0,1066.0,307.0,0.7120075046904315,False
BOR_Par_07,Thian,BORGOU,P2AE_PBA_BT,2026-08-22,642,43.0,802.0,1066.0,264.0,0.7523452157598499,False
BOR_Par_07,Thian,BORGOU,P2AE_PBA_HTA,2026-06-06,565,13.0,13.0,99.0,86.0,0.13131313131313133,False
BOR_Par_07,Thian,BORGOU,P2AE_PBA_HTA,2026-06-14,573,31.0,44.0,99.0,55.0,0.4444444444444444,False
BOR_Par_07,Thian,BORGOU,P2AE_PBA_HTA,2026-06-21,580,21.0,65.0,99.0,34.0,0.6565656565656566,False
BOR_Par_07,Thian,BORGOU,P2AE_PBA_HTA,2026-07-12,601,12.0,77.0,99.0,22.0,0.7777777777777778,False
BOR_Par_07,Thian,BORGOU,P2AE_PBA_HTA,2026-08-15,635,8.0,85.0,99.0,14.0,0.8585858585858586,False
BOR_Par_08,Kpérou-Guéra,BORGOU,P2AE_Cable_BT,2026-07-12,601,18159.0,18159.0,27840.0,9681.0,0.6522629310344827,False
BOR_Par_08,Kpérou-Guéra,BORGOU,P2AE_Cable_BT,2026-07-18,607,7195.950000000001,25354.95,27840.0,2485.0499999999993,0.9107381465517241,False
BOR_Par_08,Kpérou-Guéra,BORGOU,P2AE_Cable_BT,2026-07-26,615,640.43,25995.38,27840.0,1844.619999999999,0.9337420977011495,False
BOR_Par_08,Kpérou-Guéra,BORGOU,P2AE_Cable_BT,2026-08-09,629,263.66,26259.04,27840.0,1580.9599999999991,0.9432126436781609,False
BOR_Par_08,Kpérou-Guéra,BORGOU,P2AE_Cable_BT,2026-08-22,642,550.54,26809.58,27840.0,1030.4199999999983,0.962987787356322,False
BOR_Par_08,Kpérou-Guéra,BORGOU,P2AE_Cable_HTA,2026-07-26,615,1985.25,1985.25,1990.0,4.75,0.9976130653266332,False
BOR_Par_08,Kpérou-Guéra,BORGOU,P2AE_Cable_HTA,2026-08-22,642,43.1,2028.35,1990.0,0.0,1.0192713567839196,False
BOR_Par_08,Kpérou-Guéra,BORGOU,P2AE_DMT,2026-08-22,642,3.0,3.0,3.0,0.0,1.0,False
BOR_Par_08,Kpérou-Guéra,BORGOU,P2AE_Fouille_BT,2026-04-09,507,374.0,374.0,596.0,222.0,0.62751677852349,False
BOR_Par_08,Kpérou-Guéra,BORGOU,P2AE_Fouille_BT,2026-04-12,510,-46.0,328.0,596.0,268.0,0.5503355704697986,False
BOR_Par_08,Kpérou-Guéra,BORGOU,P2AE_Fouille_BT,2026-04-20,518,121.0,449.0,596.0,147.0,0.7533557046979866,False
BOR_Par_08,Kpérou-Guéra,BORGOU,P2AE_Fouille_BT,2026-04-27,525,9.0,458.0,596.0,138.0,0.7684563758389261,False
BOR_Par_08,Kpérou-Guéra,BORGOU,P2AE_Fouille_BT,2026-05-04,532,29.0,487.0,596.0,109.0,0.8171140939597316,False
BOR_Par_08,Kpérou-Guéra,BORGOU,P2AE_Fouille_BT,2026-08-02,622,93.0,580.0,596.0,16.0,0.9731543624161074,False
BOR_Par_08,Kpérou-Guéra,BORGOU,P2AE_Fouille_HTA,2026-04-27,525,18.0,18.0,50.0,32.0,0.36,False
BOR_Par_08,Kpérou-Guéra,BORGOU,P2AE_Fouille_HTA,2026-05-04,532,15.0,33.0,50.0,17.0,0.66,False
BOR_Par_08,Kpérou-Guéra,BORGOU,P2AE_Fouille_HTA,2026-08-02,622,18.0,51.0,50.0,0.0,1.02,False
BOR_Par_08,Kpérou-Guéra,BORGOU,P2AE_IACM,2026-08-01,621,3.0,3.0,3.0,0.0,1.0,False
BOR_Par_08,Kpérou-Guéra,BORGOU,P2AE_PBA_BT,2026-04-09,507,328.0,328.0,593.0,265.0,0.5531197301854974,False
BOR_Par_08,Kpérou-Guéra,BORGOU,P2AE_PBA_BT,2026-04-12,510,0.0,328.0,593.0,265.0,0.5531197301854974,False
BOR_Par_08,Kpérou-Guéra,BORGOU,P2AE_PBA_BT,2026-04-20,518,39.0,367.0,593.0,226.0,0.6188870151770658,False
BOR_Par_08,Kpérou-Guéra,BORGOU,P2AE_PBA_BT,2026-04-27,525,139.0,506.0,593.0,87.0,0.8532883642495784,False
BOR_Par_08,Kpérou-Guéra,BORGOU,P2AE_PBA_BT,2026-05-04,532,71.0,577.0,593.0,16.0,0.9730185497470489,False
BOR_Par_08,Kpérou-Guéra,BORGOU,P2AE_PBA_BT,2026-05-09,537,6.0,583.0,593.0,10.0,0.9831365935919055,False
BOR_Par_08,Kpérou-Guéra,BORGOU,P2AE_PBA_BT,2026-05-30,558,-15.0,568.0,593.0,25.0,0.9578414839797639,False
BOR_Par_08,Kpérou-Guéra,BORGOU,P2AE_PBA_BT,2026-07-12,601,9.0,577.0,593.0,16.0,0.9730185497470489,False
BOR_Par_08,Kpérou-Guéra,BORGOU,P2AE_PBA_BT,2026-07-18,607,2.0,579.0,593.0,14.0,0.9763912310286678,False
BOR_Par_08,Kpérou-Guéra,BORGOU,P2AE_PBA_BT,2026-08-09,629,3.0,582.0,593.0,11.0,0.9814502529510961,False
BOR_Par_08,Kpérou-Guéra,BORGOU,P2AE_PBA_BT,2026-08-22,642,2.0,584.0,593.0,9.0,0.984822934232715,False
BOR_Par_08,Kpérou-Guéra,BORGOU,P2AE_PBA_HTA,2026-04-27,525,18.0,18.0,53.0,35.0,0.33962264150943394,False
BOR_Par_08,Kpérou-Guéra,BORGOU,P2AE_PBA_HTA,2026-05-04,532,15.0,33.0,53.0,20.0,0.6226415094339622,False
BOR_Par_08,Kpérou-Guéra,BORGOU,P2AE_PBA_HTA,2026-05-30,558,3.0,36.0,53.0,17.0,0.6792452830188679,False
BOR_Par_08,Kpérou-Guéra,BORGOU,P2AE_PBA_HTA,2026-07-12,601,15.0,51.0,53.0,2.0,0.9622641509433962,False
BOR_Par_08,Kpérou-Guéra,BORGOU,P2AE_PBA_HTA,2026-08-22,642,2.0,53.0,53.0,0.0,1.0,False
BOR_Par_09,Okédama,BORGOU,P2AE_Fouille_BT,2026-04-09,507,478.0,478.0,758.0,280.0,0.6306068601583114,False
BOR_Par_09,Okédama,BORGOU,P2AE_Fouille_BT,2026-04-12,510,-232.0,246.0,758.0,512.0,0.3245382585751979,False
BOR_Par_09,Okédama,BORGOU,P2AE_Fouille_BT,2026-04-20,518,335.0,581.0,758.0,177.0,0.7664907651715039,False
BOR_Par_09,Okédama,BORGOU,P2AE_Fouille_BT,2026-04-27,525,24.0,605.0,758.0,153.0,0.7981530343007915,False
BOR_Par_09,Okédama,BORGOU,P2AE_Fouille_BT,2026-05-04,532,31.0,636.0,758.0,122.0,0.8390501319261213,False
BOR_Par_09,Okédama,BORGOU,P2AE_Fouille_BT,2026-06-21,580,37.0,673.0,758.0,85.0,0.8878627968337731,False
BOR_Par_09,Okédama,BORGOU,P2AE_Fouille_BT,2026-08-02,622,48.0,721.0,758.0,37.0,0.9511873350923483,False
BOR_Par_09,Okédama,BORGOU,P2AE_Fouille_HTA,2026-08-02,622,29.0,29.0,64.0,35.0,0.453125,False
BOR_Par_09,Okédama,BORGOU,P2AE_PBA_BT,2026-04-12,510,246.0,246.0,782.0,536.0,0.3145780051150895,False
BOR_Par_09,Okédama,BORGOU,P2AE_PBA_BT,2026-04-20,518,99.0,345.0,782.0,437.0,0.4411764705882353,False
BOR_Par_09,Okédama,BORGOU,P2AE_PBA_BT,2026-04-27,525,155.0,500.0,782.0,282.0,0.639386189258312,False
BOR_Par_09,Okédama,BORGOU,P2AE_PBA_BT,2026-05-04,532,61.0,561.0,782.0,221.0,0.717391304347826,False
BOR_Par_09,Okédama,BORGOU,P2AE_PBA_BT,2026-06-14,573,20.0,581.0,782.0,201.0,0.7429667519181585,False
BOR_Par_09,Okédama,BORGOU,P2AE_PBA_BT,2026-06-21,580,99.0,680.0,782.0,102.0,0.8695652173913043,False
BOR_Par_09,Okédama,BORGOU,P2AE_PBA_BT,2026-08-06,626,20.0,700.0,782.0,82.0,0.8951406649616368,False
BOR_Par_09,Okédama,BORGOU,P2AE_PBA_BT,2026-08-09,629,28.0,728.0,782.0,54.0,0.9309462915601023,False
BOR_Par_09,Okédama,BORGOU,P2AE_PBA_BT,2026-08-22,642,3.0,731.0,782.0,51.0,0.9347826086956522,False
BOR_Par_09,Okédama,BORGOU,P2AE_PBA_HTA,2026-06-14,573,10.0,10.0,69.0,59.0,0.14492753623188406,False
BOR_Par_09,Okédama,BORGOU,P2AE_PBA_HTA,2026-08-06,626,23.0,33.0,69.0,36.0,0.4782608695652174,False
BOR_Par_09,Okédama,BORGOU,P2AE_PBA_HTA,2026-08-09,629,6.0,39.0,69.0,30.0,0.5652173913043478,False
BOR_Tcha_01,Kpakpanin,BORGOU,P2AE_Cable_BT,2026-07-18,607,3758.2000000000003,3758.2000000000003,6370.0,2611.7999999999997,0.5899843014128728,False
BOR_Tcha_01,Kpakpanin,BORGOU,P2AE_Fouille_BT,2026-04-08,506,0.0,0.0,121.0,121.0,0.0,True
BOR_Tcha_01,Kpakpanin,BORGOU,P2AE_Fouille_BT,2026-04-16,514,-76.0,0.0,121.0,121.0,0.0,False
BOR_Tcha_01,Kpakpanin,BORGOU,P2AE_Fouille_BT,2026-04-20,518,-2.0,0.0,121.0,121.0,0.0,False
BOR_Tcha_01,Kpakpanin,BORGOU,P2AE_Fouille_BT,2026-04-27,525,-9.0,0.0,121.0,121.0,0.0,False
BOR_Tcha_01,Kpakpanin,BORGOU,P2AE_Fouille_HTA,2026-04-27,525,9.0,9.0,33.0,24.0,0.2727272727272727,False
BOR_Tcha_01,Kpakpanin,BORGOU,P2AE_PBA_BT,2026-04-08,506,65.0,65.0,115.0,50.0,0.5652173913043478,False
BOR_Tcha_01,Kpakpanin,BORGOU,P2AE_PBA_BT,2026-04-16,514,0.0,65.0,115.0,50.0,0.5652173913043478,False
BOR_Tcha_01,Kpakpanin,BORGOU,P2AE_PBA_BT,2026-04-20,518,28.0,93.0,115.0,22.0,0.808695652173913,False
BOR_Tcha_01,Kpakpanin,BORGOU,P2AE_PBA_BT,2026-04-27,525,19.0,112.0,115.0,3.0,0.9739130434782609,False
BOR_Tcha_01,Kpakpanin,BORGOU,P2AE_PBA_BT,2026-07-18,607,9.0,121.0,115.0,0.0,1.0521739130434782,False
BOR_Tcha_01,Kpakpanin,BORGOU,P2AE_PBA_BT,2026-07-24,613,0.0,121.0,115.0,0.0,1.0521739130434782,False
BOR_Tcha_01,Kpakpanin,BORGOU,P2AE_PBA_HTA,2026-04-27,525,9.0,9.0,34.0,25.0,0.2647058823529412,False
BOR_Tcha_02,Sakana-Kpéba,BORGOU,P2AE_Cable_BT,2026-07-18,607,958.0,958.0,1830.0,872.0,0.5234972677595628,False
BOR_Tcha_02,Sakana-Kpéba,BORGOU,P2AE_Fouille_BT,2026-04-08,506,0.0,0.0,30.0,30.0,0.0,True
BOR_Tcha_02,Sakana-Kpéba,BORGOU,P2AE_Fouille_BT,2026-04-16,514,-26.0,0.0,30.0,30.0,0.0,False
BOR_Tcha_02,Sakana-Kpéba,BORGOU,P2AE_Fouille_BT,2026-04-20,518,-2.0,0.0,30.0,30.0,0.0,False
BOR_Tcha_02,Sakana-Kpéba,BORGOU,P2AE_Fouille_BT,2026-04-27,525,-1.0,0.0,30.0,30.0,0.0,False
BOR_Tcha_02,Sakana-Kpéba,BORGOU,P2AE_Fouille_HTA,2026-04-27,525,1.0,1.0,13.0,12.0,0.07692307692307693,False
BOR_Tcha_02,Sakana-Kpéba,BORGOU,P2AE_PBA_BT,2026-04-08,506,7.0,7.0,30.0,23.0,0.23333333333333334,False
BOR_Tcha_02,Sakana-Kpéba,BORGOU,P2AE_PBA_BT,2026-04-16,514,0.0,7.0,30.0,23.0,0.23333333333333334,False
BOR_Tcha_02,Sakana-Kpéba,BORGOU,P2AE_PBA_BT,2026-04-20,518,0.0,7.0,30.0,23.0,0.23333333333333334,False
BOR_Tcha_02,Sakana-Kpéba,BORGOU,P2AE_PBA_BT,2026-04-27,525,18.0,25.0,30.0,5.0,0.8333333333333334,False
BOR_Tcha_02,Sakana-Kpéba,BORGOU,P2AE_PBA_BT,2026-07-18,607,2.0,27.0,30.0,3.0,0.9,False
BOR_Tcha_02,Sakana-Kpéba,BORGOU,P2AE_PBA_HTA,2026-04-27,525,1.0,1.0,14.0,13.0,0.07142857142857142,False
BOR_Tcha_03,Kpessou,BORGOU,P2AE_Cable_BT,2026-08-01,621,2618.0,2618.0,3258.0,640.0,0.8035604665438919,False
BOR_Tcha_03,Kpessou,BORGOU,P2AE_Fouille_BT,2026-04-08,506,64.0,64.0,73.0,9.0,0.8767123287671232,False
BOR_Tcha_03,Kpessou,BORGOU,P2AE_Fouille_BT,2026-04-16,514,-37.0,27.0,73.0,46.0,0.3698630136986301,False
BOR_Tcha_03,Kpessou,BORGOU,P2AE_Fouille_BT,2026-04-20,518,37.0,64.0,73.0,9.0,0.8767123287671232,False
BOR_Tcha_03,Kpessou,BORGOU,P2AE_Fouille_BT,2026-04-27,525,0.0,64.0,73.0,9.0,0.8767123287671232,False
BOR_Tcha_03,Kpessou,BORGOU,P2AE_PBA_BT,2026-04-08,506,27.0,27.0,73.0,46.0,0.3698630136986301,False
BOR_Tcha_03,Kpessou,BORGOU,P2AE_PBA_BT,2026-04-16,514,0.0,27.0,73.0,46.0,0.3698630136986301,False
BOR_Tcha_03,Kpessou,BORGOU,P2AE_PBA_BT,2026-04-20,518,0.0,27.0,73.0,46.0,0.3698630136986301,False
BOR_Tcha_03,Kpessou,BORGOU,P2AE_PBA_BT,2026-04-27,525,0.0,27.0,73.0,46.0,0.3698630136986301,False
BOR_Tcha_03,Kpessou,BORGOU,P2AE_PBA_BT,2026-08-01,621,34.0,61.0,73.0,12.0,0.8356164383561644,False
BOR_Tcha_04,Barérou,BORGOU,P2AE_Cable_BT,2026-07-18,607,1112.0,1112.0,1324.0,212.0,0.8398791540785498,False
BOR_Tcha_04,Barérou,BORGOU,P2AE_Fouille_BT,2026-04-08,506,0.0,0.0,25.0,25.0,0.0,True
BOR_Tcha_04,Barérou,BORGOU,P2AE_Fouille_BT,2026-04-16,514,-15.0,0.0,25.0,25.0,0.0,False
BOR_Tcha_04,Barérou,BORGOU,P2AE_Fouille_BT,2026-04-20,518,15.0,0.0,25.0,25.0,0.0,False
BOR_Tcha_04,Barérou,BORGOU,P2AE_Fouille_BT,2026-04-27,525,0.0,0.0,25.0,25.0,0.0,False
BOR_Tcha_04,Barérou,BORGOU,P2AE_PBA_BT,2026-04-08,506,12.0,12.0,25.0,13.0,0.48,False
BOR_Tcha_04,Barérou,BORGOU,P2AE_PBA_BT,2026-04-16,514,0.0,12.0,25.0,13.0,0.48,False
BOR_Tcha_04,Barérou,BORGOU,P2AE_PBA_BT,2026-04-20,518,0.0,12.0,25.0,13.0,0.48,False
BOR_Tcha_04,Barérou,BORGOU,P2AE_PBA_BT,2026-04-27,525,12.0,24.0,25.0,1.0,0.96,False
DON_Bas_01,Partago,DONGA,P2AE_Fouille_BT,2026-07-11,600,77.0,77.0,139.0,62.0,0.5539568345323741,False
DON_Bas_01,Partago,DONGA,P2AE_PBA_BT,2026-07-11,600,38.0,38.0,138.0,100.0,0.2753623188405797,False
DON_Bas_01,Partago,DONGA,P2AE_PBA_BT,2026-07-18,607,1.0,39.0,138.0,99.0,0.2826086956521739,False
DON_Bas_01,Partago,DONGA,P2AE_PBA_BT,2026-08-01,621,25.0,64.0,138.0,74.0,0.463768115942029,False
DON_Bas_01,Partago,DONGA,P2AE_PBA_BT,2026-08-06,626,26.0,90.0,138.0,48.0,0.6521739130434783,False
DON_Bas_01,Partago,DONGA,P2AE_PBA_BT,2026-08-22,642,21.0,111.0,138.0,27.0,0.8043478260869565,False
DON_Bas_01,Partago,DONGA,P2AE_PBA_HTA,2026-08-06,626,3.0,3.0,4.0,1.0,0.75,False
DON_Bas_02,Oké-Igboélé,DONGA,P2AE_Cable_BT,2026-07-11,600,4694.0,4694.0,10190.0,5496.0,0.4606476938174681,False
DON_Bas_02,Oké-Igboélé,DONGA,P2AE_Cable_BT,2026-07-18,607,558.98,5252.98,10190.0,4937.02,0.5155034347399411,False
DON_Bas_02,Oké-Igboélé,DONGA,P2AE_Fouille_BT,2026-04-08,506,213.0,213.0,216.0,3.0,0.9861111111111112,False
DON_Bas_02,Oké-Igboélé,DONGA,P2AE_Fouille_BT,2026-04-20,518,6.0,219.0,216.0,0.0,1.0138888888888888,False
DON_Bas_02,Oké-Igboélé,DONGA,P2AE_Fouille_HTA,2026-08-02,622,34.0,34.0,42.0,8.0,0.8095238095238095,False
DON_Bas_02,Oké-Igboélé,DONGA,P2AE_IACM,2026-08-22,642,2.0,2.0,2.0,0.0,1.0,False
DON_Bas_02,Oké-Igboélé,DONGA,P2AE_PBA_BT,2026-04-08,506,169.0,169.0,213.0,44.0,0.7934272300469484,False
DON_Bas_02,Oké-Igboélé,DONGA,P2AE_PBA_BT,2026-04-20,518,0.0,169.0,213.0,44.0,0.7934272300469484,False
DON_Bas_02,Oké-Igboélé,DONGA,P2AE_PBA_BT,2026-07-11,600,33.0,202.0,213.0,11.0,0.9483568075117371,False
DON_Bas_02,Oké-Igboélé,DONGA,P2AE_PBA_BT,2026-07-24,613,0.0,202.0,213.0,11.0,0.9483568075117371,False
DON_Bas_02,Oké-Igboélé,DONGA,P2AE_PBA_BT,2026-08-01,621,9.0,211.0,213.0,2.0,0.9906103286384976,False
DON_Bas_02,Oké-Igboélé,DONGA,P2AE_PBA_HTA,2026-07-11,600,16.0,16.0,44.0,28.0,0.36363636363636365,False
DON_Bas_02,Oké-Igboélé,DONGA,P2AE_PBA_HTA,2026-08-01,621,18.0,34.0,44.0,10.0,0.7727272727272727,False
DON_Bas_03,Akaradè,DONGA,P2AE_Fouille_BT,2026-07-18,607,105.0,105.0,244.0,139.0,0.430327868852459,False
DON_Bas_03,Akaradè,DONGA,P2AE_PBA_BT,2026-07-18,607,85.0,85.0,244.0,159.0,0.3483606557377049,False
DON_Bas_03,Akaradè,DONGA,P2AE_PBA_BT,2026-08-06,626,44.0,129.0,244.0,115.0,0.5286885245901639,False
DON_Bas_03,Akaradè,DONGA,P2AE_PBA_BT,2026-08-22,642,3.0,132.0,244.0,112.0,0.5409836065573771,False
DON_Bas_04,Tchimbéri,DONGA,P2AE_Fouille_BT,2026-07-18,607,5.0,5.0,14.0,9.0,0.35714285714285715,False
DON_Bas_04,Tchimbéri,DONGA,P2AE_PBA_BT,2026-07-18,607,5.0,5.0,14.0,9.0,0.35714285714285715,False
DON_Bas_04,Tchimbéri,DONGA,P2AE_PBA_BT,2026-08-22,642,7.0,12.0,14.0,2.0,0.8571428571428571,False
DON_Djo_01,Founga,DONGA,P2AE_Cable_BT,2026-07-18,607,11655.69,11655.69,38185.0,26529.309999999998,0.30524263454235956,False
DON_Djo_01,Founga,DONGA,P2AE_Fouille_BT,2026-04-20,518,669.0,669.0,792.0,123.0,0.8446969696969697,False
DON_Djo_01,Founga,DONGA,P2AE_Fouille_HTA,2026-04-08,506,29.0,29.0,100.0,71.0,0.29,False
DON_Djo_01,Founga,DONGA,P2AE_Fouille_HTA,2026-08-01,621,-29.0,0.0,100.0,100.0,0.0,False
DON_Djo_01,Founga,DONGA,P2AE_IACM,2026-08-22,642,4.0,4.0,5.0,1.0,0.8,False
DON_Djo_01,Founga,DONGA,P2AE_PBA_BT,2026-04-08,506,627.0,627.0,788.0,161.0,0.7956852791878173,False
DON_Djo_01,Founga,DONGA,P2AE_PBA_BT,2026-04-12,510,28.0,655.0,788.0,133.0,0.8312182741116751,False
DON_Djo_01,Founga,DONGA,P2AE_PBA_BT,2026-04-20,518,0.0,655.0,788.0,133.0,0.8312182741116751,False
DON_Djo_01,Founga,DONGA,P2AE_PBA_BT,2026-07-18,607,2.0,657.0,788.0,131.0,0.833756345177665,False
DON_Djo_01,Founga,DONGA,P2AE_PBA_BT,2026-07-24,613,58.0,715.0,788.0,73.0,0.9073604060913706,False
DON_Djo_01,Founga,DONGA,P2AE_PBA_BT,2026-07-25,614,58.0,773.0,788.0,15.0,0.9809644670050761,False
DON_Djo_01,Founga,DONGA,P2AE_PBA_BT,2026-08-01,621,15.0,788.0,788.0,0.0,1.0,False
DON_Djo_01,Founga,DONGA,P2AE_PBA_BT,2026-08-06,626,20.0,808.0,788.0,0.0,1.0253807106598984,False
DON_Djo_01,Founga,DONGA,P2AE_PBA_HTA,2026-04-08,506,29.0,29.0,105.0,76.0,0.2761904761904762,False
DON_Djo_01,Founga,DONGA,P2AE_PBA_HTA,2026-04-20,518,0.0,29.0,105.0,76.0,0.2761904761904762,False
DON_Djo_01,Founga,DONGA,P2AE_PBA_HTA,2026-07-24,613,1.0,30.0,105.0,75.0,0.2857142857142857,False
DON_Djo_01,Founga,DONGA,P2AE_PBA_HTA,2026-08-01,621,2.0,32.0,105.0,73.0,0.3047619047619048,False
DON_Djo_01,Founga,DONGA,P2AE_PBA_HTA,2026-08-06,626,17.0,49.0,105.0,56.0,0.4666666666666667,False
DON_Djo_01,Founga,DONGA,P2AE_PBA_HTA,2026-08-15,635,1.0,50.0,105.0,55.0,0.47619047619047616,False
DON_Djo_02,Alfa-Kpara,DONGA,P2AE_Fouille_BT,2026-04-08,506,45.0,45.0,71.0,26.0,0.6338028169014085,False
DON_Djo_02,Alfa-Kpara,DONGA,P2AE_Fouille_BT,2026-04-20,518,0.0,45.0,71.0,26.0,0.6338028169014085,False
DON_Djo_02,Alfa-Kpara,DONGA,P2AE_PBA_BT,2026-04-08,506,42.0,42.0,71.0,29.0,0.5915492957746479,False
DON_Djo_02,Alfa-Kpara,DONGA,P2AE_PBA_BT,2026-04-20,518,0.0,42.0,71.0,29.0,0.5915492957746479,False
DON_Djo_03,Vanhoui,DONGA,P2AE_Fouille_BT,2026-04-08,506,164.0,164.0,176.0,12.0,0.9318181818181818,False
DON_Djo_03,Vanhoui,DONGA,P2AE_Fouille_BT,2026-04-20,518,0.0,164.0,176.0,12.0,0.9318181818181818,False
DON_Djo_03,Vanhoui,DONGA,P2AE_PBA_BT,2026-04-08,506,160.0,160.0,176.0,16.0,0.9090909090909091,False
DON_Djo_03,Vanhoui,DONGA,P2AE_PBA_BT,2026-04-20,518,0.0,160.0,176.0,16.0,0.9090909090909091,False
DON_Djo_04,Nagatchori,DONGA,P2AE_Fouille_BT,2026-04-08,506,77.0,77.0,94.0,17.0,0.8191489361702128,False
DON_Djo_04,Nagatchori,DONGA,P2AE_Fouille_BT,2026-04-20,518,0.0,77.0,94.0,17.0,0.8191489361702128,False
DON_Djo_04,Nagatchori,DONGA,P2AE_IACM,2026-08-22,642,1.0,1.0,1.0,0.0,1.0,False
DON_Djo_04,Nagatchori,DONGA,P2AE_PBA_BT,2026-04-08,506,75.0,75.0,94.0,19.0,0.7978723404255319,False
DON_Djo_04,Nagatchori,DONGA,P2AE_PBA_BT,2026-04-20,518,0.0,75.0,94.0,19.0,0.7978723404255319,False
DON_Djo_04,Nagatchori,DONGA,P2AE_PBA_BT,2026-08-15,635,15.0,90.0,94.0,4.0,0.9574468085106383,False
DON_Djo_04,Nagatchori,DONGA,P2AE_PBA_BT,2026-08-22,642,1.0,91.0,94.0,3.0,0.9680851063829787,False
DON_Djo_04,Nagatchori,DONGA,P2AE_PBA_HTA,2026-08-15,635,22.0,22.0,27.0,5.0,0.8148148148148148,False
DON_Djo_05,Danogou,DONGA,P2AE_Fouille_BT,2026-04-08,506,0.0,0.0,76.0,76.0,0.0,True
DON_Djo_05,Danogou,DONGA,P2AE_Fouille_BT,2026-04-20,518,-1.0,0.0,76.0,76.0,0.0,False
DON_Djo_05,Danogou,DONGA,P2AE_Fouille_HTA,2026-04-08,506,1.0,1.0,28.0,27.0,0.03571428571428571,False
DON_Djo_05,Danogou,DONGA,P2AE_Fouille_HTA,2026-04-20,518,0.0,1.0,28.0,27.0,0.03571428571428571,False
DON_Djo_05,Danogou,DONGA,P2AE_PBA_BT,2026-04-08,506,74.0,74.0,75.0,1.0,0.9866666666666667,False
DON_Djo_05,Danogou,DONGA,P2AE_PBA_BT,2026-04-20,518,0.0,74.0,75.0,1.0,0.9866666666666667,False
DON_Djo_05,Danogou,DONGA,P2AE_PBA_HTA,2026-04-08,506,2.0,2.0,29.0,27.0,0.06896551724137931,False
DON_Djo_05,Danogou,DONGA,P2AE_PBA_HTA,2026-04-20,518,0.0,2.0,29.0,27.0,0.06896551724137931,False
DON_Djo_05,Danogou,DONGA,P2AE_PBA_HTA,2026-08-15,635,1.0,3.0,29.0,26.0,0.10344827586206896,False
DON_Oua_01,Bohomdo,DONGA,P2AE_Fouille_BT,2026-07-25,614,39.0,39.0,110.0,71.0,0.35454545454545455,False
DON_Oua_01,Bohomdo,DONGA,P2AE_PBA_BT,2026-07-25,614,22.0,22.0,106.0,84.0,0.20754716981132076,False
DON_Oua_01,Bohomdo,DONGA,P2AE_PBA_BT,2026-08-15,635,18.0,40.0,106.0,66.0,0.37735849056603776,False
DON_Oua_01,Bohomdo,DONGA,P2AE_PBA_BT,2026-08-22,642,23.0,63.0,106.0,43.0,0.5943396226415094,False
DON_Oua_01,Bohomdo,DONGA,P2AE_PBA_HTA,2026-08-15,635,1.0,1.0,14.0,13.0,0.07142857142857142,False
DON_Oua_02,Komtcha,DONGA,P2AE_Fouille_BT,2026-08-02,622,50.0,50.0,74.0,24.0,0.6756756756756757,False
DON_Oua_02,Komtcha,DONGA,P2AE_PBA_BT,2026-07-25,614,50.0,50.0,74.0,24.0,0.6756756756756757,False
DON_Oua_02,Komtcha,DONGA,P2AE_PBA_BT,2026-08-15,635,8.0,58.0,74.0,16.0,0.7837837837837838,False
DON_Oua_02,Komtcha,DONGA,P2AE_PBA_BT,2026-08-22,642,11.0,69.0,74.0,5.0,0.9324324324324325,False
DON_Oua_02,Komtcha,DONGA,P2AE_PBA_HTA,2026-08-15,635,2.0,2.0,11.0,9.0,0.18181818181818182,False
DON_Oua_03,Itchodè,DONGA,P2AE_Fouille_BT,2026-07-25,614,24.0,24.0,134.0,110.0,0.1791044776119403,False
DON_Oua_03,Itchodè,DONGA,P2AE_Fouille_BT,2026-08-02,622,7.0,31.0,134.0,103.0,0.23134328358208955,False
DON_Oua_03,Itchodè,DONGA,P2AE_PBA_BT,2026-07-25,614,24.0,24.0,114.0,90.0,0.21052631578947367,False
DON_Oua_03,Itchodè,DONGA,P2AE_PBA_BT,2026-08-01,621,7.0,31.0,114.0,83.0,0.2719298245614035,False
DON_Oua_03,Itchodè,DONGA,P2AE_PBA_BT,2026-08-09,629,23.0,54.0,114.0,60.0,0.47368421052631576,False
DON_Oua_03,Itchodè,DONGA,P2AE_PBA_BT,2026-08-15,635,29.0,83.0,114.0,31.0,0.7280701754385965,False
DON_Oua_03,Itchodè,DONGA,P2AE_PBA_HTA,2026-08-15,635,2.0,2.0,5.0,3.0,0.4,False
DON_Oua_04,Talina,DONGA,P2AE_Fouille_BT,2026-08-01,621,46.0,46.0,199.0,153.0,0.23115577889447236,False
DON_Oua_04,Talina,DONGA,P2AE_PBA_BT,2026-07-25,614,37.0,37.0,194.0,157.0,0.19072164948453607,False
DON_Oua_04,Talina,DONGA,P2AE_PBA_BT,2026-08-01,621,9.0,46.0,194.0,148.0,0.23711340206185566,False
DON_Oua_04,Talina,DONGA,P2AE_PBA_BT,2026-08-09,629,5.0,51.0,194.0,143.0,0.26288659793814434,False
DON_Oua_04,Talina,DONGA,P2AE_PBA_BT,2026-08-15,635,48.0,99.0,194.0,95.0,0.5103092783505154,False
DON_Oua_04,Talina,DONGA,P2AE_PBA_BT,2026-08-22,642,12.0,111.0,194.0,83.0,0.5721649484536082,False
DON_Oua_04,Talina,DONGA,P2AE_PBA_HTA,2026-08-15,635,4.0,4.0,21.0,17.0,0.19047619047619047,False
