Departement,Semaine,Num_Semaine,Jours_Ecoules_Depuis_Debut_Chantier,Jours_Avant_Fin_Contractuelle,Avancement_HTA_%,Avancement_BT_%,Avancement,Avancement_Theorique_Global_pct,Ecart_Avancement_Global_pct
ALIBORI,2026-04-13,S16-2026,511.0,159.0,5.0,30.0,20.0,76.26865671641791,-56.26865671641791
ALIBORI,2026-04-20,S17-2026,518.0,152.0,6.0,31.01,21.02,77.31343283582089,-56.293432835820894
ALIBORI,2026-04-27,S18-2026,525.0,145.0,6.01,33.01,22.01,78.35820895522389,-56.34820895522388
ALIBORI,2026-05-04,S19-2026,532.0,138.0,7.0,36.8,24.01,79.40298507462687,-55.392985074626864
ALIBORI,2026-05-11,S20-2026,539.0,131.0,9.01,36.8,25.32,80.44776119402985,-55.12776119402985
ALIBORI,2026-05-18,S21-2026,546.0,124.0,10.58,36.8,26.32,81.49253731343283,-55.172537313432834
ALIBORI,2026-05-25,S22-2026,553.0,117.0,16.24,41.7,30.55,82.53731343283582,-51.98731343283582
ALIBORI,2026-06-01,S23-2026,560.0,110.0,21.02,43.5,33.7,83.58208955223881,-49.88208955223881
ALIBORI,2026-06-08,S24-2026,567.0,103.0,26.36,43.91,36.18,84.6268656716418,-48.4468656716418
ALIBORI,2026-06-15,S25-2026,574.0,96.0,26.27,45.45,37.09,85.67164179104478,-48.58164179104477
ALIBORI,2026-06-22,S26-2026,581.0,89.0,26.27,48.73,38.91,86.71641791044776,-47.80641791044776
ALIBORI,2026-06-29,S27-2026,588.0,82.0,26.27,48.73,38.91,87.76119402985074,-48.851194029850745
ALIBORI,2026-07-06,S28-2026,595.0,75.0,26.27,50.27,39.73,88.80597014925372,-49.07597014925373
ALIBORI,2026-07-13,S29-2026,602.0,68.0,27.73,51.18,40.91,89.85074626865672,-48.94074626865672
ALIBORI,2026-07-20,S30-2026,609.0,61.0,31.73,52.64,43.64,90.8955223880597,-47.2555223880597
ALIBORI,2026-07-27,S31-2026,616.0,54.0,37.09,51.91,45.45,91.94029850746269,-46.49029850746268
ALIBORI,2026-08-03,S32-2026,623.0,47.0,37.09,56.64,48.09,92.98507462686568,-44.895074626865664
ALIBORI,2026-08-10,S33-2026,630.0,40.0,43.73,58.18,51.91,94.02985074626864,-42.11985074626865
ALIBORI,2026-08-17,S34-2026,637.0,33.0,43.82,61.82,54.0,95.07462686567165,-41.07462686567165
ALIBORI,2026-08-24,S35-2026,644.0,26.0,43.82,61.82,54.0,96.11940298507464,-42.11940298507463
ATACORA,2026-04-13,S16-2026,511.0,124.0,5.0,44.0,31.0,80.4724409448819,-49.472440944881896
ATACORA,2026-04-20,S17-2026,518.0,117.0,7.0,46.0,33.0,81.5748031496063,-48.574803149606296
ATACORA,2026-04-27,S18-2026,525.0,110.0,7.01,49.01,34.02,82.67716535433071,-48.65716535433071
ATACORA,2026-05-04,S19-2026,532.0,103.0,8.01,53.02,37.01,83.77952755905511,-46.76952755905511
ATACORA,2026-05-11,S20-2026,539.0,96.0,11.01,55.01,37.34,84.88188976377953,-47.54188976377952
ATACORA,2026-05-18,S21-2026,546.0,89.0,11.0,55.0,37.34,85.98425196850394,-48.64425196850394
ATACORA,2026-05-25,S22-2026,553.0,82.0,12.21,55.12,41.0,87.08661417322834,-46.08661417322834
ATACORA,2026-06-01,S23-2026,560.0,75.0,17.6,56.5,44.0,88.18897637795276,-44.18897637795276
ATACORA,2026-06-08,S24-2026,567.0,68.0,18.5,57.86,45.64,89.29133858267717,-43.65133858267717
ATACORA,2026-06-15,S25-2026,574.0,61.0,21.79,59.29,47.86,90.39370078740156,-42.53370078740157
ATACORA,2026-06-22,S26-2026,581.0,54.0,21.79,60.29,48.43,91.496062992126,-43.06606299212599
ATACORA,2026-06-29,S27-2026,588.0,47.0,21.79,61.36,48.93,92.5984251968504,-43.6684251968504
ATACORA,2026-07-06,S28-2026,595.0,40.0,29.93,61.93,52.86,93.7007874015748,-40.8407874015748
ATACORA,2026-07-13,S29-2026,602.0,33.0,36.86,62.64,56.21,94.8031496062992,-38.593149606299214
ATACORA,2026-07-20,S30-2026,609.0,26.0,36.86,62.64,56.21,95.90551181102362,-39.695511811023614
ATACORA,2026-07-27,S31-2026,616.0,19.0,40.86,65.21,59.43,97.00787401574804,-37.57787401574803
ATACORA,2026-08-03,S32-2026,623.0,12.0,41.71,67.71,62.29,98.11023622047244,-35.820236220472445
ATACORA,2026-08-10,S33-2026,630.0,5.0,47.64,69.0,65.71,99.21259842519684,-33.50259842519685
ATACORA,2026-08-17,S34-2026,637.0,-2.0,49.93,70.71,67.86,100.0,-32.14
ATACORA,2026-08-24,S35-2026,644.0,-9.0,49.93,70.71,67.86,100.0,-32.14
BORGOU,2026-04-13,S16-2026,511.0,215.0,0.0,20.0,12.0,70.38567493112947,-58.38567493112947
BORGOU,2026-04-20,S17-2026,518.0,208.0,0.0,21.0,12.0,71.34986225895317,-59.349862258953166
BORGOU,2026-04-27,S18-2026,525.0,201.0,0.55,22.05,13.01,72.31404958677686,-59.30404958677686
BORGOU,2026-05-04,S19-2026,532.0,194.0,0.55,24.01,14.01,73.27823691460055,-59.26823691460056
BORGOU,2026-05-11,S20-2026,539.0,187.0,1.05,24.02,14.01,74.24242424242425,-60.23242424242425
BORGOU,2026-05-18,S21-2026,546.0,180.0,1.05,24.88,14.41,75.20661157024793,-60.79661157024793
BORGOU,2026-05-25,S22-2026,553.0,173.0,1.05,27.53,15.59,76.17079889807162,-60.58079889807162
BORGOU,2026-06-01,S23-2026,560.0,166.0,2.01,28.01,17.01,77.13498622589532,-60.12498622589531
BORGOU,2026-06-08,S24-2026,567.0,159.0,2.5,29.12,18.0,78.09917355371901,-60.09917355371901
BORGOU,2026-06-15,S25-2026,574.0,152.0,3.25,30.75,19.25,79.0633608815427,-59.81336088154271
BORGOU,2026-06-22,S26-2026,581.0,145.0,3.88,32.06,20.38,80.02754820936639,-59.64754820936639
BORGOU,2026-06-29,S27-2026,588.0,138.0,5.06,32.88,21.38,80.99173553719008,-59.611735537190086
BORGOU,2026-07-06,S28-2026,595.0,131.0,5.81,35.19,23.06,81.95592286501378,-58.89592286501377
BORGOU,2026-07-13,S29-2026,602.0,124.0,7.69,44.31,29.06,82.92011019283747,-53.86011019283747
BORGOU,2026-07-20,S30-2026,609.0,117.0,12.44,46.44,32.31,83.88429752066116,-51.57429752066116
BORGOU,2026-07-27,S31-2026,616.0,110.0,14.0,50.31,35.19,84.84848484848484,-49.65848484848485
BORGOU,2026-08-03,S32-2026,623.0,103.0,17.19,50.87,36.81,85.81267217630854,-49.002672176308536
BORGOU,2026-08-10,S33-2026,630.0,96.0,19.0,51.88,38.56,86.77685950413223,-48.21685950413223
BORGOU,2026-08-17,S34-2026,637.0,89.0,21.56,52.38,40.06,87.74104683195593,-47.681046831955925
BORGOU,2026-08-24,S35-2026,644.0,82.0,21.56,52.38,40.06,88.70523415977961,-48.645234159779605
DONGA,2026-04-13,S16-2026,511.0,46.0,0.0,13.0,7.0,91.74147217235188,-84.74147217235189
DONGA,2026-04-20,S17-2026,518.0,39.0,0.0,14.0,8.0,92.99820466786356,-84.99820466786356
DONGA,2026-04-27,S18-2026,525.0,32.0,0.86,15.97,9.29,94.25493716337522,-84.96493716337523
DONGA,2026-05-04,S19-2026,532.0,25.0,0.79,16.5,9.57,95.51166965888687,-85.9416696588869
DONGA,2026-05-11,S20-2026,539.0,18.0,0.79,16.5,9.57,96.76840215439856,-87.19840215439856
DONGA,2026-05-18,S21-2026,546.0,11.0,0.79,16.5,9.57,98.02513464991024,-88.45513464991024
DONGA,2026-05-25,S22-2026,553.0,4.0,0.79,16.5,9.57,99.2818671454219,-89.7118671454219
DONGA,2026-06-01,S23-2026,560.0,-3.0,0.79,16.5,9.57,100.0,-90.43
DONGA,2026-06-08,S24-2026,567.0,-10.0,0.79,16.5,9.57,100.0,-90.43
DONGA,2026-06-15,S25-2026,574.0,-17.0,0.79,16.5,9.57,100.0,-90.43
DONGA,2026-06-22,S26-2026,581.0,-24.0,0.79,16.5,9.57,100.0,-90.43
DONGA,2026-06-29,S27-2026,588.0,-31.0,0.86,16.5,9.64,100.0,-90.36
DONGA,2026-07-06,S28-2026,595.0,-38.0,0.86,16.5,9.64,100.0,-90.36
DONGA,2026-07-13,S29-2026,602.0,-45.0,1.64,19.21,11.57,100.0,-88.43
DONGA,2026-07-20,S30-2026,609.0,-52.0,1.64,22.5,13.36,100.0,-86.64
DONGA,2026-07-27,S31-2026,616.0,-59.0,2.71,27.29,16.43,100.0,-83.57
DONGA,2026-08-03,S32-2026,623.0,-66.0,4.64,28.79,18.21,100.0,-81.78999999999999
DONGA,2026-08-10,S33-2026,630.0,-73.0,4.64,28.79,18.21,100.0,-81.78999999999999
DONGA,2026-08-17,S34-2026,637.0,-80.0,9.93,34.86,23.93,100.0,-76.07
DONGA,2026-08-24,S35-2026,644.0,-87.0,9.93,34.86,23.93,100.0,-76.07
TOUTES,2026-04-13,S16-2026,,,4.0,28.0,19.0,,
TOUTES,2026-04-20,S17-2026,,,5.01,29.02,20.01,,
TOUTES,2026-04-27,S18-2026,,,6.1,31.7,21.44,,
TOUTES,2026-05-04,S19-2026,,,6.0,34.01,23.02,,
TOUTES,2026-05-11,S20-2026,,,6.0,35.0,23.4,,
TOUTES,2026-05-18,S21-2026,,,6.73,35.33,23.59,,
TOUTES,2026-05-25,S22-2026,,,8.57,35.45,25.0,,
TOUTES,2026-06-01,S23-2026,,,9.69,35.65,25.5,,
TOUTES,2026-06-08,S24-2026,,,10.91,36.18,26.53,,
TOUTES,2026-06-15,S25-2026,,,11.95,37.33,27.64,,
TOUTES,2026-06-22,S26-2026,,,12.13,38.62,28.47,,
TOUTES,2026-06-29,S27-2026,,,12.49,39.13,28.91,,
TOUTES,2026-07-06,S28-2026,,,14.78,40.25,30.56,,
TOUTES,2026-07-13,S29-2026,,,17.58,43.96,33.89,,
TOUTES,2026-07-20,S30-2026,,,19.76,45.71,35.84,,
TOUTES,2026-07-27,S31-2026,,,22.58,48.56,38.64,,
TOUTES,2026-08-03,S32-2026,,,24.22,50.69,40.82,,
TOUTES,2026-08-10,S33-2026,,,27.58,51.62,42.96,,
TOUTES,2026-08-17,S34-2026,,,30.27,54.47,45.82,,
TOUTES,2026-08-24,S35-2026,,,30.27,54.47,45.82,,
